train_id,date,time,station_id,coach_capacity,current_passengers,occupancy_percentage,crowd_level
DEL-YE-OCC00001,2024-10-01,10:53,DEL019,3040,1762,58.0,Medium
DEL-YE-OCC00001,2024-10-01,10:35,DEL005,3040,2502,82.3,High
DEL-YE-OCC00001,2024-10-01,10:46,DEL010,3040,1458,48.0,Medium
DEL-YE-OCC00001,2024-10-01,10:41,DEL025,3040,2986,98.2,High
DEL-YE-OCC00001,2024-10-01,10:16,DEL008,3040,1598,52.6,Medium
DEL-YE-OCC00001,2024-10-01,10:44,DEL013,3040,1797,59.1,Medium
DEL-YE-OCC00002,2024-10-01,18:53,DEL007,2560,1973,77.1,Medium
DEL-YE-OCC00002,2024-10-01,18:16,DEL012,2560,3103,121.2,Critical
DEL-YE-OCC00002,2024-10-01,18:06,DEL033,2560,1928,75.3,Medium
DEL-YE-OCC00002,2024-10-01,18:06,DEL009,2560,2151,84.1,High
DEL-YE-OCC00002,2024-10-01,18:00,DEL005,2560,2047,80.0,Medium
DEL-YE-OCC00003,2024-10-01,15:17,DEL027,3040,1347,44.3,Low
DEL-YE-OCC00003,2024-10-01,15:06,DEL009,3040,1852,60.9,Medium
DEL-YE-OCC00003,2024-10-01,15:36,DEL023,3040,820,27.0,Low
DEL-YE-OCC00003,2024-10-01,15:12,DEL005,3040,1057,34.8,Low
DEL-YE-OCC00003,2024-10-01,15:17,DEL024,3040,986,32.4,Low
DEL-YE-OCC00004,2024-10-05,16:15,DEL012,2560,3067,119.8,Critical
DEL-YE-OCC00004,2024-10-05,16:27,DEL016,2560,1121,43.8,Low
DEL-YE-OCC00004,2024-10-05,16:55,DEL004,2560,1238,48.4,Medium
DEL-YE-OCC00005,2024-10-05,19:34,DEL031,2560,2521,98.5,High
DEL-YE-OCC00005,2024-10-05,19:53,DEL028,2560,2366,92.4,High
DEL-YE-OCC00005,2024-10-05,19:07,DEL011,2560,2097,81.9,High
DEL-YE-OCC00005,2024-10-05,19:08,DEL029,2560,2958,115.6,Critical
DEL-YE-OCC00005,2024-10-05,19:58,DEL021,2560,2334,91.2,High
DEL-YE-OCC00006,2024-10-05,19:11,DEL028,1920,2148,111.9,Critical
DEL-YE-OCC00006,2024-10-05,19:29,DEL008,1920,713,37.1,Low
DEL-YE-OCC00006,2024-10-05,19:27,DEL037,1920,2341,122.0,Critical
DEL-YE-OCC00006,2024-10-05,19:07,DEL021,1920,2077,108.2,Critical
DEL-YE-OCC00006,2024-10-05,19:28,DEL006,1920,2688,140,Critical
DEL-YE-OCC00006,2024-10-05,19:33,DEL009,1920,733,38.2,Low
DEL-YE-OCC00007,2024-10-09,11:36,DEL031,2100,523,24.9,Low
DEL-YE-OCC00007,2024-10-09,11:39,DEL035,2100,1359,64.7,Medium
DEL-YE-OCC00007,2024-10-09,11:20,DEL015,2100,2204,105.0,High
DEL-YE-OCC00007,2024-10-09,11:02,DEL026,2100,725,34.6,Low
DEL-YE-OCC00007,2024-10-09,11:12,DEL004,2100,843,40.2,Low
DEL-YE-OCC00008,2024-10-09,06:28,DEL027,2800,501,17.9,Low
DEL-YE-OCC00008,2024-10-09,06:24,DEL012,2800,2487,88.8,High
DEL-YE-OCC00008,2024-10-09,06:47,DEL002,2800,826,29.5,Low
DEL-YE-OCC00009,2024-10-09,19:14,DEL029,2800,2656,94.9,High
DEL-YE-OCC00009,2024-10-09,19:28,DEL035,2800,2833,101.2,High
DEL-YE-OCC00009,2024-10-09,19:11,DEL014,2800,3040,108.6,Critical
DEL-YE-OCC00010,2024-10-13,22:33,DEL002,2280,645,28.3,Low
DEL-YE-OCC00010,2024-10-13,22:43,DEL010,2280,556,24.4,Low
DEL-YE-OCC00010,2024-10-13,22:50,DEL030,2280,581,25.5,Low
DEL-YE-OCC00010,2024-10-13,22:20,DEL018,2280,2009,88.1,High
DEL-YE-OCC00010,2024-10-13,22:18,DEL012,2280,2004,87.9,High
DEL-YE-OCC00010,2024-10-13,22:32,DEL005,2280,693,30.4,Low
DEL-YE-OCC00011,2024-10-13,14:44,DEL007,2560,1390,54.3,Medium
DEL-YE-OCC00011,2024-10-13,14:23,DEL023,2560,566,22.1,Low
DEL-YE-OCC00011,2024-10-13,14:47,DEL037,2560,1268,49.6,Medium
DEL-YE-OCC00011,2024-10-13,14:26,DEL005,2560,1190,46.5,Medium
DEL-YE-OCC00011,2024-10-13,14:45,DEL002,2560,678,26.5,Low
DEL-YE-OCC00012,2024-10-13,05:09,DEL008,2560,246,9.6,Low
DEL-YE-OCC00012,2024-10-13,05:39,DEL006,2560,252,9.8,Low
DEL-YE-OCC00012,2024-10-13,05:15,DEL036,2560,336,13.1,Low
DEL-YE-OCC00012,2024-10-13,05:30,DEL021,2560,312,12.2,Low
DEL-YE-OCC00013,2024-10-17,23:29,DEL007,2100,236,11.3,Low
DEL-YE-OCC00013,2024-10-17,23:46,DEL031,2100,239,11.4,Low
DEL-YE-OCC00013,2024-10-17,23:57,DEL001,2100,497,23.7,Low
DEL-YE-OCC00014,2024-10-17,12:13,DEL022,2560,1256,49.1,Medium
DEL-YE-OCC00014,2024-10-17,12:42,DEL035,2560,1203,47.0,Medium
DEL-YE-OCC00014,2024-10-17,12:23,DEL004,2560,456,17.8,Low
DEL-YE-OCC00015,2024-10-17,11:54,DEL028,1920,852,44.4,Low
DEL-YE-OCC00015,2024-10-17,11:13,DEL034,1920,726,37.9,Low
DEL-YE-OCC00015,2024-10-17,11:56,DEL002,1920,624,32.5,Low
DEL-YE-OCC00016,2024-10-21,05:18,DEL005,2560,259,10.1,Low
DEL-YE-OCC00016,2024-10-21,05:24,DEL027,2560,214,8.4,Low
DEL-YE-OCC00016,2024-10-21,05:57,DEL030,2560,251,9.8,Low
DEL-YE-OCC00016,2024-10-21,05:15,DEL034,2560,270,10.5,Low
DEL-YE-OCC00016,2024-10-21,05:31,DEL033,2560,220,8.6,Low
DEL-YE-OCC00017,2024-10-21,15:20,DEL031,3040,1327,43.7,Low
DEL-YE-OCC00017,2024-10-21,15:07,DEL014,3040,827,27.2,Low
DEL-YE-OCC00017,2024-10-21,15:47,DEL012,3040,3142,103.4,High
DEL-YE-OCC00017,2024-10-21,15:17,DEL005,3040,1139,37.5,Low
DEL-YE-OCC00017,2024-10-21,15:45,DEL029,3040,799,26.3,Low
DEL-YE-OCC00017,2024-10-21,15:40,DEL015,3040,2248,74.0,Medium
DEL-YE-OCC00018,2024-10-21,10:24,DEL011,2560,2826,110.4,Critical
DEL-YE-OCC00018,2024-10-21,10:50,DEL029,2560,1154,45.1,Medium
DEL-YE-OCC00018,2024-10-21,10:41,DEL021,2560,2032,79.4,Medium
DEL-YE-OCC00018,2024-10-21,10:14,DEL019,2560,1170,45.7,Medium
DEL-YE-OCC00018,2024-10-21,10:33,DEL004,2560,1385,54.1,Medium
DEL-YE-OCC00019,2024-10-25,19:06,DEL032,3040,3821,125.7,Critical
DEL-YE-OCC00019,2024-10-25,19:18,DEL012,3040,3832,126.1,Critical
DEL-YE-OCC00019,2024-10-25,19:52,DEL023,3040,3346,110.1,Critical
DEL-YE-OCC00019,2024-10-25,19:35,DEL029,3040,4256,140,Critical
DEL-YE-OCC00019,2024-10-25,19:31,DEL008,3040,1569,51.6,Medium
DEL-YE-OCC00020,2024-10-25,20:43,DEL016,1920,1519,79.1,Medium
DEL-YE-OCC00020,2024-10-25,20:02,DEL035,1920,1471,76.6,Medium
DEL-YE-OCC00020,2024-10-25,20:31,DEL030,1920,1690,88.1,High
DEL-YE-OCC00020,2024-10-25,20:48,DEL010,1920,1594,83.0,High
DEL-YE-OCC00020,2024-10-25,20:08,DEL025,1920,1246,64.9,Medium
DEL-YE-OCC00020,2024-10-25,20:34,DEL018,1920,1648,85.9,High
DEL-YE-OCC00021,2024-10-25,09:54,DEL034,2560,2367,92.5,High
DEL-YE-OCC00021,2024-10-25,09:57,DEL035,2560,3253,127.1,Critical
DEL-YE-OCC00021,2024-10-25,09:30,DEL010,2560,2886,112.8,Critical
DEL-YE-OCC00021,2024-10-25,09:22,DEL005,2560,3584,140,Critical
DEL-YE-OCC00021,2024-10-25,09:29,DEL018,2560,2118,82.8,High
DEL-YE-OCC00021,2024-10-25,09:38,DEL016,2560,3413,133.3,Critical
DEL-YE-OCC00022,2024-10-29,13:45,DEL017,2280,1304,57.2,Medium
DEL-YE-OCC00022,2024-10-29,13:18,DEL019,2280,625,27.4,Low
DEL-YE-OCC00022,2024-10-29,13:33,DEL020,2280,585,25.7,Low
DEL-YE-OCC00022,2024-10-29,13:11,DEL028,2280,894,39.2,Low
DEL-YE-OCC00022,2024-10-29,13:23,DEL007,2280,1267,55.6,Medium
DEL-YE-OCC00023,2024-10-29,18:54,DEL012,2800,3831,136.8,Critical
DEL-YE-OCC00023,2024-10-29,18:37,DEL022,2800,2150,76.8,Medium
DEL-YE-OCC00023,2024-10-29,18:56,DEL034,2800,2084,74.4,Medium
DEL-YE-OCC00024,2024-10-29,10:03,DEL015,3040,2670,87.8,High
DEL-YE-OCC00024,2024-10-29,10:03,DEL004,3040,1799,59.2,Medium
DEL-YE-OCC00024,2024-10-29,10:16,DEL014,3040,2067,68.0,Medium
DEL-YE-OCC00025,2024-11-02,08:37,DEL012,2280,2668,117.1,Critical
DEL-YE-OCC00025,2024-11-02,08:43,DEL029,2280,1886,82.7,High
DEL-YE-OCC00025,2024-11-02,08:50,DEL034,2280,2627,115.2,Critical
DEL-YE-OCC00025,2024-11-02,08:43,DEL035,2280,1566,68.7,Medium
DEL-YE-OCC00025,2024-11-02,08:10,DEL032,2280,2607,114.4,Critical
DEL-YE-OCC00025,2024-11-02,08:40,DEL026,2280,2881,126.4,Critical
DEL-YE-OCC00026,2024-11-02,21:38,DEL027,1920,1172,61.0,Medium
DEL-YE-OCC00026,2024-11-02,21:22,DEL011,1920,1019,53.1,Medium
DEL-YE-OCC00026,2024-11-02,21:42,DEL018,1920,1981,103.2,High
DEL-YE-OCC00026,2024-11-02,21:42,DEL015,1920,1533,79.9,Medium
DEL-YE-OCC00026,2024-11-02,21:07,DEL022,1920,1020,53.2,Medium
DEL-YE-OCC00027,2024-11-02,08:45,DEL026,2800,3776,134.9,Critical
DEL-YE-OCC00027,2024-11-02,08:46,DEL012,2800,2702,96.5,High
DEL-YE-OCC00027,2024-11-02,08:22,DEL011,2800,2207,78.9,Medium
DEL-YE-OCC00027,2024-11-02,08:59,DEL019,2800,3116,111.3,Critical
DEL-YE-OCC00028,2024-11-06,05:24,DEL004,3040,366,12.1,Low
DEL-YE-OCC00028,2024-11-06,05:26,DEL025,3040,285,9.4,Low
DEL-YE-OCC00028,2024-11-06,05:26,DEL029,3040,410,13.5,Low
DEL-YE-OCC00029,2024-11-06,16:28,DEL005,2280,1466,64.3,Medium
DEL-YE-OCC00029,2024-11-06,16:23,DEL027,2280,1384,60.7,Medium
DEL-YE-OCC00029,2024-11-06,16:52,DEL033,2280,1193,52.4,Medium
DEL-YE-OCC00029,2024-11-06,16:07,DEL010,2280,1182,51.8,Medium
DEL-YE-OCC00029,2024-11-06,16:54,DEL028,2280,1412,62.0,Medium
DEL-YE-OCC00030,2024-11-06,18:01,DEL017,3040,3897,128.2,Critical
DEL-YE-OCC00030,2024-11-06,18:09,DEL034,3040,3819,125.7,Critical
DEL-YE-OCC00030,2024-11-06,18:25,DEL020,3040,3602,118.5,Critical
DEL-YE-OCC00030,2024-11-06,18:12,DEL022,3040,3427,112.7,Critical
DEL-YE-OCC00030,2024-11-06,18:21,DEL006,3040,3479,114.5,Critical
DEL-YE-OCC00030,2024-11-06,18:01,DEL014,3040,3564,117.2,Critical
DEL-YE-OCC00031,2024-11-10,13:55,DEL031,1920,832,43.3,Low
DEL-YE-OCC00031,2024-11-10,13:20,DEL014,1920,521,27.2,Low
DEL-YE-OCC00031,2024-11-10,13:28,DEL028,1920,833,43.4,Low
DEL-YE-OCC00031,2024-11-10,13:14,DEL016,1920,683,35.6,Low
DEL-YE-OCC00031,2024-11-10,13:39,DEL024,1920,638,33.3,Low
DEL-YE-OCC00031,2024-11-10,13:53,DEL027,1920,1006,52.4,Medium
DEL-YE-OCC00032,2024-11-10,19:20,DEL021,1920,1831,95.4,High
DEL-YE-OCC00032,2024-11-10,19:17,DEL032,1920,2688,140,Critical
DEL-YE-OCC00032,2024-11-10,19:06,DEL009,1920,928,48.4,Medium
DEL-YE-OCC00032,2024-11-10,19:21,DEL024,1920,1932,100.6,High
DEL-YE-OCC00032,2024-11-10,19:25,DEL010,1920,2211,115.2,Critical
DEL-YE-OCC00033,2024-11-10,18:51,DEL015,2280,2737,120.1,Critical
DEL-YE-OCC00033,2024-11-10,18:05,DEL022,2280,2458,107.8,Critical
DEL-YE-OCC00033,2024-11-10,18:04,DEL004,2280,2763,121.2,Critical
DEL-YE-OCC00033,2024-11-10,18:03,DEL005,2280,1901,83.4,High
DEL-YE-OCC00034,2024-11-14,06:01,DEL013,2560,738,28.8,Low
DEL-YE-OCC00034,2024-11-14,06:07,DEL031,2560,1648,64.4,Medium
DEL-YE-OCC00034,2024-11-14,06:03,DEL017,2560,475,18.6,Low
DEL-YE-OCC00034,2024-11-14,06:47,DEL011,2560,496,19.4,Low
DEL-YE-OCC00034,2024-11-14,06:39,DEL002,2560,639,25.0,Low
DEL-YE-OCC00034,2024-11-14,06:52,DEL014,2560,1077,42.1,Low
DEL-YE-OCC00035,2024-11-14,09:58,DEL010,3040,2425,79.8,Medium
DEL-YE-OCC00035,2024-11-14,09:05,DEL002,3040,3747,123.3,Critical
DEL-YE-OCC00035,2024-11-14,09:49,DEL030,3040,2440,80.3,High
DEL-YE-OCC00035,2024-11-14,09:24,DEL012,3040,3759,123.7,Critical
DEL-YE-OCC00036,2024-11-14,13:30,DEL022,2100,680,32.4,Low
DEL-YE-OCC00036,2024-11-14,13:38,DEL015,2100,2063,98.3,High
DEL-YE-OCC00036,2024-11-14,13:40,DEL024,2100,912,43.5,Low
DEL-YE-OCC00037,2024-11-18,14:55,DEL017,1920,647,33.7,Low
DEL-YE-OCC00037,2024-11-18,14:06,DEL004,1920,447,23.3,Low
DEL-YE-OCC00037,2024-11-18,14:18,DEL001,1920,735,38.3,Low
DEL-YE-OCC00037,2024-11-18,14:59,DEL006,1920,1093,56.9,Medium
DEL-YE-OCC00038,2024-11-18,18:22,DEL037,2800,2215,79.1,Medium
DEL-YE-OCC00038,2024-11-18,18:36,DEL005,2800,2561,91.5,High
DEL-YE-OCC00038,2024-11-18,18:16,DEL009,2800,1730,61.8,Medium
DEL-YE-OCC00038,2024-11-18,18:20,DEL028,2800,2602,92.9,High
DEL-YE-OCC00039,2024-11-18,19:24,DEL024,3040,3925,129.1,Critical
DEL-YE-OCC00039,2024-11-18,19:09,DEL034,3040,3895,128.1,Critical
DEL-YE-OCC00039,2024-11-18,19:19,DEL030,3040,4028,132.5,Critical
DEL-YE-OCC00039,2024-11-18,19:11,DEL009,3040,1537,50.6,Medium
DEL-YE-OCC00040,2024-11-22,12:01,DEL010,2560,633,24.8,Low
DEL-YE-OCC00040,2024-11-22,12:16,DEL015,2560,2643,103.3,High
DEL-YE-OCC00040,2024-11-22,12:14,DEL023,2560,709,27.7,Low
DEL-YE-OCC00041,2024-11-22,12:07,DEL013,2100,485,23.1,Low
DEL-YE-OCC00041,2024-11-22,12:25,DEL023,2100,468,22.3,Low
DEL-YE-OCC00041,2024-11-22,12:12,DEL019,2100,434,20.7,Low
DEL-YE-OCC00042,2024-11-22,05:32,DEL001,2800,379,13.6,Low
DEL-YE-OCC00042,2024-11-22,05:31,DEL022,2800,276,9.9,Low
DEL-YE-OCC00042,2024-11-22,05:00,DEL037,2800,307,11.0,Low
DEL-YE-OCC00042,2024-11-22,05:58,DEL006,2800,273,9.8,Low
DEL-YE-OCC00042,2024-11-22,05:53,DEL016,2800,344,12.3,Low
DEL-YE-OCC00042,2024-11-22,05:32,DEL002,2800,348,12.5,Low
DEL-YE-OCC00043,2024-11-26,08:23,DEL021,2280,1767,77.5,Medium
DEL-YE-OCC00043,2024-11-26,08:08,DEL012,2280,2154,94.5,High
DEL-YE-OCC00043,2024-11-26,08:25,DEL017,2280,2289,100.4,High
DEL-YE-OCC00043,2024-11-26,08:07,DEL033,2280,2066,90.6,High
DEL-YE-OCC00043,2024-11-26,08:38,DEL005,2280,2287,100.3,High
DEL-YE-OCC00044,2024-11-26,10:49,DEL016,3040,2738,90.1,High
DEL-YE-OCC00044,2024-11-26,10:52,DEL030,3040,1681,55.3,Medium
DEL-YE-OCC00044,2024-11-26,10:59,DEL015,3040,3272,107.6,Critical
DEL-YE-OCC00045,2024-11-26,22:19,DEL019,2560,682,26.7,Low
DEL-YE-OCC00045,2024-11-26,22:59,DEL017,2560,1073,41.9,Low
DEL-YE-OCC00045,2024-11-26,22:23,DEL025,2560,1019,39.8,Low
DEL-YE-OCC00045,2024-11-26,22:41,DEL014,2560,1015,39.7,Low
DEL-YE-OCC00045,2024-11-26,22:07,DEL036,2560,846,33.1,Low
DEL-YE-OCC00045,2024-11-26,22:09,DEL024,2560,910,35.6,Low
DEL-YE-OCC00046,2024-11-30,18:16,DEL018,2560,2629,102.7,High
DEL-YE-OCC00046,2024-11-30,18:53,DEL035,2560,2444,95.5,High
DEL-YE-OCC00046,2024-11-30,18:05,DEL011,2560,2032,79.4,Medium
DEL-YE-OCC00047,2024-11-30,05:25,DEL001,2280,281,12.4,Low
DEL-YE-OCC00047,2024-11-30,05:42,DEL034,2280,195,8.6,Low
DEL-YE-OCC00047,2024-11-30,05:59,DEL002,2280,218,9.6,Low
DEL-YE-OCC00047,2024-11-30,05:25,DEL030,2280,297,13.1,Low
DEL-YE-OCC00047,2024-11-30,05:21,DEL011,2280,242,10.6,Low
DEL-YE-OCC00047,2024-11-30,05:18,DEL013,2280,272,12.0,Low
DEL-YE-OCC00048,2024-11-30,13:03,DEL018,1920,2068,107.7,Critical
DEL-YE-OCC00048,2024-11-30,13:06,DEL021,1920,959,50.0,Medium
DEL-YE-OCC00048,2024-11-30,13:49,DEL015,1920,1393,72.6,Medium
DEL-YE-OCC00048,2024-11-30,13:58,DEL037,1920,859,44.8,Low
DEL-YE-OCC00048,2024-11-30,13:23,DEL009,1920,925,48.2,Medium
DEL-YE-OCC00048,2024-11-30,13:57,DEL024,1920,748,39.0,Low
DEL-YE-OCC00049,2024-12-04,17:25,DEL019,2800,1389,49.6,Medium
DEL-YE-OCC00049,2024-12-04,17:37,DEL014,2800,1606,57.4,Medium
DEL-YE-OCC00049,2024-12-04,17:14,DEL001,2800,1851,66.1,Medium
DEL-YE-OCC00049,2024-12-04,17:34,DEL016,2800,1613,57.6,Medium
DEL-YE-OCC00049,2024-12-04,17:02,DEL012,2800,2630,93.9,High
DEL-YE-OCC00050,2024-12-04,12:47,DEL004,2280,551,24.2,Low
DEL-YE-OCC00050,2024-12-04,12:30,DEL022,2280,1065,46.7,Medium
DEL-YE-OCC00050,2024-12-04,12:37,DEL032,2280,470,20.6,Low
DEL-YE-OCC00050,2024-12-04,12:57,DEL019,2280,649,28.5,Low
DEL-YE-OCC00050,2024-12-04,12:20,DEL011,2280,749,32.9,Low
DEL-YE-OCC00050,2024-12-04,12:16,DEL030,2280,439,19.3,Low
DEL-YE-OCC00051,2024-12-04,13:54,DEL021,2800,1022,36.5,Low
DEL-YE-OCC00051,2024-12-04,13:10,DEL024,2800,1473,52.6,Medium
DEL-YE-OCC00051,2024-12-04,13:44,DEL007,2800,1046,37.4,Low
DEL-YE-OCC00052,2024-12-08,19:47,DEL019,2560,3481,136.0,Critical
DEL-YE-OCC00052,2024-12-08,19:59,DEL017,2560,2224,86.9,High
DEL-YE-OCC00052,2024-12-08,19:51,DEL018,2560,3156,123.3,Critical
DEL-YE-OCC00052,2024-12-08,19:10,DEL009,2560,1063,41.5,Low
DEL-YE-OCC00053,2024-12-08,20:01,DEL030,2560,1970,77.0,Medium
DEL-YE-OCC00053,2024-12-08,20:06,DEL013,2560,2042,79.8,Medium
DEL-YE-OCC00053,2024-12-08,20:38,DEL037,2560,2368,92.5,High
DEL-YE-OCC00054,2024-12-08,10:48,DEL006,2800,2658,94.9,High
DEL-YE-OCC00054,2024-12-08,10:27,DEL005,2800,2148,76.7,Medium
DEL-YE-OCC00054,2024-12-08,10:18,DEL030,2800,1413,50.5,Medium
DEL-YE-OCC00055,2024-12-12,10:45,DEL030,3040,1459,48.0,Medium
DEL-YE-OCC00055,2024-12-12,10:05,DEL016,3040,3340,109.9,Critical
DEL-YE-OCC00055,2024-12-12,10:22,DEL017,3040,3451,113.5,Critical
DEL-YE-OCC00055,2024-12-12,10:01,DEL022,3040,2860,94.1,High
DEL-YE-OCC00056,2024-12-12,18:44,DEL019,2100,1739,82.8,High
DEL-YE-OCC00056,2024-12-12,18:03,DEL010,2100,1857,88.4,High
DEL-YE-OCC00056,2024-12-12,18:59,DEL024,2100,2542,121.1,Critical
DEL-YE-OCC00057,2024-12-12,09:10,DEL029,2800,2788,99.6,High
DEL-YE-OCC00057,2024-12-12,09:20,DEL015,2800,3048,108.9,Critical
DEL-YE-OCC00057,2024-12-12,09:26,DEL019,2800,2791,99.7,High
DEL-YE-OCC00057,2024-12-12,09:25,DEL005,2800,2445,87.3,High
DEL-YE-OCC00058,2024-12-16,15:02,DEL017,2560,1314,51.3,Medium
DEL-YE-OCC00058,2024-12-16,15:50,DEL010,2560,654,25.5,Low
DEL-YE-OCC00058,2024-12-16,15:51,DEL025,2560,975,38.1,Low
DEL-YE-OCC00058,2024-12-16,15:12,DEL012,2560,1954,76.4,Medium
DEL-YE-OCC00058,2024-12-16,15:15,DEL022,2560,848,33.1,Low
DEL-YE-OCC00058,2024-12-16,15:32,DEL021,2560,1131,44.2,Low
DEL-YE-OCC00059,2024-12-16,07:13,DEL031,2100,2129,101.4,High
DEL-YE-OCC00059,2024-12-16,07:42,DEL019,2100,1706,81.3,High
DEL-YE-OCC00059,2024-12-16,07:35,DEL012,2100,1659,79.0,Medium
DEL-YE-OCC00060,2024-12-16,18:46,DEL017,2280,2835,124.4,Critical
DEL-YE-OCC00060,2024-12-16,18:40,DEL030,2280,2613,114.6,Critical
DEL-YE-OCC00060,2024-12-16,18:03,DEL008,2280,1580,69.3,Medium
DEL-YE-OCC00060,2024-12-16,18:03,DEL016,2280,1872,82.1,High
DEL-YE-OCC00060,2024-12-16,18:16,DEL011,2280,1758,77.1,Medium
DEL-YE-OCC00060,2024-12-16,18:38,DEL037,2280,2340,102.7,High
DEL-YE-OCC00061,2024-12-20,05:32,DEL031,2280,646,28.3,Low
DEL-YE-OCC00061,2024-12-20,05:30,DEL011,2280,218,9.6,Low
DEL-YE-OCC00061,2024-12-20,05:01,DEL019,2280,298,13.1,Low
DEL-YE-OCC00061,2024-12-20,05:57,DEL017,2280,197,8.7,Low
DEL-YE-OCC00062,2024-12-20,20:20,DEL010,2560,2470,96.5,High
DEL-YE-OCC00062,2024-12-20,20:44,DEL021,2560,2342,91.5,High
DEL-YE-OCC00062,2024-12-20,20:54,DEL022,2560,2784,108.8,Critical
DEL-YE-OCC00062,2024-12-20,20:06,DEL027,2560,2004,78.3,Medium
DEL-YE-OCC00062,2024-12-20,20:54,DEL011,2560,1785,69.8,Medium
DEL-YE-OCC00062,2024-12-20,20:30,DEL036,2560,2614,102.1,High
DEL-YE-OCC00063,2024-12-20,09:47,DEL003,2800,2079,74.3,Medium
DEL-YE-OCC00063,2024-12-20,09:04,DEL001,2800,3030,108.2,Critical
DEL-YE-OCC00063,2024-12-20,09:27,DEL022,2800,3699,132.1,Critical
DEL-YE-OCC00064,2024-12-24,10:13,DEL006,2100,1503,71.6,Medium
DEL-YE-OCC00064,2024-12-24,10:44,DEL008,2100,905,43.1,Low
DEL-YE-OCC00064,2024-12-24,10:44,DEL034,2100,1393,66.4,Medium
DEL-YE-OCC00065,2024-12-24,18:15,DEL036,2100,1743,83.0,High
DEL-YE-OCC00065,2024-12-24,18:11,DEL010,2100,2384,113.5,Critical
DEL-YE-OCC00065,2024-12-24,18:47,DEL030,2100,2674,127.4,Critical
DEL-YE-OCC00066,2024-12-24,07:28,DEL027,1920,915,47.7,Medium
DEL-YE-OCC00066,2024-12-24,07:33,DEL023,1920,1396,72.7,Medium
DEL-YE-OCC00066,2024-12-24,07:06,DEL007,1920,1523,79.4,Medium
DEL-YE-OCC00067,2024-12-28,20:26,DEL008,2560,626,24.5,Low
DEL-YE-OCC00067,2024-12-28,20:54,DEL011,2560,2514,98.2,High
DEL-YE-OCC00067,2024-12-28,20:51,DEL033,2560,1995,77.9,Medium
DEL-YE-OCC00067,2024-12-28,20:33,DEL005,2560,1904,74.4,Medium
DEL-YE-OCC00068,2024-12-28,15:28,DEL034,3040,1128,37.1,Low
DEL-YE-OCC00068,2024-12-28,15:16,DEL022,3040,1665,54.8,Medium
DEL-YE-OCC00068,2024-12-28,15:43,DEL021,3040,1100,36.2,Low
DEL-YE-OCC00068,2024-12-28,15:13,DEL016,3040,1329,43.7,Low
DEL-YE-OCC00069,2024-12-28,18:38,DEL016,1920,2310,120.3,Critical
DEL-YE-OCC00069,2024-12-28,18:35,DEL012,1920,2103,109.6,Critical
DEL-YE-OCC00069,2024-12-28,18:11,DEL026,1920,1990,103.7,High
DEL-BL-OCC00070,2024-10-01,22:43,DEL071,2280,878,38.5,Low
DEL-BL-OCC00070,2024-10-01,22:52,DEL075,2280,803,35.2,Low
DEL-BL-OCC00070,2024-10-01,22:38,DEL081,2280,506,22.2,Low
DEL-BL-OCC00070,2024-10-01,22:39,DEL062,2280,648,28.4,Low
DEL-BL-OCC00070,2024-10-01,22:42,DEL079,2280,816,35.8,Low
DEL-BL-OCC00071,2024-10-01,20:48,DEL016,2100,2136,101.7,High
DEL-BL-OCC00071,2024-10-01,20:49,DEL066,2100,2361,112.5,Critical
DEL-BL-OCC00071,2024-10-01,20:45,DEL086,2100,1710,81.5,High
DEL-BL-OCC00071,2024-10-01,20:46,DEL074,2100,1732,82.5,High
DEL-BL-OCC00071,2024-10-01,20:11,DEL069,2100,2403,114.5,Critical
DEL-BL-OCC00071,2024-10-01,20:31,DEL065,2100,1361,64.8,Medium
DEL-BL-OCC00072,2024-10-01,09:56,DEL043,3040,3603,118.5,Critical
DEL-BL-OCC00072,2024-10-01,09:37,DEL038,3040,3629,119.4,Critical
DEL-BL-OCC00072,2024-10-01,09:57,DEL053,3040,2933,96.5,High
DEL-BL-OCC00072,2024-10-01,09:10,DEL042,3040,2721,89.5,High
DEL-BL-OCC00072,2024-10-01,09:48,DEL077,3040,2343,77.1,Medium
DEL-BL-OCC00072,2024-10-01,09:23,DEL084,3040,2552,84.0,High
DEL-BL-OCC00073,2024-10-05,08:14,DEL043,1920,1633,85.1,High
DEL-BL-OCC00073,2024-10-05,08:29,DEL068,1920,2172,113.2,Critical
DEL-BL-OCC00073,2024-10-05,08:41,DEL075,1920,1918,99.9,High
DEL-BL-OCC00073,2024-10-05,08:53,DEL072,1920,1307,68.1,Medium
DEL-BL-OCC00073,2024-10-05,08:39,DEL052,1920,1758,91.6,High
DEL-BL-OCC00073,2024-10-05,08:32,DEL048,1920,2170,113.1,Critical
DEL-BL-OCC00074,2024-10-05,17:28,DEL079,1920,1140,59.4,Medium
DEL-BL-OCC00074,2024-10-05,17:27,DEL045,1920,1736,90.4,High
DEL-BL-OCC00074,2024-10-05,17:28,DEL058,1920,1343,70.0,Medium
DEL-BL-OCC00074,2024-10-05,17:00,DEL057,1920,1156,60.2,Medium
DEL-BL-OCC00074,2024-10-05,17:18,DEL052,1920,1583,82.4,High
DEL-BL-OCC00074,2024-10-05,17:13,DEL064,1920,1436,74.8,Medium
DEL-BL-OCC00075,2024-10-05,23:08,DEL048,3040,770,25.4,Low
DEL-BL-OCC00075,2024-10-05,23:35,DEL055,3040,300,9.9,Low
DEL-BL-OCC00075,2024-10-05,23:53,DEL066,3040,651,21.4,Low
DEL-BL-OCC00075,2024-10-05,23:03,DEL071,3040,544,17.9,Low
DEL-BL-OCC00075,2024-10-05,23:42,DEL052,3040,351,11.5,Low
DEL-BL-OCC00075,2024-10-05,23:55,DEL068,3040,373,12.3,Low
DEL-BL-OCC00076,2024-10-09,20:01,DEL053,2800,2497,89.2,High
DEL-BL-OCC00076,2024-10-09,20:26,DEL059,2800,2908,103.9,High
DEL-BL-OCC00076,2024-10-09,20:22,DEL082,2800,1178,42.1,Low
DEL-BL-OCC00077,2024-10-09,21:47,DEL060,3040,1765,58.1,Medium
DEL-BL-OCC00077,2024-10-09,21:09,DEL078,3040,1732,57.0,Medium
DEL-BL-OCC00077,2024-10-09,21:52,DEL043,3040,2024,66.6,Medium
DEL-BL-OCC00077,2024-10-09,21:51,DEL046,3040,1278,42.0,Low
DEL-BL-OCC00077,2024-10-09,21:01,DEL073,3040,1411,46.4,Medium
DEL-BL-OCC00078,2024-10-09,20:31,DEL077,2560,2387,93.3,High
DEL-BL-OCC00078,2024-10-09,20:40,DEL079,2560,1785,69.7,Medium
DEL-BL-OCC00078,2024-10-09,20:47,DEL067,2560,1672,65.3,Medium
DEL-BL-OCC00078,2024-10-09,20:38,DEL056,2560,2795,109.2,Critical
DEL-BL-OCC00079,2024-10-13,12:54,DEL058,2280,426,18.7,Low
DEL-BL-OCC00079,2024-10-13,12:29,DEL050,2280,645,28.3,Low
DEL-BL-OCC00079,2024-10-13,12:04,DEL060,2280,646,28.4,Low
DEL-BL-OCC00080,2024-10-13,09:17,DEL084,1920,2680,139.6,Critical
DEL-BL-OCC00080,2024-10-13,09:05,DEL082,1920,1456,75.8,Medium
DEL-BL-OCC00080,2024-10-13,09:58,DEL055,1920,2300,119.8,Critical
DEL-BL-OCC00080,2024-10-13,09:30,DEL050,1920,1688,87.9,High
DEL-BL-OCC00081,2024-10-13,13:41,DEL084,1920,964,50.2,Medium
DEL-BL-OCC00081,2024-10-13,13:22,DEL053,1920,506,26.4,Low
DEL-BL-OCC00081,2024-10-13,13:02,DEL076,1920,490,25.6,Low
DEL-BL-OCC00081,2024-10-13,13:36,DEL042,1920,1061,55.3,Medium
DEL-BL-OCC00082,2024-10-17,09:22,DEL065,1920,1896,98.8,High
DEL-BL-OCC00082,2024-10-17,09:36,DEL046,1920,2350,122.4,Critical
DEL-BL-OCC00082,2024-10-17,09:13,DEL064,1920,2344,122.1,Critical
DEL-BL-OCC00082,2024-10-17,09:58,DEL054,1920,2309,120.3,Critical
DEL-BL-OCC00082,2024-10-17,09:59,DEL044,1920,1998,104.1,High
DEL-BL-OCC00083,2024-10-17,09:12,DEL050,2100,2586,123.2,Critical
DEL-BL-OCC00083,2024-10-17,09:01,DEL077,2100,2258,107.6,Critical
DEL-BL-OCC00083,2024-10-17,09:34,DEL064,2100,2338,111.4,Critical
DEL-BL-OCC00083,2024-10-17,09:10,DEL052,2100,2234,106.4,Critical
DEL-BL-OCC00083,2024-10-17,09:14,DEL069,2100,2329,110.9,Critical
DEL-BL-OCC00084,2024-10-17,08:57,DEL051,1920,2153,112.2,Critical
DEL-BL-OCC00084,2024-10-17,08:02,DEL043,1920,2432,126.7,Critical
DEL-BL-OCC00084,2024-10-17,08:51,DEL067,1920,2252,117.3,Critical
DEL-BL-OCC00085,2024-10-21,18:36,DEL041,2560,2947,115.1,Critical
DEL-BL-OCC00085,2024-10-21,18:34,DEL067,2560,2355,92.0,High
DEL-BL-OCC00085,2024-10-21,18:18,DEL065,2560,2050,80.1,High
DEL-BL-OCC00086,2024-10-21,09:21,DEL065,1920,2190,114.1,Critical
DEL-BL-OCC00086,2024-10-21,09:51,DEL071,1920,2366,123.2,Critical
DEL-BL-OCC00086,2024-10-21,09:56,DEL049,1920,1849,96.3,High
DEL-BL-OCC00086,2024-10-21,09:18,DEL081,1920,1835,95.6,High
DEL-BL-OCC00086,2024-10-21,09:36,DEL054,1920,1790,93.2,High
DEL-BL-OCC00087,2024-10-21,10:55,DEL076,3040,2119,69.7,Medium
DEL-BL-OCC00087,2024-10-21,10:56,DEL044,3040,3357,110.4,Critical
DEL-BL-OCC00087,2024-10-21,10:00,DEL082,3040,1148,37.8,Low
DEL-BL-OCC00088,2024-10-25,19:36,DEL057,1920,2130,111.0,Critical
DEL-BL-OCC00088,2024-10-25,19:31,DEL058,1920,2635,137.3,Critical
DEL-BL-OCC00088,2024-10-25,19:39,DEL065,1920,1948,101.5,High
DEL-BL-OCC00089,2024-10-25,20:59,DEL045,1920,1487,77.5,Medium
DEL-BL-OCC00089,2024-10-25,20:58,DEL059,1920,1676,87.3,High
DEL-BL-OCC00089,2024-10-25,20:39,DEL054,1920,1550,80.8,High
DEL-BL-OCC00089,2024-10-25,20:14,DEL056,1920,1641,85.5,High
DEL-BL-OCC00089,2024-10-25,20:05,DEL077,1920,1318,68.7,Medium
DEL-BL-OCC00089,2024-10-25,20:05,DEL072,1920,1573,82.0,High
DEL-BL-OCC00090,2024-10-25,06:33,DEL051,2280,612,26.9,Low
DEL-BL-OCC00090,2024-10-25,06:39,DEL069,2280,943,41.4,Low
DEL-BL-OCC00090,2024-10-25,06:05,DEL079,2280,914,40.1,Low
DEL-BL-OCC00091,2024-10-29,20:10,DEL045,2100,1884,89.8,High
DEL-BL-OCC00091,2024-10-29,20:34,DEL075,2100,2204,105.0,High
DEL-BL-OCC00091,2024-10-29,20:35,DEL047,2100,732,34.9,Low
DEL-BL-OCC00091,2024-10-29,20:01,DEL050,2100,1569,74.7,Medium
DEL-BL-OCC00092,2024-10-29,20:20,DEL077,2100,1489,70.9,Medium
DEL-BL-OCC00092,2024-10-29,20:34,DEL051,2100,2272,108.2,Critical
DEL-BL-OCC00092,2024-10-29,20:03,DEL065,2100,2046,97.5,High
DEL-BL-OCC00092,2024-10-29,20:04,DEL054,2100,1717,81.8,High
DEL-BL-OCC00092,2024-10-29,20:34,DEL046,2100,1701,81.0,High
DEL-BL-OCC00093,2024-10-29,10:41,DEL052,2560,1257,49.1,Medium
DEL-BL-OCC00093,2024-10-29,10:59,DEL041,2560,1959,76.6,Medium
DEL-BL-OCC00093,2024-10-29,10:22,DEL074,2560,2871,112.2,Critical
DEL-BL-OCC00093,2024-10-29,10:49,DEL059,2560,1206,47.1,Medium
DEL-BL-OCC00093,2024-10-29,10:31,DEL063,2560,2331,91.1,High
DEL-BL-OCC00093,2024-10-29,10:53,DEL045,2560,1888,73.8,Medium
DEL-BL-OCC00094,2024-11-02,09:30,DEL083,3040,3891,128.0,Critical
DEL-BL-OCC00094,2024-11-02,09:43,DEL075,3040,4142,136.3,Critical
DEL-BL-OCC00094,2024-11-02,09:57,DEL071,3040,4103,135.0,Critical
DEL-BL-OCC00094,2024-11-02,09:46,DEL043,3040,3739,123.0,Critical
DEL-BL-OCC00094,2024-11-02,09:59,DEL082,3040,3110,102.3,High
DEL-BL-OCC00094,2024-11-02,09:37,DEL079,3040,3249,106.9,Critical
DEL-BL-OCC00095,2024-11-02,20:12,DEL055,3040,2062,67.8,Medium
DEL-BL-OCC00095,2024-11-02,20:55,DEL057,3040,2656,87.4,High
DEL-BL-OCC00095,2024-11-02,20:56,DEL039,3040,3490,114.8,Critical
DEL-BL-OCC00095,2024-11-02,20:40,DEL072,3040,2373,78.1,Medium
DEL-BL-OCC00095,2024-11-02,20:23,DEL070,3040,1435,47.2,Medium
DEL-BL-OCC00095,2024-11-02,20:35,DEL052,3040,2655,87.3,High
DEL-BL-OCC00096,2024-11-02,20:13,DEL067,2560,1509,59.0,Medium
DEL-BL-OCC00096,2024-11-02,20:59,DEL042,2560,1444,56.4,Medium
DEL-BL-OCC00096,2024-11-02,20:15,DEL049,2560,1845,72.1,Medium
DEL-BL-OCC00096,2024-11-02,20:50,DEL071,2560,2665,104.1,High
DEL-BL-OCC00097,2024-11-06,22:10,DEL077,2560,755,29.5,Low
DEL-BL-OCC00097,2024-11-06,22:31,DEL066,2560,924,36.1,Low
DEL-BL-OCC00097,2024-11-06,22:04,DEL079,2560,669,26.2,Low
DEL-BL-OCC00097,2024-11-06,22:38,DEL085,2560,992,38.8,Low
DEL-BL-OCC00097,2024-11-06,22:00,DEL051,2560,852,33.3,Low
DEL-BL-OCC00097,2024-11-06,22:21,DEL046,2560,804,31.4,Low
DEL-BL-OCC00098,2024-11-06,20:27,DEL078,1920,1413,73.6,Medium
DEL-BL-OCC00098,2024-11-06,20:57,DEL042,1920,1281,66.7,Medium
DEL-BL-OCC00098,2024-11-06,20:32,DEL083,1920,1437,74.9,Medium
DEL-BL-OCC00098,2024-11-06,20:01,DEL086,1920,2206,114.9,Critical
DEL-BL-OCC00098,2024-11-06,20:45,DEL068,1920,1711,89.1,High
DEL-BL-OCC00099,2024-11-06,23:53,DEL045,1920,420,21.9,Low
DEL-BL-OCC00099,2024-11-06,23:17,DEL086,1920,312,16.3,Low
DEL-BL-OCC00099,2024-11-06,23:00,DEL056,1920,252,13.1,Low
DEL-BL-OCC00099,2024-11-06,23:03,DEL079,1920,201,10.5,Low
DEL-BL-OCC00099,2024-11-06,23:02,DEL059,1920,249,13.0,Low
DEL-BL-OCC00099,2024-11-06,23:17,DEL046,1920,320,16.7,Low
DEL-BL-OCC00100,2024-11-10,10:20,DEL058,2100,906,43.2,Low
DEL-BL-OCC00100,2024-11-10,10:58,DEL041,2100,1890,90.0,High
DEL-BL-OCC00100,2024-11-10,10:39,DEL059,2100,1007,48.0,Medium
DEL-BL-OCC00101,2024-11-10,08:25,DEL085,2280,1928,84.6,High
DEL-BL-OCC00101,2024-11-10,08:28,DEL062,2280,3062,134.3,Critical
DEL-BL-OCC00101,2024-11-10,08:14,DEL046,2280,2504,109.8,Critical
DEL-BL-OCC00101,2024-11-10,08:28,DEL063,2280,2598,114.0,Critical
DEL-BL-OCC00101,2024-11-10,08:16,DEL016,2280,2065,90.6,High
DEL-BL-OCC00102,2024-11-10,14:09,DEL078,3040,846,27.8,Low
DEL-BL-OCC00102,2024-11-10,14:25,DEL051,3040,600,19.8,Low
DEL-BL-OCC00102,2024-11-10,14:33,DEL070,3040,1010,33.2,Low
DEL-BL-OCC00102,2024-11-10,14:56,DEL052,3040,803,26.4,Low
DEL-BL-OCC00102,2024-11-10,14:15,DEL069,3040,853,28.1,Low
DEL-BL-OCC00103,2024-11-14,13:00,DEL048,2800,1145,40.9,Low
DEL-BL-OCC00103,2024-11-14,13:38,DEL086,2800,1518,54.2,Medium
DEL-BL-OCC00103,2024-11-14,13:08,DEL074,2800,914,32.7,Low
DEL-BL-OCC00103,2024-11-14,13:36,DEL077,2800,551,19.7,Low
DEL-BL-OCC00103,2024-11-14,13:21,DEL064,2800,918,32.8,Low
DEL-BL-OCC00103,2024-11-14,13:30,DEL052,2800,460,16.5,Low
DEL-BL-OCC00104,2024-11-14,10:22,DEL058,3040,1255,41.3,Low
DEL-BL-OCC00104,2024-11-14,10:38,DEL065,3040,1752,57.6,Medium
DEL-BL-OCC00104,2024-11-14,10:01,DEL042,3040,1037,34.1,Low
DEL-BL-OCC00104,2024-11-14,10:58,DEL086,3040,2873,94.5,High
DEL-BL-OCC00104,2024-11-14,10:54,DEL085,3040,1974,65.0,Medium
DEL-BL-OCC00104,2024-11-14,10:33,DEL075,3040,2836,93.3,High
DEL-BL-OCC00105,2024-11-14,07:05,DEL045,1920,862,44.9,Low
DEL-BL-OCC00105,2024-11-14,07:58,DEL060,1920,1751,91.2,High
DEL-BL-OCC00105,2024-11-14,07:12,DEL044,1920,772,40.2,Low
DEL-BL-OCC00105,2024-11-14,07:28,DEL016,1920,867,45.2,Medium
DEL-BL-OCC00105,2024-11-14,07:37,DEL072,1920,928,48.3,Medium
DEL-BL-OCC00106,2024-11-18,16:22,DEL053,3040,1335,43.9,Low
DEL-BL-OCC00106,2024-11-18,16:53,DEL054,3040,1345,44.3,Low
DEL-BL-OCC00106,2024-11-18,16:30,DEL086,3040,1600,52.7,Medium
DEL-BL-OCC00106,2024-11-18,16:54,DEL065,3040,1617,53.2,Medium
DEL-BL-OCC00107,2024-11-18,06:03,DEL059,2800,706,25.2,Low
DEL-BL-OCC00107,2024-11-18,06:30,DEL073,2800,539,19.3,Low
DEL-BL-OCC00107,2024-11-18,06:51,DEL076,2800,832,29.7,Low
DEL-BL-OCC00107,2024-11-18,06:58,DEL070,2800,1731,61.8,Medium
DEL-BL-OCC00108,2024-11-18,23:01,DEL080,3040,341,11.2,Low
DEL-BL-OCC00108,2024-11-18,23:08,DEL067,3040,339,11.2,Low
DEL-BL-OCC00108,2024-11-18,23:15,DEL042,3040,312,10.3,Low
DEL-BL-OCC00108,2024-11-18,23:25,DEL044,3040,652,21.5,Low
DEL-BL-OCC00108,2024-11-18,23:41,DEL068,3040,420,13.8,Low
DEL-BL-OCC00108,2024-11-18,23:43,DEL049,3040,530,17.5,Low
DEL-BL-OCC00109,2024-11-22,15:56,DEL067,3040,992,32.6,Low
DEL-BL-OCC00109,2024-11-22,15:43,DEL078,3040,986,32.4,Low
DEL-BL-OCC00109,2024-11-22,15:36,DEL075,3040,1017,33.5,Low
DEL-BL-OCC00109,2024-11-22,15:00,DEL066,3040,1387,45.6,Medium
DEL-BL-OCC00109,2024-11-22,15:30,DEL069,3040,758,25.0,Low
DEL-BL-OCC00109,2024-11-22,15:49,DEL070,3040,1148,37.8,Low
DEL-BL-OCC00110,2024-11-22,09:59,DEL046,2280,1857,81.5,High
DEL-BL-OCC00110,2024-11-22,09:47,DEL065,2280,2946,129.3,Critical
DEL-BL-OCC00110,2024-11-22,09:51,DEL064,2280,2901,127.3,Critical
DEL-BL-OCC00110,2024-11-22,09:08,DEL050,2280,1758,77.1,Medium
DEL-BL-OCC00110,2024-11-22,09:44,DEL086,2280,2389,104.8,High
DEL-BL-OCC00111,2024-11-22,09:47,DEL071,2800,3374,120.5,Critical
DEL-BL-OCC00111,2024-11-22,09:01,DEL063,2800,2837,101.3,High
DEL-BL-OCC00111,2024-11-22,09:17,DEL075,2800,3739,133.6,Critical
DEL-BL-OCC00111,2024-11-22,09:26,DEL042,2800,1684,60.1,Medium
DEL-BL-OCC00111,2024-11-22,09:31,DEL065,2800,3148,112.5,Critical
DEL-BL-OCC00112,2024-11-26,20:38,DEL039,2800,2633,94.1,High
DEL-BL-OCC00112,2024-11-26,20:38,DEL050,2800,2014,72.0,Medium
DEL-BL-OCC00112,2024-11-26,20:08,DEL045,2800,2608,93.2,High
DEL-BL-OCC00112,2024-11-26,20:26,DEL056,2800,2556,91.3,High
DEL-BL-OCC00112,2024-11-26,20:52,DEL086,2800,1939,69.3,Medium
DEL-BL-OCC00113,2024-11-26,18:37,DEL086,2280,2339,102.6,High
DEL-BL-OCC00113,2024-11-26,18:16,DEL085,2280,2801,122.9,Critical
DEL-BL-OCC00113,2024-11-26,18:42,DEL052,2280,2257,99.0,High
DEL-BL-OCC00113,2024-11-26,18:36,DEL053,2280,2627,115.3,Critical
DEL-BL-OCC00114,2024-11-26,20:04,DEL063,3040,2686,88.4,High
DEL-BL-OCC00114,2024-11-26,20:24,DEL047,3040,883,29.1,Low
DEL-BL-OCC00114,2024-11-26,20:12,DEL070,3040,1332,43.8,Low
DEL-BL-OCC00114,2024-11-26,20:04,DEL057,3040,2849,93.7,High
DEL-BL-OCC00114,2024-11-26,20:15,DEL074,3040,3137,103.2,High
DEL-BL-OCC00114,2024-11-26,20:24,DEL039,3040,2740,90.1,High
DEL-BL-OCC00115,2024-11-30,19:19,DEL050,2100,2774,132.1,Critical
DEL-BL-OCC00115,2024-11-30,19:47,DEL051,2100,2664,126.9,Critical
DEL-BL-OCC00115,2024-11-30,19:33,DEL060,2100,2570,122.4,Critical
DEL-BL-OCC00115,2024-11-30,19:51,DEL082,2100,726,34.6,Low
DEL-BL-OCC00116,2024-11-30,13:16,DEL045,2100,721,34.3,Low
DEL-BL-OCC00116,2024-11-30,13:49,DEL070,2100,875,41.7,Low
DEL-BL-OCC00116,2024-11-30,13:44,DEL056,2100,451,21.5,Low
DEL-BL-OCC00117,2024-11-30,19:02,DEL062,2100,1370,65.3,Medium
DEL-BL-OCC00117,2024-11-30,19:08,DEL086,2100,2886,137.4,Critical
DEL-BL-OCC00117,2024-11-30,19:25,DEL016,2100,2043,97.3,High
DEL-BL-OCC00117,2024-11-30,19:31,DEL050,2100,2193,104.5,High
DEL-BL-OCC00117,2024-11-30,19:49,DEL056,2100,2429,115.7,Critical
DEL-BL-OCC00118,2024-12-04,18:49,DEL081,2100,2137,101.8,High
DEL-BL-OCC00118,2024-12-04,18:55,DEL072,2100,1584,75.5,Medium
DEL-BL-OCC00118,2024-12-04,18:40,DEL041,2100,2588,123.3,Critical
DEL-BL-OCC00118,2024-12-04,18:55,DEL065,2100,2541,121.0,Critical
DEL-BL-OCC00119,2024-12-04,08:47,DEL068,2560,2697,105.4,Critical
DEL-BL-OCC00119,2024-12-04,08:51,DEL044,2560,1853,72.4,Medium
DEL-BL-OCC00119,2024-12-04,08:05,DEL042,2560,3050,119.2,Critical
DEL-BL-OCC00119,2024-12-04,08:14,DEL083,2560,2510,98.1,High
DEL-BL-OCC00119,2024-12-04,08:36,DEL067,2560,3167,123.7,Critical
DEL-BL-OCC00119,2024-12-04,08:33,DEL043,2560,2854,111.5,Critical
DEL-BL-OCC00120,2024-12-04,19:29,DEL070,2100,1364,65.0,Medium
DEL-BL-OCC00120,2024-12-04,19:30,DEL059,2100,2066,98.4,High
DEL-BL-OCC00120,2024-12-04,19:15,DEL071,2100,2462,117.3,Critical
DEL-BL-OCC00120,2024-12-04,19:35,DEL072,2100,1864,88.8,High
DEL-BL-OCC00121,2024-12-08,18:15,DEL081,2280,1714,75.2,Medium
DEL-BL-OCC00121,2024-12-08,18:10,DEL060,2280,2071,90.8,High
DEL-BL-OCC00121,2024-12-08,18:52,DEL082,2280,1103,48.4,Medium
DEL-BL-OCC00121,2024-12-08,18:35,DEL057,2280,1887,82.8,High
DEL-BL-OCC00121,2024-12-08,18:09,DEL086,2280,2226,97.7,High
DEL-BL-OCC00121,2024-12-08,18:04,DEL047,2280,1355,59.5,Medium
DEL-BL-OCC00122,2024-12-08,09:11,DEL038,2560,2881,112.6,Critical
DEL-BL-OCC00122,2024-12-08,09:47,DEL058,2560,2278,89.0,High
DEL-BL-OCC00122,2024-12-08,09:34,DEL042,2560,1872,73.2,Medium
DEL-BL-OCC00122,2024-12-08,09:37,DEL073,2560,3584,140,Critical
DEL-BL-OCC00123,2024-12-08,20:02,DEL039,3040,3076,101.2,High
DEL-BL-OCC00123,2024-12-08,20:35,DEL048,3040,2331,76.7,Medium
DEL-BL-OCC00123,2024-12-08,20:37,DEL085,3040,3037,99.9,High
DEL-BL-OCC00123,2024-12-08,20:35,DEL067,3040,1470,48.4,Medium
DEL-BL-OCC00123,2024-12-08,20:05,DEL073,3040,2482,81.6,High
DEL-BL-OCC00124,2024-12-12,13:44,DEL050,2280,599,26.3,Low
DEL-BL-OCC00124,2024-12-12,13:36,DEL072,2280,1146,50.3,Medium
DEL-BL-OCC00124,2024-12-12,13:55,DEL038,2280,1022,44.9,Low
DEL-BL-OCC00124,2024-12-12,13:54,DEL048,2280,1263,55.4,Medium
DEL-BL-OCC00125,2024-12-12,16:57,DEL077,1920,965,50.3,Medium
DEL-BL-OCC00125,2024-12-12,16:32,DEL044,1920,1034,53.9,Medium
DEL-BL-OCC00125,2024-12-12,16:32,DEL073,1920,1156,60.2,Medium
DEL-BL-OCC00125,2024-12-12,16:13,DEL083,1920,1070,55.8,Medium
DEL-BL-OCC00125,2024-12-12,16:00,DEL075,1920,1044,54.4,Medium
DEL-BL-OCC00125,2024-12-12,16:27,DEL066,1920,995,51.9,Medium
DEL-BL-OCC00126,2024-12-12,18:52,DEL084,2560,2982,116.5,Critical
DEL-BL-OCC00126,2024-12-12,18:16,DEL055,2560,1904,74.4,Medium
DEL-BL-OCC00126,2024-12-12,18:08,DEL077,2560,1999,78.1,Medium
DEL-BL-OCC00126,2024-12-12,18:53,DEL060,2560,2435,95.1,High
DEL-BL-OCC00126,2024-12-12,18:39,DEL080,2560,2720,106.3,Critical
DEL-BL-OCC00126,2024-12-12,18:48,DEL082,2560,1263,49.4,Medium
DEL-BL-OCC00127,2024-12-16,14:58,DEL070,2800,1209,43.2,Low
DEL-BL-OCC00127,2024-12-16,14:59,DEL084,2800,1170,41.8,Low
DEL-BL-OCC00127,2024-12-16,14:31,DEL048,2800,1218,43.5,Low
DEL-BL-OCC00127,2024-12-16,14:38,DEL066,2800,1464,52.3,Medium
DEL-BL-OCC00127,2024-12-16,14:44,DEL042,2800,1110,39.7,Low
DEL-BL-OCC00128,2024-12-16,18:47,DEL061,3040,3391,111.6,Critical
DEL-BL-OCC00128,2024-12-16,18:18,DEL066,3040,2725,89.7,High
DEL-BL-OCC00128,2024-12-16,18:09,DEL085,3040,3825,125.8,Critical
DEL-BL-OCC00128,2024-12-16,18:12,DEL068,3040,3918,128.9,Critical
DEL-BL-OCC00129,2024-12-16,18:32,DEL061,2100,1577,75.1,Medium
DEL-BL-OCC00129,2024-12-16,18:07,DEL059,2100,1819,86.6,High
DEL-BL-OCC00129,2024-12-16,18:56,DEL066,2100,1819,86.7,High
DEL-BL-OCC00129,2024-12-16,18:03,DEL070,2100,2091,99.6,High
DEL-BL-OCC00129,2024-12-16,18:06,DEL049,2100,1612,76.8,Medium
DEL-BL-OCC00130,2024-12-20,11:56,DEL038,2560,1337,52.2,Medium
DEL-BL-OCC00130,2024-12-20,11:33,DEL070,2560,993,38.8,Low
DEL-BL-OCC00130,2024-12-20,11:45,DEL053,2560,747,29.2,Low
DEL-BL-OCC00130,2024-12-20,11:23,DEL069,2560,755,29.5,Low
DEL-BL-OCC00130,2024-12-20,11:37,DEL042,2560,767,30.0,Low
DEL-BL-OCC00131,2024-12-20,16:56,DEL044,1920,1082,56.4,Medium
DEL-BL-OCC00131,2024-12-20,16:05,DEL064,1920,979,51.0,Medium
DEL-BL-OCC00131,2024-12-20,16:04,DEL072,1920,808,42.1,Low
DEL-BL-OCC00131,2024-12-20,16:36,DEL085,1920,763,39.7,Low
DEL-BL-OCC00132,2024-12-20,12:40,DEL055,1920,397,20.7,Low
DEL-BL-OCC00132,2024-12-20,12:55,DEL069,1920,523,27.3,Low
DEL-BL-OCC00132,2024-12-20,12:08,DEL061,1920,331,17.3,Low
DEL-BL-OCC00132,2024-12-20,12:51,DEL058,1920,451,23.5,Low
DEL-BL-OCC00132,2024-12-20,12:08,DEL073,1920,686,35.8,Low
DEL-BL-OCC00132,2024-12-20,12:39,DEL045,1920,880,45.8,Medium
DEL-BL-OCC00133,2024-12-24,15:55,DEL082,3040,2868,94.4,High
DEL-BL-OCC00133,2024-12-24,15:48,DEL043,3040,848,27.9,Low
DEL-BL-OCC00133,2024-12-24,15:07,DEL077,3040,1237,40.7,Low
DEL-BL-OCC00133,2024-12-24,15:01,DEL052,3040,1157,38.1,Low
DEL-BL-OCC00133,2024-12-24,15:04,DEL038,3040,1662,54.7,Medium
DEL-BL-OCC00133,2024-12-24,15:30,DEL044,3040,1502,49.4,Medium
DEL-BL-OCC00134,2024-12-24,09:35,DEL074,3040,3758,123.6,Critical
DEL-BL-OCC00134,2024-12-24,09:23,DEL065,3040,3103,102.1,High
DEL-BL-OCC00134,2024-12-24,09:54,DEL051,3040,2643,87.0,High
DEL-BL-OCC00134,2024-12-24,09:48,DEL047,3040,2747,90.4,High
DEL-BL-OCC00134,2024-12-24,09:25,DEL060,3040,3103,102.1,High
DEL-BL-OCC00135,2024-12-24,19:49,DEL063,2280,3192,140,Critical
DEL-BL-OCC00135,2024-12-24,19:42,DEL067,2280,2308,101.2,High
DEL-BL-OCC00135,2024-12-24,19:36,DEL053,2280,2205,96.7,High
DEL-BL-OCC00135,2024-12-24,19:43,DEL041,2280,3124,137.0,Critical
DEL-BL-OCC00136,2024-12-28,19:50,DEL042,2800,2754,98.4,High
DEL-BL-OCC00136,2024-12-28,19:43,DEL065,2800,2309,82.5,High
DEL-BL-OCC00136,2024-12-28,19:30,DEL060,2800,3920,140,Critical
DEL-BL-OCC00137,2024-12-28,20:40,DEL079,2800,2541,90.8,High
DEL-BL-OCC00137,2024-12-28,20:03,DEL066,2800,2430,86.8,High
DEL-BL-OCC00137,2024-12-28,20:38,DEL056,2800,2026,72.4,Medium
DEL-BL-OCC00137,2024-12-28,20:52,DEL039,2800,2155,77.0,Medium
DEL-BL-OCC00137,2024-12-28,20:29,DEL075,2800,2859,102.1,High
DEL-BL-OCC00138,2024-12-28,10:56,DEL048,2560,1666,65.1,Medium
DEL-BL-OCC00138,2024-12-28,10:54,DEL052,2560,1439,56.2,Medium
DEL-BL-OCC00138,2024-12-28,10:34,DEL080,2560,1188,46.4,Medium
DEL-BL-OCC00138,2024-12-28,10:48,DEL044,2560,2622,102.4,High
DEL-BL-OCC00138,2024-12-28,10:17,DEL077,2560,1189,46.5,Medium
DEL-RE-OCC00139,2024-10-01,20:32,DEL103,3040,3293,108.3,Critical
DEL-RE-OCC00139,2024-10-01,20:24,DEL093,3040,2739,90.1,High
DEL-RE-OCC00139,2024-10-01,20:31,DEL100,3040,2513,82.7,High
DEL-RE-OCC00140,2024-10-01,10:59,DEL097,2280,1084,47.6,Medium
DEL-RE-OCC00140,2024-10-01,10:16,DEL108,2280,2543,111.5,Critical
DEL-RE-OCC00140,2024-10-01,10:25,DEL091,2280,1728,75.8,Medium
DEL-RE-OCC00140,2024-10-01,10:30,DEL098,2280,2399,105.2,Critical
DEL-RE-OCC00140,2024-10-01,10:59,DEL100,2280,1367,60.0,Medium
DEL-RE-OCC00140,2024-10-01,10:36,DEL102,2280,1571,68.9,Medium
DEL-RE-OCC00141,2024-10-01,14:43,DEL087,2560,1826,71.3,Medium
DEL-RE-OCC00141,2024-10-01,14:51,DEL103,2560,1089,42.6,Low
DEL-RE-OCC00141,2024-10-01,14:00,DEL093,2560,1204,47.0,Medium
DEL-RE-OCC00141,2024-10-01,14:52,DEL109,2560,906,35.4,Low
DEL-RE-OCC00141,2024-10-01,14:28,DEL114,2560,937,36.6,Low
DEL-RE-OCC00142,2024-10-05,18:56,DEL012,2800,2826,100.9,High
DEL-RE-OCC00142,2024-10-05,18:14,DEL092,2800,2463,88.0,High
DEL-RE-OCC00142,2024-10-05,18:03,DEL097,2800,3467,123.8,Critical
DEL-RE-OCC00142,2024-10-05,18:11,DEL095,2800,2500,89.3,High
DEL-RE-OCC00142,2024-10-05,18:17,DEL087,2800,1881,67.2,Medium
DEL-RE-OCC00142,2024-10-05,18:24,DEL096,2800,2905,103.8,High
DEL-RE-OCC00143,2024-10-05,12:26,DEL105,1920,312,16.3,Low
DEL-RE-OCC00143,2024-10-05,12:56,DEL113,1920,1021,53.2,Medium
DEL-RE-OCC00143,2024-10-05,12:16,DEL104,1920,762,39.7,Low
DEL-RE-OCC00144,2024-10-05,18:07,DEL087,2280,1951,85.6,High
DEL-RE-OCC00144,2024-10-05,18:49,DEL103,2280,1864,81.8,High
DEL-RE-OCC00144,2024-10-05,18:31,DEL095,2280,2769,121.5,Critical
DEL-RE-OCC00144,2024-10-05,18:58,DEL099,2280,2104,92.3,High
DEL-RE-OCC00145,2024-10-09,22:18,DEL110,2800,284,10.2,Low
DEL-RE-OCC00145,2024-10-09,22:01,DEL089,2800,981,35.0,Low
DEL-RE-OCC00145,2024-10-09,22:12,DEL102,2800,795,28.4,Low
DEL-RE-OCC00145,2024-10-09,22:58,DEL091,2800,948,33.9,Low
DEL-RE-OCC00145,2024-10-09,22:44,DEL100,2800,732,26.1,Low
DEL-RE-OCC00146,2024-10-09,13:36,DEL089,2560,683,26.7,Low
DEL-RE-OCC00146,2024-10-09,13:35,DEL111,2560,664,26.0,Low
DEL-RE-OCC00146,2024-10-09,13:37,DEL109,2560,1015,39.7,Low
DEL-RE-OCC00146,2024-10-09,13:24,DEL108,2560,1056,41.3,Low
DEL-RE-OCC00146,2024-10-09,13:58,DEL012,2560,2046,79.9,Medium
DEL-RE-OCC00147,2024-10-09,06:05,DEL098,2560,419,16.4,Low
DEL-RE-OCC00147,2024-10-09,06:32,DEL107,2560,1062,41.5,Low
DEL-RE-OCC00147,2024-10-09,06:25,DEL110,2560,681,26.6,Low
DEL-RE-OCC00148,2024-10-13,18:53,DEL097,2280,2468,108.3,Critical
DEL-RE-OCC00148,2024-10-13,18:13,DEL110,2280,1586,69.6,Medium
DEL-RE-OCC00148,2024-10-13,18:17,DEL087,2280,1577,69.2,Medium
DEL-RE-OCC00148,2024-10-13,18:15,DEL103,2280,2790,122.4,Critical
DEL-RE-OCC00148,2024-10-13,18:40,DEL105,2280,2920,128.1,Critical
DEL-RE-OCC00148,2024-10-13,18:03,DEL100,2280,2057,90.2,High
DEL-RE-OCC00149,2024-10-13,12:58,DEL110,2800,804,28.7,Low
DEL-RE-OCC00149,2024-10-13,12:09,DEL012,2800,2431,86.8,High
DEL-RE-OCC00149,2024-10-13,12:48,DEL112,2800,1537,54.9,Medium
DEL-RE-OCC00149,2024-10-13,12:20,DEL103,2800,902,32.2,Low
DEL-RE-OCC00150,2024-10-13,18:39,DEL106,3040,3040,100.0,High
DEL-RE-OCC00150,2024-10-13,18:12,DEL112,3040,3378,111.1,Critical
DEL-RE-OCC00150,2024-10-13,18:54,DEL101,3040,3314,109.0,Critical
DEL-RE-OCC00151,2024-10-17,19:27,DEL092,2800,3210,114.7,Critical
DEL-RE-OCC00151,2024-10-17,19:38,DEL099,2800,2608,93.2,High
DEL-RE-OCC00151,2024-10-17,19:37,DEL113,2800,2435,87.0,High
DEL-RE-OCC00151,2024-10-17,19:25,DEL096,2800,2311,82.6,High
DEL-RE-OCC00151,2024-10-17,19:23,DEL087,2800,986,35.2,Low
DEL-RE-OCC00151,2024-10-17,19:34,DEL088,2800,3569,127.5,Critical
DEL-RE-OCC00152,2024-10-17,19:17,DEL094,2800,988,35.3,Low
DEL-RE-OCC00152,2024-10-17,19:25,DEL102,2800,2578,92.1,High
DEL-RE-OCC00152,2024-10-17,19:14,DEL100,2800,2449,87.5,High
DEL-RE-OCC00153,2024-10-17,08:56,DEL114,2800,2194,78.4,Medium
DEL-RE-OCC00153,2024-10-17,08:11,DEL102,2800,2136,76.3,Medium
DEL-RE-OCC00153,2024-10-17,08:40,DEL111,2800,2837,101.3,High
DEL-RE-OCC00153,2024-10-17,08:49,DEL089,2800,3098,110.7,Critical
DEL-RE-OCC00153,2024-10-17,08:05,DEL110,2800,3351,119.7,Critical
DEL-RE-OCC00153,2024-10-17,08:51,DEL088,2800,3176,113.4,Critical
DEL-RE-OCC00154,2024-10-21,19:59,DEL104,2560,3179,124.2,Critical
DEL-RE-OCC00154,2024-10-21,19:54,DEL012,2560,3584,140,Critical
DEL-RE-OCC00154,2024-10-21,19:15,DEL087,2560,880,34.4,Low
DEL-RE-OCC00154,2024-10-21,19:47,DEL102,2560,2520,98.5,High
DEL-RE-OCC00154,2024-10-21,19:49,DEL103,2560,2307,90.1,High
DEL-RE-OCC00155,2024-10-21,20:56,DEL114,2560,2228,87.0,High
DEL-RE-OCC00155,2024-10-21,20:17,DEL111,2560,1685,65.9,Medium
DEL-RE-OCC00155,2024-10-21,20:50,DEL096,2560,2189,85.5,High
DEL-RE-OCC00155,2024-10-21,20:08,DEL100,2560,2790,109.0,Critical
DEL-RE-OCC00156,2024-10-21,18:24,DEL099,2800,2114,75.5,Medium
DEL-RE-OCC00156,2024-10-21,18:54,DEL092,2800,3177,113.5,Critical
DEL-RE-OCC00156,2024-10-21,18:49,DEL088,2800,2772,99.0,High
DEL-RE-OCC00157,2024-10-25,06:36,DEL093,2100,481,22.9,Low
DEL-RE-OCC00157,2024-10-25,06:13,DEL100,2100,546,26.0,Low
DEL-RE-OCC00157,2024-10-25,06:09,DEL099,2100,755,36.0,Low
DEL-RE-OCC00157,2024-10-25,06:17,DEL108,2100,498,23.7,Low
DEL-RE-OCC00158,2024-10-25,19:19,DEL087,1920,837,43.6,Low
DEL-RE-OCC00158,2024-10-25,19:38,DEL088,1920,2511,130.8,Critical
DEL-RE-OCC00158,2024-10-25,19:45,DEL092,1920,2124,110.6,Critical
DEL-RE-OCC00158,2024-10-25,19:49,DEL102,1920,1749,91.1,High
DEL-RE-OCC00158,2024-10-25,19:00,DEL113,1920,2119,110.4,Critical
DEL-RE-OCC00158,2024-10-25,19:48,DEL089,1920,1734,90.3,High
DEL-RE-OCC00159,2024-10-25,10:25,DEL098,1920,2015,105.0,High
DEL-RE-OCC00159,2024-10-25,10:15,DEL012,1920,1478,77.0,Medium
DEL-RE-OCC00159,2024-10-25,10:36,DEL095,1920,1070,55.7,Medium
DEL-RE-OCC00159,2024-10-25,10:03,DEL106,1920,1337,69.7,Medium
DEL-RE-OCC00160,2024-10-29,16:11,DEL112,2280,1577,69.2,Medium
DEL-RE-OCC00160,2024-10-29,16:24,DEL096,2280,1136,49.8,Medium
DEL-RE-OCC00160,2024-10-29,16:56,DEL110,2280,2428,106.5,Critical
DEL-RE-OCC00160,2024-10-29,16:29,DEL106,2280,1140,50.0,Medium
DEL-RE-OCC00160,2024-10-29,16:33,DEL113,2280,1138,49.9,Medium
DEL-RE-OCC00160,2024-10-29,16:57,DEL012,2280,2476,108.6,Critical
DEL-RE-OCC00161,2024-10-29,09:03,DEL095,1920,1674,87.2,High
DEL-RE-OCC00161,2024-10-29,09:32,DEL105,1920,1856,96.7,High
DEL-RE-OCC00161,2024-10-29,09:32,DEL109,1920,1103,57.5,Medium
DEL-RE-OCC00161,2024-10-29,09:03,DEL100,1920,1449,75.5,Medium
DEL-RE-OCC00161,2024-10-29,09:07,DEL012,1920,2069,107.8,Critical
DEL-RE-OCC00161,2024-10-29,09:06,DEL093,1920,2488,129.6,Critical
DEL-RE-OCC00162,2024-10-29,08:34,DEL092,3040,3554,116.9,Critical
DEL-RE-OCC00162,2024-10-29,08:08,DEL103,3040,2608,85.8,High
DEL-RE-OCC00162,2024-10-29,08:40,DEL113,3040,2007,66.1,Medium
DEL-RE-OCC00162,2024-10-29,08:51,DEL090,3040,3058,100.6,High
DEL-RE-OCC00162,2024-10-29,08:25,DEL110,3040,3627,119.3,Critical
DEL-RE-OCC00162,2024-10-29,08:35,DEL106,3040,3217,105.8,Critical
DEL-RE-OCC00163,2024-11-02,12:38,DEL090,3040,573,18.9,Low
DEL-RE-OCC00163,2024-11-02,12:10,DEL096,3040,811,26.7,Low
DEL-RE-OCC00163,2024-11-02,12:13,DEL095,3040,857,28.2,Low
DEL-RE-OCC00163,2024-11-02,12:11,DEL102,3040,1389,45.7,Medium
DEL-RE-OCC00163,2024-11-02,12:41,DEL112,3040,1655,54.4,Medium
DEL-RE-OCC00164,2024-11-02,10:26,DEL098,2280,1974,86.6,High
DEL-RE-OCC00164,2024-11-02,10:30,DEL095,2280,1113,48.8,Medium
DEL-RE-OCC00164,2024-11-02,10:43,DEL012,2280,2560,112.3,Critical
DEL-RE-OCC00164,2024-11-02,10:37,DEL105,2280,1473,64.6,Medium
DEL-RE-OCC00164,2024-11-02,10:57,DEL094,2280,1176,51.6,Medium
DEL-RE-OCC00164,2024-11-02,10:01,DEL112,2280,2253,98.8,High
DEL-RE-OCC00165,2024-11-02,10:54,DEL087,1920,950,49.5,Medium
DEL-RE-OCC00165,2024-11-02,10:10,DEL099,1920,939,49.0,Medium
DEL-RE-OCC00165,2024-11-02,10:56,DEL102,1920,1688,88.0,High
DEL-RE-OCC00165,2024-11-02,10:41,DEL108,1920,1838,95.7,High
DEL-RE-OCC00166,2024-11-06,20:31,DEL096,2560,1816,71.0,Medium
DEL-RE-OCC00166,2024-11-06,20:44,DEL097,2560,1483,57.9,Medium
DEL-RE-OCC00166,2024-11-06,20:01,DEL090,2560,2557,99.9,High
DEL-RE-OCC00167,2024-11-06,13:32,DEL102,2800,1355,48.4,Medium
DEL-RE-OCC00167,2024-11-06,13:34,DEL088,2800,930,33.2,Low
DEL-RE-OCC00167,2024-11-06,13:37,DEL090,2800,529,18.9,Low
DEL-RE-OCC00167,2024-11-06,13:38,DEL114,2800,1107,39.6,Low
DEL-RE-OCC00167,2024-11-06,13:51,DEL108,2800,1218,43.5,Low
DEL-RE-OCC00167,2024-11-06,13:23,DEL105,2800,735,26.3,Low
DEL-RE-OCC00168,2024-11-06,21:58,DEL090,2800,1866,66.7,Medium
DEL-RE-OCC00168,2024-11-06,21:59,DEL087,2800,607,21.7,Low
DEL-RE-OCC00168,2024-11-06,21:58,DEL109,2800,698,25.0,Low
DEL-RE-OCC00168,2024-11-06,21:42,DEL012,2800,2417,86.4,High
DEL-RE-OCC00169,2024-11-10,10:51,DEL096,2280,1121,49.2,Medium
DEL-RE-OCC00169,2024-11-10,10:31,DEL105,2280,1153,50.6,Medium
DEL-RE-OCC00169,2024-11-10,10:39,DEL012,2280,1970,86.4,High
DEL-RE-OCC00169,2024-11-10,10:13,DEL103,2280,2137,93.8,High
DEL-RE-OCC00169,2024-11-10,10:56,DEL092,2280,1178,51.7,Medium
DEL-RE-OCC00169,2024-11-10,10:17,DEL108,2280,2295,100.7,High
DEL-RE-OCC00170,2024-11-10,16:31,DEL106,3040,1404,46.2,Medium
DEL-RE-OCC00170,2024-11-10,16:38,DEL012,3040,2743,90.2,High
DEL-RE-OCC00170,2024-11-10,16:23,DEL104,3040,2090,68.8,Medium
DEL-RE-OCC00170,2024-11-10,16:19,DEL087,3040,3457,113.7,Critical
DEL-RE-OCC00170,2024-11-10,16:10,DEL107,3040,1451,47.7,Medium
DEL-RE-OCC00171,2024-11-10,19:41,DEL113,2800,3473,124.0,Critical
DEL-RE-OCC00171,2024-11-10,19:20,DEL107,2800,2896,103.4,High
DEL-RE-OCC00171,2024-11-10,19:37,DEL114,2800,2609,93.2,High
DEL-RE-OCC00171,2024-11-10,19:00,DEL096,2800,2664,95.1,High
DEL-RE-OCC00172,2024-11-14,08:43,DEL107,2560,3132,122.4,Critical
DEL-RE-OCC00172,2024-11-14,08:54,DEL087,2560,3584,140,Critical
DEL-RE-OCC00172,2024-11-14,08:07,DEL104,2560,2598,101.5,High
DEL-RE-OCC00172,2024-11-14,08:14,DEL101,2560,3440,134.4,Critical
DEL-RE-OCC00172,2024-11-14,08:45,DEL111,2560,3083,120.5,Critical
DEL-RE-OCC00173,2024-11-14,07:46,DEL098,2280,888,39.0,Low
DEL-RE-OCC00173,2024-11-14,07:47,DEL096,2280,2162,94.8,High
DEL-RE-OCC00173,2024-11-14,07:01,DEL097,2280,2321,101.8,High
DEL-RE-OCC00173,2024-11-14,07:10,DEL012,2280,1704,74.8,Medium
DEL-RE-OCC00173,2024-11-14,07:02,DEL090,2280,1640,71.9,Medium
DEL-RE-OCC00173,2024-11-14,07:20,DEL092,2280,2202,96.6,High
DEL-RE-OCC00174,2024-11-14,21:12,DEL102,2560,1209,47.3,Medium
DEL-RE-OCC00174,2024-11-14,21:29,DEL093,2560,1707,66.7,Medium
DEL-RE-OCC00174,2024-11-14,21:23,DEL114,2560,1188,46.4,Medium
DEL-RE-OCC00175,2024-11-18,11:43,DEL094,2800,850,30.4,Low
DEL-RE-OCC00175,2024-11-18,11:13,DEL104,2800,1462,52.2,Medium
DEL-RE-OCC00175,2024-11-18,11:20,DEL093,2800,1525,54.5,Medium
DEL-RE-OCC00175,2024-11-18,11:10,DEL098,2800,1323,47.3,Medium
DEL-RE-OCC00175,2024-11-18,11:25,DEL088,2800,1814,64.8,Medium
DEL-RE-OCC00176,2024-11-18,09:07,DEL099,2280,2654,116.4,Critical
DEL-RE-OCC00176,2024-11-18,09:25,DEL096,2280,1955,85.8,High
DEL-RE-OCC00176,2024-11-18,09:58,DEL089,2280,2671,117.2,Critical
DEL-RE-OCC00177,2024-11-18,18:22,DEL105,3040,2369,77.9,Medium
DEL-RE-OCC00177,2024-11-18,18:47,DEL113,3040,2715,89.3,High
DEL-RE-OCC00177,2024-11-18,18:54,DEL096,3040,2642,86.9,High
DEL-RE-OCC00177,2024-11-18,18:27,DEL094,3040,2549,83.9,High
DEL-RE-OCC00177,2024-11-18,18:25,DEL095,3040,2849,93.7,High
DEL-RE-OCC00177,2024-11-18,18:26,DEL090,3040,2998,98.6,High
DEL-RE-OCC00178,2024-11-22,09:43,DEL087,3040,2047,67.4,Medium
DEL-RE-OCC00178,2024-11-22,09:21,DEL108,3040,3456,113.7,Critical
DEL-RE-OCC00178,2024-11-22,09:34,DEL104,3040,2454,80.7,High
DEL-RE-OCC00178,2024-11-22,09:35,DEL012,3040,3394,111.7,Critical
DEL-RE-OCC00179,2024-11-22,16:43,DEL106,2100,1092,52.0,Medium
DEL-RE-OCC00179,2024-11-22,16:35,DEL101,2100,839,40.0,Low
DEL-RE-OCC00179,2024-11-22,16:45,DEL087,2100,1960,93.3,High
DEL-RE-OCC00179,2024-11-22,16:00,DEL103,2100,918,43.7,Low
DEL-RE-OCC00179,2024-11-22,16:12,DEL089,2100,1107,52.7,Medium
DEL-RE-OCC00179,2024-11-22,16:06,DEL110,2100,1518,72.3,Medium
DEL-RE-OCC00180,2024-11-22,21:32,DEL088,3040,1324,43.6,Low
DEL-RE-OCC00180,2024-11-22,21:31,DEL105,3040,1869,61.5,Medium
DEL-RE-OCC00180,2024-11-22,21:39,DEL108,3040,2019,66.4,Medium
DEL-RE-OCC00180,2024-11-22,21:22,DEL095,3040,1575,51.8,Medium
DEL-RE-OCC00180,2024-11-22,21:10,DEL100,3040,1887,62.1,Medium
DEL-RE-OCC00181,2024-11-26,20:31,DEL102,2280,1846,81.0,High
DEL-RE-OCC00181,2024-11-26,20:00,DEL089,2280,2068,90.7,High
DEL-RE-OCC00181,2024-11-26,20:58,DEL096,2280,2561,112.4,Critical
DEL-RE-OCC00181,2024-11-26,20:40,DEL103,2280,1745,76.6,Medium
DEL-RE-OCC00181,2024-11-26,20:38,DEL100,2280,2213,97.1,High
DEL-RE-OCC00182,2024-11-26,19:23,DEL095,1920,1806,94.1,High
DEL-RE-OCC00182,2024-11-26,19:26,DEL104,1920,2544,132.5,Critical
DEL-RE-OCC00182,2024-11-26,19:32,DEL113,1920,2400,125.0,Critical
DEL-RE-OCC00183,2024-11-26,22:26,DEL113,2280,607,26.6,Low
DEL-RE-OCC00183,2024-11-26,22:28,DEL097,2280,471,20.7,Low
DEL-RE-OCC00183,2024-11-26,22:34,DEL109,2280,496,21.8,Low
DEL-RE-OCC00183,2024-11-26,22:04,DEL103,2280,883,38.8,Low
DEL-RE-OCC00184,2024-11-30,08:06,DEL092,1920,2031,105.8,Critical
DEL-RE-OCC00184,2024-11-30,08:09,DEL103,1920,1462,76.2,Medium
DEL-RE-OCC00184,2024-11-30,08:59,DEL088,1920,2081,108.4,Critical
DEL-RE-OCC00184,2024-11-30,08:49,DEL105,1920,2375,123.7,Critical
DEL-RE-OCC00184,2024-11-30,08:15,DEL094,1920,1600,83.4,High
DEL-RE-OCC00184,2024-11-30,08:30,DEL111,1920,1714,89.3,High
DEL-RE-OCC00185,2024-11-30,06:30,DEL105,3040,1100,36.2,Low
DEL-RE-OCC00185,2024-11-30,06:00,DEL103,3040,638,21.0,Low
DEL-RE-OCC00185,2024-11-30,06:22,DEL101,3040,912,30.0,Low
DEL-RE-OCC00186,2024-11-30,17:37,DEL090,2800,1998,71.4,Medium
DEL-RE-OCC00186,2024-11-30,17:08,DEL099,2800,2028,72.4,Medium
DEL-RE-OCC00186,2024-11-30,17:15,DEL012,2800,2666,95.2,High
DEL-RE-OCC00186,2024-11-30,17:24,DEL097,2800,2395,85.5,High
DEL-RE-OCC00187,2024-12-04,17:25,DEL104,1920,1393,72.6,Medium
DEL-RE-OCC00187,2024-12-04,17:23,DEL110,1920,1407,73.3,Medium
DEL-RE-OCC00187,2024-12-04,17:29,DEL113,1920,1525,79.5,Medium
DEL-RE-OCC00188,2024-12-04,08:13,DEL100,2800,3117,111.3,Critical
DEL-RE-OCC00188,2024-12-04,08:50,DEL101,2800,3481,124.3,Critical
DEL-RE-OCC00188,2024-12-04,08:54,DEL095,2800,2617,93.5,High
DEL-RE-OCC00188,2024-12-04,08:53,DEL087,2800,3492,124.7,Critical
DEL-RE-OCC00188,2024-12-04,08:35,DEL112,2800,2485,88.8,High
DEL-RE-OCC00188,2024-12-04,08:47,DEL113,2800,2899,103.6,High
DEL-RE-OCC00189,2024-12-04,21:14,DEL106,2100,976,46.5,Medium
DEL-RE-OCC00189,2024-12-04,21:41,DEL107,2100,666,31.7,Low
DEL-RE-OCC00189,2024-12-04,21:07,DEL101,2100,1166,55.5,Medium
DEL-RE-OCC00189,2024-12-04,21:52,DEL096,2100,1256,59.8,Medium
DEL-RE-OCC00189,2024-12-04,21:45,DEL114,2100,919,43.8,Low
DEL-RE-OCC00190,2024-12-08,10:27,DEL101,1920,1352,70.5,Medium
DEL-RE-OCC00190,2024-12-08,10:44,DEL103,1920,1676,87.3,High
DEL-RE-OCC00190,2024-12-08,10:51,DEL095,1920,783,40.8,Low
DEL-RE-OCC00191,2024-12-08,21:30,DEL109,2800,1001,35.8,Low
DEL-RE-OCC00191,2024-12-08,21:36,DEL108,2800,1487,53.1,Medium
DEL-RE-OCC00191,2024-12-08,21:39,DEL114,2800,1571,56.1,Medium
DEL-RE-OCC00191,2024-12-08,21:34,DEL094,2800,457,16.4,Low
DEL-RE-OCC00192,2024-12-08,14:28,DEL094,3040,1420,46.7,Medium
DEL-RE-OCC00192,2024-12-08,14:07,DEL097,3040,1368,45.0,Medium
DEL-RE-OCC00192,2024-12-08,14:58,DEL104,3040,1269,41.8,Low
DEL-RE-OCC00192,2024-12-08,14:31,DEL092,3040,873,28.7,Low
DEL-RE-OCC00192,2024-12-08,14:39,DEL105,3040,685,22.5,Low
DEL-RE-OCC00193,2024-12-12,23:22,DEL107,1920,262,13.7,Low
DEL-RE-OCC00193,2024-12-12,23:48,DEL105,1920,177,9.2,Low
DEL-RE-OCC00193,2024-12-12,23:09,DEL092,1920,263,13.7,Low
DEL-RE-OCC00193,2024-12-12,23:03,DEL101,1920,179,9.3,Low
DEL-RE-OCC00193,2024-12-12,23:30,DEL089,1920,194,10.1,Low
DEL-RE-OCC00193,2024-12-12,23:44,DEL095,1920,193,10.1,Low
DEL-RE-OCC00194,2024-12-12,18:13,DEL103,1920,2408,125.5,Critical
DEL-RE-OCC00194,2024-12-12,18:38,DEL108,1920,2010,104.7,High
DEL-RE-OCC00194,2024-12-12,18:31,DEL104,1920,1806,94.1,High
DEL-RE-OCC00194,2024-12-12,18:05,DEL105,1920,2131,111.0,Critical
DEL-RE-OCC00195,2024-12-12,19:45,DEL089,1920,2349,122.4,Critical
DEL-RE-OCC00195,2024-12-12,19:29,DEL099,1920,1740,90.7,High
DEL-RE-OCC00195,2024-12-12,19:24,DEL110,1920,631,32.9,Low
DEL-RE-OCC00195,2024-12-12,19:24,DEL103,1920,2325,121.1,Critical
DEL-RE-OCC00195,2024-12-12,19:10,DEL098,1920,2212,115.2,Critical
DEL-RE-OCC00195,2024-12-12,19:46,DEL106,1920,2331,121.4,Critical
DEL-RE-OCC00196,2024-12-16,16:26,DEL110,3040,2479,81.5,High
DEL-RE-OCC00196,2024-12-16,16:24,DEL106,3040,1345,44.3,Low
DEL-RE-OCC00196,2024-12-16,16:18,DEL111,3040,1220,40.1,Low
DEL-RE-OCC00196,2024-12-16,16:18,DEL094,3040,3333,109.6,Critical
DEL-RE-OCC00196,2024-12-16,16:33,DEL099,3040,1169,38.5,Low
DEL-RE-OCC00197,2024-12-16,10:48,DEL098,2800,2218,79.2,Medium
DEL-RE-OCC00197,2024-12-16,10:14,DEL097,2800,1566,55.9,Medium
DEL-RE-OCC00197,2024-12-16,10:15,DEL089,2800,1869,66.8,Medium
DEL-RE-OCC00197,2024-12-16,10:42,DEL109,2800,1577,56.3,Medium
DEL-RE-OCC00198,2024-12-16,18:49,DEL113,3040,2471,81.3,High
DEL-RE-OCC00198,2024-12-16,18:40,DEL101,3040,3061,100.7,High
DEL-RE-OCC00198,2024-12-16,18:28,DEL099,3040,2425,79.8,Medium
DEL-RE-OCC00199,2024-12-20,20:48,DEL101,2100,2184,104.0,High
DEL-RE-OCC00199,2024-12-20,20:20,DEL093,2100,2282,108.7,Critical
DEL-RE-OCC00199,2024-12-20,20:25,DEL088,2100,1927,91.8,High
DEL-RE-OCC00200,2024-12-20,18:27,DEL107,2280,2075,91.1,High
DEL-RE-OCC00200,2024-12-20,18:53,DEL094,2280,1764,77.4,Medium
DEL-RE-OCC00200,2024-12-20,18:05,DEL108,2280,2923,128.2,Critical
DEL-RE-OCC00200,2024-12-20,18:04,DEL102,2280,2336,102.5,High
DEL-RE-OCC00200,2024-12-20,18:24,DEL098,2280,2082,91.4,High
DEL-RE-OCC00200,2024-12-20,18:11,DEL093,2280,2540,111.4,Critical
DEL-RE-OCC00201,2024-12-20,22:17,DEL109,1920,422,22.0,Low
DEL-RE-OCC00201,2024-12-20,22:36,DEL096,1920,794,41.4,Low
DEL-RE-OCC00201,2024-12-20,22:40,DEL091,1920,556,29.0,Low
DEL-RE-OCC00201,2024-12-20,22:13,DEL012,1920,1494,77.9,Medium
DEL-RE-OCC00201,2024-12-20,22:00,DEL090,1920,545,28.4,Low
DEL-RE-OCC00202,2024-12-24,22:58,DEL095,2100,862,41.1,Low
DEL-RE-OCC00202,2024-12-24,22:16,DEL100,2100,536,25.6,Low
DEL-RE-OCC00202,2024-12-24,22:13,DEL012,2100,1499,71.4,Medium
DEL-RE-OCC00202,2024-12-24,22:21,DEL106,2100,693,33.0,Low
DEL-RE-OCC00202,2024-12-24,22:40,DEL088,2100,555,26.4,Low
DEL-RE-OCC00202,2024-12-24,22:22,DEL102,2100,550,26.2,Low
DEL-RE-OCC00203,2024-12-24,20:21,DEL012,2800,3506,125.2,Critical
DEL-RE-OCC00203,2024-12-24,20:37,DEL092,2800,2592,92.6,High
DEL-RE-OCC00203,2024-12-24,20:10,DEL112,2800,2803,100.1,High
DEL-RE-OCC00203,2024-12-24,20:25,DEL106,2800,2651,94.7,High
DEL-RE-OCC00203,2024-12-24,20:50,DEL107,2800,1171,41.8,Low
DEL-RE-OCC00204,2024-12-24,07:14,DEL107,2560,2524,98.6,High
DEL-RE-OCC00204,2024-12-24,07:15,DEL110,2560,2271,88.7,High
DEL-RE-OCC00204,2024-12-24,07:36,DEL100,2560,1758,68.7,Medium
DEL-RE-OCC00204,2024-12-24,07:50,DEL088,2560,1421,55.5,Medium
DEL-RE-OCC00204,2024-12-24,07:06,DEL111,2560,2116,82.7,High
DEL-RE-OCC00205,2024-12-28,13:36,DEL087,3040,1638,53.9,Medium
DEL-RE-OCC00205,2024-12-28,13:18,DEL108,3040,1364,44.9,Low
DEL-RE-OCC00205,2024-12-28,13:33,DEL104,3040,1739,57.2,Medium
DEL-RE-OCC00205,2024-12-28,13:29,DEL091,3040,1145,37.7,Low
DEL-RE-OCC00205,2024-12-28,13:36,DEL093,3040,1510,49.7,Medium
DEL-RE-OCC00206,2024-12-28,13:09,DEL114,2560,1261,49.3,Medium
DEL-RE-OCC00206,2024-12-28,13:09,DEL091,2560,871,34.0,Low
DEL-RE-OCC00206,2024-12-28,13:50,DEL087,2560,837,32.7,Low
DEL-RE-OCC00206,2024-12-28,13:55,DEL094,2560,1098,42.9,Low
DEL-RE-OCC00206,2024-12-28,13:14,DEL099,2560,730,28.5,Low
DEL-RE-OCC00206,2024-12-28,13:31,DEL105,2560,491,19.2,Low
DEL-RE-OCC00207,2024-12-28,14:37,DEL093,2560,1016,39.7,Low
DEL-RE-OCC00207,2024-12-28,14:39,DEL097,2560,902,35.2,Low
DEL-RE-OCC00207,2024-12-28,14:55,DEL114,2560,1313,51.3,Medium
DEL-RE-OCC00207,2024-12-28,14:16,DEL100,2560,686,26.8,Low
DEL-VI-OCC00208,2024-10-01,15:52,DEL124,2280,897,39.4,Low
DEL-VI-OCC00208,2024-10-01,15:43,DEL118,2280,1242,54.5,Medium
DEL-VI-OCC00208,2024-10-01,15:36,DEL136,2280,801,35.1,Low
DEL-VI-OCC00209,2024-10-01,19:25,DEL133,2560,2764,108.0,Critical
DEL-VI-OCC00209,2024-10-01,19:33,DEL145,2560,2388,93.3,High
DEL-VI-OCC00209,2024-10-01,19:31,DEL135,2560,2251,88.0,High
DEL-VI-OCC00209,2024-10-01,19:23,DEL115,2560,2925,114.3,Critical
DEL-VI-OCC00209,2024-10-01,19:59,DEL125,2560,3483,136.1,Critical
DEL-VI-OCC00210,2024-10-01,08:33,DEL134,1920,1320,68.8,Medium
DEL-VI-OCC00210,2024-10-01,08:19,DEL012,1920,2069,107.8,Critical
DEL-VI-OCC00210,2024-10-01,08:11,DEL132,1920,1498,78.1,Medium
DEL-VI-OCC00211,2024-10-05,08:51,DEL124,2280,2297,100.8,High
DEL-VI-OCC00211,2024-10-05,08:22,DEL067,2280,2245,98.5,High
DEL-VI-OCC00211,2024-10-05,08:05,DEL118,2280,1537,67.4,Medium
DEL-VI-OCC00211,2024-10-05,08:37,DEL145,2280,2137,93.7,High
DEL-VI-OCC00211,2024-10-05,08:38,DEL139,2280,3044,133.5,Critical
DEL-VI-OCC00211,2024-10-05,08:00,DEL126,2280,2533,111.1,Critical
DEL-VI-OCC00212,2024-10-05,18:01,DEL133,2800,2712,96.9,High
DEL-VI-OCC00212,2024-10-05,18:44,DEL135,2800,3543,126.5,Critical
DEL-VI-OCC00212,2024-10-05,18:10,DEL140,2800,2599,92.8,High
DEL-VI-OCC00212,2024-10-05,18:53,DEL121,2800,1681,60.0,Medium
DEL-VI-OCC00213,2024-10-05,23:02,DEL138,2560,218,8.5,Low
DEL-VI-OCC00213,2024-10-05,23:34,DEL118,2560,490,19.2,Low
DEL-VI-OCC00213,2024-10-05,23:45,DEL125,2560,732,28.6,Low
DEL-VI-OCC00214,2024-10-09,23:49,DEL121,2560,237,9.3,Low
DEL-VI-OCC00214,2024-10-09,23:31,DEL142,2560,304,11.9,Low
DEL-VI-OCC00214,2024-10-09,23:23,DEL115,2560,215,8.4,Low
DEL-VI-OCC00214,2024-10-09,23:47,DEL134,2560,612,23.9,Low
DEL-VI-OCC00214,2024-10-09,23:14,DEL132,2560,718,28.1,Low
DEL-VI-OCC00214,2024-10-09,23:57,DEL018,2560,1567,61.2,Medium
DEL-VI-OCC00215,2024-10-09,22:30,DEL118,2280,846,37.1,Low
DEL-VI-OCC00215,2024-10-09,22:00,DEL139,2280,794,34.8,Low
DEL-VI-OCC00215,2024-10-09,22:12,DEL121,2280,269,11.8,Low
DEL-VI-OCC00215,2024-10-09,22:25,DEL012,2280,1254,55.0,Medium
DEL-VI-OCC00215,2024-10-09,22:13,DEL115,2280,556,24.4,Low
DEL-VI-OCC00215,2024-10-09,22:05,DEL125,2280,947,41.5,Low
DEL-VI-OCC00216,2024-10-09,11:37,DEL127,1920,566,29.5,Low
DEL-VI-OCC00216,2024-10-09,11:37,DEL137,1920,803,41.8,Low
DEL-VI-OCC00216,2024-10-09,11:08,DEL130,1920,653,34.1,Low
DEL-VI-OCC00217,2024-10-13,19:18,DEL119,2800,2478,88.5,High
DEL-VI-OCC00217,2024-10-13,19:25,DEL132,2800,3447,123.1,Critical
DEL-VI-OCC00217,2024-10-13,19:11,DEL143,2800,3228,115.3,Critical
DEL-VI-OCC00217,2024-10-13,19:33,DEL144,2800,2452,87.6,High
DEL-VI-OCC00218,2024-10-13,14:01,DEL067,2560,1407,55.0,Medium
DEL-VI-OCC00218,2024-10-13,14:04,DEL012,2560,1780,69.6,Medium
DEL-VI-OCC00218,2024-10-13,14:49,DEL117,2560,461,18.0,Low
DEL-VI-OCC00218,2024-10-13,14:00,DEL133,2560,638,24.9,Low
DEL-VI-OCC00218,2024-10-13,14:01,DEL128,2560,1067,41.7,Low
DEL-VI-OCC00218,2024-10-13,14:48,DEL137,2560,1220,47.7,Medium
DEL-VI-OCC00219,2024-10-13,10:10,DEL131,3040,2054,67.6,Medium
DEL-VI-OCC00219,2024-10-13,10:12,DEL118,3040,2958,97.3,High
DEL-VI-OCC00219,2024-10-13,10:26,DEL145,3040,1538,50.6,Medium
DEL-VI-OCC00219,2024-10-13,10:38,DEL136,3040,3672,120.8,Critical
DEL-VI-OCC00219,2024-10-13,10:00,DEL124,3040,1380,45.4,Medium
DEL-VI-OCC00220,2024-10-17,14:29,DEL120,2800,972,34.7,Low
DEL-VI-OCC00220,2024-10-17,14:52,DEL135,2800,985,35.2,Low
DEL-VI-OCC00220,2024-10-17,14:46,DEL134,2800,1162,41.5,Low
DEL-VI-OCC00220,2024-10-17,14:47,DEL122,2800,943,33.7,Low
DEL-VI-OCC00220,2024-10-17,14:22,DEL129,2800,1169,41.8,Low
DEL-VI-OCC00220,2024-10-17,14:28,DEL119,2800,1146,41.0,Low
DEL-VI-OCC00221,2024-10-17,09:43,DEL117,2800,3002,107.2,Critical
DEL-VI-OCC00221,2024-10-17,09:01,DEL135,2800,2813,100.5,High
DEL-VI-OCC00221,2024-10-17,09:31,DEL067,2800,1592,56.9,Medium
DEL-VI-OCC00221,2024-10-17,09:31,DEL120,2800,3852,137.6,Critical
DEL-VI-OCC00221,2024-10-17,09:17,DEL137,2800,3920,140,Critical
DEL-VI-OCC00222,2024-10-17,22:05,DEL127,1920,352,18.3,Low
DEL-VI-OCC00222,2024-10-17,22:40,DEL128,1920,230,12.0,Low
DEL-VI-OCC00222,2024-10-17,22:19,DEL133,1920,531,27.7,Low
DEL-VI-OCC00222,2024-10-17,22:39,DEL117,1920,746,38.9,Low
DEL-VI-OCC00223,2024-10-21,11:13,DEL137,2100,1125,53.6,Medium
DEL-VI-OCC00223,2024-10-21,11:23,DEL141,2100,603,28.8,Low
DEL-VI-OCC00223,2024-10-21,11:34,DEL125,2100,1374,65.5,Medium
DEL-VI-OCC00223,2024-10-21,11:42,DEL134,2100,1197,57.0,Medium
DEL-VI-OCC00224,2024-10-21,12:30,DEL124,2100,580,27.6,Low
DEL-VI-OCC00224,2024-10-21,12:56,DEL119,2100,1205,57.4,Medium
DEL-VI-OCC00224,2024-10-21,12:46,DEL141,2100,635,30.3,Low
DEL-VI-OCC00225,2024-10-21,19:59,DEL141,2280,802,35.2,Low
DEL-VI-OCC00225,2024-10-21,19:21,DEL126,2280,1964,86.2,High
DEL-VI-OCC00225,2024-10-21,19:29,DEL018,2280,2699,118.4,Critical
DEL-VI-OCC00225,2024-10-21,19:54,DEL145,2280,2204,96.7,High
DEL-VI-OCC00226,2024-10-25,10:47,DEL144,2280,974,42.7,Low
DEL-VI-OCC00226,2024-10-25,10:35,DEL120,2280,2119,92.9,High
DEL-VI-OCC00226,2024-10-25,10:01,DEL129,2280,808,35.5,Low
DEL-VI-OCC00227,2024-10-25,05:41,DEL136,2560,315,12.3,Low
DEL-VI-OCC00227,2024-10-25,05:10,DEL141,2560,275,10.8,Low
DEL-VI-OCC00227,2024-10-25,05:41,DEL115,2560,243,9.5,Low
DEL-VI-OCC00227,2024-10-25,05:47,DEL138,2560,217,8.5,Low
DEL-VI-OCC00227,2024-10-25,05:43,DEL122,2560,640,25.0,Low
DEL-VI-OCC00227,2024-10-25,05:25,DEL143,2560,271,10.6,Low
DEL-VI-OCC00228,2024-10-25,11:25,DEL137,2800,1415,50.6,Medium
DEL-VI-OCC00228,2024-10-25,11:09,DEL127,2800,806,28.8,Low
DEL-VI-OCC00228,2024-10-25,11:24,DEL140,2800,1166,41.7,Low
DEL-VI-OCC00228,2024-10-25,11:32,DEL135,2800,1352,48.3,Medium
DEL-VI-OCC00229,2024-10-29,19:31,DEL117,1920,2622,136.6,Critical
DEL-VI-OCC00229,2024-10-29,19:34,DEL137,1920,2354,122.6,Critical
DEL-VI-OCC00229,2024-10-29,19:12,DEL116,1920,2374,123.7,Critical
DEL-VI-OCC00230,2024-10-29,15:47,DEL123,2280,1515,66.5,Medium
DEL-VI-OCC00230,2024-10-29,15:16,DEL124,2280,930,40.8,Low
DEL-VI-OCC00230,2024-10-29,15:57,DEL018,2280,1821,79.9,Medium
DEL-VI-OCC00230,2024-10-29,15:14,DEL121,2280,1712,75.1,Medium
DEL-VI-OCC00230,2024-10-29,15:25,DEL134,2280,741,32.5,Low
DEL-VI-OCC00231,2024-10-29,08:17,DEL136,2280,1877,82.4,High
DEL-VI-OCC00231,2024-10-29,08:35,DEL123,2280,2148,94.3,High
DEL-VI-OCC00231,2024-10-29,08:06,DEL121,2280,3189,139.9,Critical
DEL-VI-OCC00232,2024-11-02,18:13,DEL129,3040,1661,54.7,Medium
DEL-VI-OCC00232,2024-11-02,18:00,DEL128,3040,1497,49.2,Medium
DEL-VI-OCC00232,2024-11-02,18:35,DEL145,3040,3080,101.3,High
DEL-VI-OCC00233,2024-11-02,19:42,DEL119,3040,3723,122.5,Critical
DEL-VI-OCC00233,2024-11-02,19:37,DEL142,3040,1664,54.8,Medium
DEL-VI-OCC00233,2024-11-02,19:27,DEL123,3040,1461,48.1,Medium
DEL-VI-OCC00234,2024-11-02,16:55,DEL115,2560,1055,41.2,Low
DEL-VI-OCC00234,2024-11-02,16:03,DEL142,2560,2688,105.0,Critical
DEL-VI-OCC00234,2024-11-02,16:23,DEL141,2560,2201,86.0,High
DEL-VI-OCC00234,2024-11-02,16:24,DEL139,2560,1279,50.0,Medium
DEL-VI-OCC00234,2024-11-02,16:08,DEL128,2560,1850,72.3,Medium
DEL-VI-OCC00235,2024-11-06,10:01,DEL126,2800,2012,71.9,Medium
DEL-VI-OCC00235,2024-11-06,10:46,DEL115,2800,1837,65.6,Medium
DEL-VI-OCC00235,2024-11-06,10:59,DEL018,2800,3149,112.5,Critical
DEL-VI-OCC00236,2024-11-06,15:55,DEL145,3040,1033,34.0,Low
DEL-VI-OCC00236,2024-11-06,15:18,DEL144,3040,1037,34.1,Low
DEL-VI-OCC00236,2024-11-06,15:04,DEL124,3040,813,26.8,Low
DEL-VI-OCC00236,2024-11-06,15:43,DEL116,3040,1402,46.1,Medium
DEL-VI-OCC00237,2024-11-06,09:20,DEL120,2560,2724,106.4,Critical
DEL-VI-OCC00237,2024-11-06,09:19,DEL116,2560,2496,97.5,High
DEL-VI-OCC00237,2024-11-06,09:43,DEL133,2560,2516,98.3,High
DEL-VI-OCC00237,2024-11-06,09:56,DEL126,2560,2937,114.7,Critical
DEL-VI-OCC00238,2024-11-10,19:35,DEL137,2100,1969,93.8,High
DEL-VI-OCC00238,2024-11-10,19:00,DEL144,2100,1907,90.9,High
DEL-VI-OCC00238,2024-11-10,19:05,DEL142,2100,1097,52.3,Medium
DEL-VI-OCC00238,2024-11-10,19:26,DEL124,2100,1753,83.5,High
DEL-VI-OCC00239,2024-11-10,05:58,DEL135,3040,436,14.4,Low
DEL-VI-OCC00239,2024-11-10,05:35,DEL143,3040,344,11.3,Low
DEL-VI-OCC00239,2024-11-10,05:10,DEL117,3040,348,11.5,Low
DEL-VI-OCC00239,2024-11-10,05:45,DEL138,3040,362,11.9,Low
DEL-VI-OCC00239,2024-11-10,05:37,DEL123,3040,309,10.2,Low
DEL-VI-OCC00239,2024-11-10,05:03,DEL142,3040,395,13.0,Low
DEL-VI-OCC00240,2024-11-10,18:20,DEL115,2280,1828,80.2,High
DEL-VI-OCC00240,2024-11-10,18:23,DEL136,2280,2597,113.9,Critical
DEL-VI-OCC00240,2024-11-10,18:57,DEL124,2280,2349,103.0,High
DEL-VI-OCC00241,2024-11-14,11:21,DEL140,1920,559,29.1,Low
DEL-VI-OCC00241,2024-11-14,11:45,DEL128,1920,486,25.3,Low
DEL-VI-OCC00241,2024-11-14,11:51,DEL126,1920,635,33.1,Low
DEL-VI-OCC00241,2024-11-14,11:41,DEL145,1920,537,28.0,Low
DEL-VI-OCC00241,2024-11-14,11:08,DEL116,1920,1085,56.5,Medium
DEL-VI-OCC00241,2024-11-14,11:11,DEL138,1920,690,36.0,Low
DEL-VI-OCC00242,2024-11-14,15:14,DEL125,2800,1518,54.2,Medium
DEL-VI-OCC00242,2024-11-14,15:24,DEL133,2800,981,35.0,Low
DEL-VI-OCC00242,2024-11-14,15:55,DEL130,2800,1007,36.0,Low
DEL-VI-OCC00243,2024-11-14,09:14,DEL119,2800,3874,138.4,Critical
DEL-VI-OCC00243,2024-11-14,09:39,DEL128,2800,2173,77.6,Medium
DEL-VI-OCC00243,2024-11-14,09:41,DEL142,2800,2403,85.8,High
DEL-VI-OCC00243,2024-11-14,09:33,DEL118,2800,3634,129.8,Critical
DEL-VI-OCC00243,2024-11-14,09:12,DEL134,2800,3670,131.1,Critical
DEL-VI-OCC00243,2024-11-14,09:24,DEL018,2800,3662,130.8,Critical
DEL-VI-OCC00244,2024-11-18,10:30,DEL124,2100,1403,66.8,Medium
DEL-VI-OCC00244,2024-11-18,10:29,DEL133,2100,1105,52.6,Medium
DEL-VI-OCC00244,2024-11-18,10:16,DEL123,2100,1037,49.4,Medium
DEL-VI-OCC00244,2024-11-18,10:33,DEL143,2100,2313,110.2,Critical
DEL-VI-OCC00244,2024-11-18,10:10,DEL130,2100,966,46.0,Medium
DEL-VI-OCC00244,2024-11-18,10:38,DEL144,2100,952,45.4,Medium
DEL-VI-OCC00245,2024-11-18,10:11,DEL122,3040,1735,57.1,Medium
DEL-VI-OCC00245,2024-11-18,10:46,DEL133,3040,2078,68.4,Medium
DEL-VI-OCC00245,2024-11-18,10:06,DEL138,3040,1357,44.6,Low
DEL-VI-OCC00246,2024-11-18,10:01,DEL125,2560,2019,78.9,Medium
DEL-VI-OCC00246,2024-11-18,10:55,DEL138,2560,1193,46.6,Medium
DEL-VI-OCC00246,2024-11-18,10:19,DEL134,2560,2995,117.0,Critical
DEL-VI-OCC00246,2024-11-18,10:17,DEL121,2560,952,37.2,Low
DEL-VI-OCC00246,2024-11-18,10:34,DEL067,2560,1041,40.7,Low
DEL-VI-OCC00247,2024-11-22,18:50,DEL139,3040,3810,125.4,Critical
DEL-VI-OCC00247,2024-11-22,18:03,DEL122,3040,2895,95.2,High
DEL-VI-OCC00247,2024-11-22,18:07,DEL116,3040,2269,74.6,Medium
DEL-VI-OCC00247,2024-11-22,18:41,DEL138,3040,3668,120.7,Critical
DEL-VI-OCC00247,2024-11-22,18:40,DEL126,3040,2754,90.6,High
DEL-VI-OCC00247,2024-11-22,18:30,DEL123,3040,2620,86.2,High
DEL-VI-OCC00248,2024-11-22,18:22,DEL115,3040,3737,122.9,Critical
DEL-VI-OCC00248,2024-11-22,18:24,DEL123,3040,2241,73.7,Medium
DEL-VI-OCC00248,2024-11-22,18:11,DEL137,3040,3414,112.3,Critical
DEL-VI-OCC00248,2024-11-22,18:57,DEL124,3040,3753,123.5,Critical
DEL-VI-OCC00248,2024-11-22,18:23,DEL125,3040,3727,122.6,Critical
DEL-VI-OCC00248,2024-11-22,18:18,DEL122,3040,2238,73.6,Medium
DEL-VI-OCC00249,2024-11-22,09:48,DEL122,2100,1858,88.5,High
DEL-VI-OCC00249,2024-11-22,09:13,DEL142,2100,1627,77.5,Medium
DEL-VI-OCC00249,2024-11-22,09:56,DEL133,2100,1811,86.2,High
DEL-VI-OCC00249,2024-11-22,09:36,DEL128,2100,2122,101.1,High
DEL-VI-OCC00249,2024-11-22,09:59,DEL130,2100,2316,110.3,Critical
DEL-VI-OCC00250,2024-11-26,23:59,DEL121,2800,342,12.2,Low
DEL-VI-OCC00250,2024-11-26,23:05,DEL067,2800,399,14.3,Low
DEL-VI-OCC00250,2024-11-26,23:55,DEL137,2800,470,16.8,Low
DEL-VI-OCC00250,2024-11-26,23:38,DEL133,2800,319,11.4,Low
DEL-VI-OCC00250,2024-11-26,23:39,DEL117,2800,282,10.1,Low
DEL-VI-OCC00251,2024-11-26,08:58,DEL018,2560,3228,126.1,Critical
DEL-VI-OCC00251,2024-11-26,08:29,DEL123,2560,3447,134.7,Critical
DEL-VI-OCC00251,2024-11-26,08:54,DEL124,2560,2264,88.4,High
DEL-VI-OCC00252,2024-11-26,20:11,DEL135,2560,2584,101.0,High
DEL-VI-OCC00252,2024-11-26,20:18,DEL117,2560,2872,112.2,Critical
DEL-VI-OCC00252,2024-11-26,20:58,DEL129,2560,1082,42.3,Low
DEL-VI-OCC00252,2024-11-26,20:10,DEL139,2560,2672,104.4,High
DEL-VI-OCC00252,2024-11-26,20:04,DEL123,2560,924,36.1,Low
DEL-VI-OCC00252,2024-11-26,20:29,DEL132,2560,2852,111.4,Critical
DEL-VI-OCC00253,2024-11-30,15:32,DEL012,1920,1240,64.6,Medium
DEL-VI-OCC00253,2024-11-30,15:03,DEL134,1920,976,50.8,Medium
DEL-VI-OCC00253,2024-11-30,15:24,DEL116,1920,922,48.1,Medium
DEL-VI-OCC00253,2024-11-30,15:07,DEL129,1920,1335,69.6,Medium
DEL-VI-OCC00253,2024-11-30,15:10,DEL117,1920,683,35.6,Low
DEL-VI-OCC00253,2024-11-30,15:07,DEL137,1920,852,44.4,Low
DEL-VI-OCC00254,2024-11-30,20:39,DEL123,1920,486,25.4,Low
DEL-VI-OCC00254,2024-11-30,20:18,DEL140,1920,1477,77.0,Medium
DEL-VI-OCC00254,2024-11-30,20:12,DEL141,1920,637,33.2,Low
DEL-VI-OCC00254,2024-11-30,20:54,DEL018,1920,2355,122.7,Critical
DEL-VI-OCC00254,2024-11-30,20:15,DEL122,1920,1328,69.2,Medium
DEL-VI-OCC00254,2024-11-30,20:08,DEL012,1920,2045,106.6,Critical
DEL-VI-OCC00255,2024-11-30,09:32,DEL145,1920,1923,100.2,High
DEL-VI-OCC00255,2024-11-30,09:39,DEL123,1920,1351,70.4,Medium
DEL-VI-OCC00255,2024-11-30,09:47,DEL135,1920,2068,107.7,Critical
DEL-VI-OCC00255,2024-11-30,09:13,DEL144,1920,1759,91.6,High
DEL-VI-OCC00255,2024-11-30,09:06,DEL132,1920,2358,122.8,Critical
DEL-VI-OCC00256,2024-12-04,19:54,DEL126,2100,2159,102.8,High
DEL-VI-OCC00256,2024-12-04,19:16,DEL141,2100,966,46.0,Medium
DEL-VI-OCC00256,2024-12-04,19:33,DEL115,2100,2116,100.8,High
DEL-VI-OCC00256,2024-12-04,19:42,DEL127,2100,2060,98.1,High
DEL-VI-OCC00256,2024-12-04,19:25,DEL139,2100,2484,118.3,Critical
DEL-VI-OCC00257,2024-12-04,22:11,DEL140,2100,678,32.3,Low
DEL-VI-OCC00257,2024-12-04,22:52,DEL116,2100,861,41.0,Low
DEL-VI-OCC00257,2024-12-04,22:25,DEL133,2100,711,33.9,Low
DEL-VI-OCC00258,2024-12-04,10:26,DEL144,2560,1054,41.2,Low
DEL-VI-OCC00258,2024-12-04,10:46,DEL126,2560,1159,45.3,Medium
DEL-VI-OCC00258,2024-12-04,10:15,DEL131,2560,2111,82.5,High
DEL-VI-OCC00258,2024-12-04,10:28,DEL140,2560,1135,44.4,Low
DEL-VI-OCC00259,2024-12-08,20:53,DEL123,1920,637,33.2,Low
DEL-VI-OCC00259,2024-12-08,20:38,DEL141,1920,656,34.2,Low
DEL-VI-OCC00259,2024-12-08,20:11,DEL115,1920,1804,94.0,High
DEL-VI-OCC00259,2024-12-08,20:28,DEL145,1920,1258,65.6,Medium
DEL-VI-OCC00259,2024-12-08,20:01,DEL125,1920,1836,95.7,High
DEL-VI-OCC00259,2024-12-08,20:59,DEL132,1920,1904,99.2,High
DEL-VI-OCC00260,2024-12-08,06:26,DEL138,1920,784,40.8,Low
DEL-VI-OCC00260,2024-12-08,06:45,DEL144,1920,606,31.6,Low
DEL-VI-OCC00260,2024-12-08,06:49,DEL145,1920,777,40.5,Low
DEL-VI-OCC00260,2024-12-08,06:25,DEL133,1920,546,28.5,Low
DEL-VI-OCC00261,2024-12-08,10:19,DEL134,3040,2509,82.6,High
DEL-VI-OCC00261,2024-12-08,10:42,DEL124,3040,1799,59.2,Medium
DEL-VI-OCC00261,2024-12-08,10:46,DEL116,3040,1994,65.6,Medium
DEL-VI-OCC00262,2024-12-12,08:09,DEL132,2560,2011,78.6,Medium
DEL-VI-OCC00262,2024-12-12,08:38,DEL125,2560,1996,78.0,Medium
DEL-VI-OCC00262,2024-12-12,08:55,DEL121,2560,3584,140,Critical
DEL-VI-OCC00262,2024-12-12,08:00,DEL140,2560,3584,140,Critical
DEL-VI-OCC00262,2024-12-12,08:57,DEL122,2560,2199,85.9,High
DEL-VI-OCC00262,2024-12-12,08:49,DEL130,2560,2649,103.5,High
DEL-VI-OCC00263,2024-12-12,21:03,DEL127,3040,1207,39.7,Low
DEL-VI-OCC00263,2024-12-12,21:05,DEL142,3040,706,23.2,Low
DEL-VI-OCC00263,2024-12-12,21:03,DEL126,3040,1731,57.0,Medium
DEL-VI-OCC00263,2024-12-12,21:56,DEL012,3040,2478,81.5,High
DEL-VI-OCC00263,2024-12-12,21:08,DEL143,3040,1713,56.4,Medium
DEL-VI-OCC00264,2024-12-12,19:25,DEL132,2560,3119,121.9,Critical
DEL-VI-OCC00264,2024-12-12,19:27,DEL133,2560,2104,82.2,High
DEL-VI-OCC00264,2024-12-12,19:15,DEL123,2560,1077,42.1,Low
DEL-VI-OCC00264,2024-12-12,19:43,DEL145,2560,3442,134.5,Critical
DEL-VI-OCC00264,2024-12-12,19:19,DEL115,2560,2215,86.5,High
DEL-VI-OCC00264,2024-12-12,19:07,DEL018,2560,3316,129.5,Critical
DEL-VI-OCC00265,2024-12-16,08:10,DEL138,2280,2906,127.5,Critical
DEL-VI-OCC00265,2024-12-16,08:22,DEL132,2280,2458,107.8,Critical
DEL-VI-OCC00265,2024-12-16,08:40,DEL140,2280,2829,124.1,Critical
DEL-VI-OCC00265,2024-12-16,08:27,DEL117,2280,2351,103.1,High
DEL-VI-OCC00265,2024-12-16,08:46,DEL130,2280,2493,109.4,Critical
DEL-VI-OCC00266,2024-12-16,09:05,DEL143,2280,2595,113.8,Critical
DEL-VI-OCC00266,2024-12-16,09:55,DEL136,2280,2391,104.9,High
DEL-VI-OCC00266,2024-12-16,09:12,DEL127,2280,1348,59.1,Medium
DEL-VI-OCC00266,2024-12-16,09:08,DEL121,2280,2326,102.0,High
DEL-VI-OCC00267,2024-12-16,09:57,DEL139,2800,2170,77.5,Medium
DEL-VI-OCC00267,2024-12-16,09:58,DEL138,2800,3247,116.0,Critical
DEL-VI-OCC00267,2024-12-16,09:38,DEL119,2800,3220,115.0,Critical
DEL-VI-OCC00267,2024-12-16,09:16,DEL120,2800,3681,131.5,Critical
DEL-VI-OCC00267,2024-12-16,09:38,DEL137,2800,3039,108.6,Critical
DEL-VI-OCC00267,2024-12-16,09:19,DEL018,2800,3694,131.9,Critical
DEL-VI-OCC00268,2024-12-20,21:04,DEL137,2560,1648,64.4,Medium
DEL-VI-OCC00268,2024-12-20,21:45,DEL144,2560,1086,42.4,Low
DEL-VI-OCC00268,2024-12-20,21:04,DEL129,2560,728,28.5,Low
DEL-VI-OCC00268,2024-12-20,21:29,DEL133,2560,1509,59.0,Medium
DEL-VI-OCC00268,2024-12-20,21:00,DEL128,2560,431,16.8,Low
DEL-VI-OCC00269,2024-12-20,23:11,DEL135,2280,432,18.9,Low
DEL-VI-OCC00269,2024-12-20,23:53,DEL117,2280,281,12.4,Low
DEL-VI-OCC00269,2024-12-20,23:23,DEL140,2280,282,12.4,Low
DEL-VI-OCC00269,2024-12-20,23:14,DEL121,2280,225,9.9,Low
DEL-VI-OCC00270,2024-12-20,09:31,DEL139,2800,2397,85.6,High
DEL-VI-OCC00270,2024-12-20,09:50,DEL143,2800,2808,100.3,High
DEL-VI-OCC00270,2024-12-20,09:36,DEL132,2800,3369,120.4,Critical
DEL-VI-OCC00270,2024-12-20,09:38,DEL141,2800,2855,102.0,High
DEL-VI-OCC00270,2024-12-20,09:13,DEL144,2800,3065,109.5,Critical
DEL-VI-OCC00271,2024-12-24,19:08,DEL012,3040,2800,92.1,High
DEL-VI-OCC00271,2024-12-24,19:50,DEL145,3040,2939,96.7,High
DEL-VI-OCC00271,2024-12-24,19:22,DEL120,3040,2737,90.0,High
DEL-VI-OCC00271,2024-12-24,19:36,DEL125,3040,3483,114.6,Critical
DEL-VI-OCC00271,2024-12-24,19:50,DEL133,3040,2999,98.7,High
DEL-VI-OCC00271,2024-12-24,19:49,DEL140,3040,3845,126.5,Critical
DEL-VI-OCC00272,2024-12-24,13:17,DEL067,2560,1234,48.2,Medium
DEL-VI-OCC00272,2024-12-24,13:58,DEL018,2560,2180,85.2,High
DEL-VI-OCC00272,2024-12-24,13:23,DEL128,2560,1261,49.3,Medium
DEL-VI-OCC00272,2024-12-24,13:59,DEL136,2560,1208,47.2,Medium
DEL-VI-OCC00272,2024-12-24,13:07,DEL137,2560,1327,51.9,Medium
DEL-VI-OCC00273,2024-12-24,22:07,DEL143,2800,730,26.1,Low
DEL-VI-OCC00273,2024-12-24,22:12,DEL134,2800,1007,36.0,Low
DEL-VI-OCC00273,2024-12-24,22:07,DEL135,2800,950,34.0,Low
DEL-VI-OCC00273,2024-12-24,22:54,DEL131,2800,1049,37.5,Low
DEL-VI-OCC00273,2024-12-24,22:20,DEL120,2800,860,30.7,Low
DEL-VI-OCC00273,2024-12-24,22:07,DEL121,2800,228,8.2,Low
DEL-VI-OCC00274,2024-12-28,15:18,DEL143,2100,983,46.8,Medium
DEL-VI-OCC00274,2024-12-28,15:25,DEL138,2100,686,32.7,Low
DEL-VI-OCC00274,2024-12-28,15:05,DEL115,2100,722,34.4,Low
DEL-VI-OCC00274,2024-12-28,15:15,DEL144,2100,676,32.2,Low
DEL-VI-OCC00274,2024-12-28,15:52,DEL126,2100,847,40.4,Low
DEL-VI-OCC00275,2024-12-28,11:09,DEL142,2280,590,25.9,Low
DEL-VI-OCC00275,2024-12-28,11:58,DEL119,2280,1446,63.4,Medium
DEL-VI-OCC00275,2024-12-28,11:25,DEL131,2280,1174,51.5,Medium
DEL-VI-OCC00275,2024-12-28,11:44,DEL138,2280,791,34.7,Low
DEL-VI-OCC00275,2024-12-28,11:30,DEL126,2280,650,28.5,Low
DEL-VI-OCC00275,2024-12-28,11:32,DEL120,2280,994,43.6,Low
DEL-VI-OCC00276,2024-12-28,17:51,DEL115,2280,1858,81.5,High
DEL-VI-OCC00276,2024-12-28,17:31,DEL122,2280,1770,77.6,Medium
DEL-VI-OCC00276,2024-12-28,17:37,DEL136,2280,1332,58.5,Medium
DEL-VI-OCC00276,2024-12-28,17:59,DEL131,2280,1514,66.4,Medium
DEL-VI-OCC00276,2024-12-28,17:25,DEL119,2280,1320,57.9,Medium
DEL-VI-OCC00276,2024-12-28,17:53,DEL137,2280,1488,65.3,Medium
DEL-MA-OCC00277,2024-10-01,21:17,DEL150,3040,2750,90.5,High
DEL-MA-OCC00277,2024-10-01,21:50,DEL161,3040,2064,67.9,Medium
DEL-MA-OCC00277,2024-10-01,21:28,DEL147,3040,855,28.1,Low
DEL-MA-OCC00277,2024-10-01,21:49,DEL146,3040,680,22.4,Low
DEL-MA-OCC00278,2024-10-01,09:27,DEL157,2280,2846,124.9,Critical
DEL-MA-OCC00278,2024-10-01,09:31,DEL161,2280,2924,128.3,Critical
DEL-MA-OCC00278,2024-10-01,09:05,DEL159,2280,2587,113.5,Critical
DEL-MA-OCC00279,2024-10-01,15:53,DEL161,3040,986,32.4,Low
DEL-MA-OCC00279,2024-10-01,15:20,DEL164,3040,1071,35.3,Low
DEL-MA-OCC00279,2024-10-01,15:38,DEL025,3040,1110,36.5,Low
DEL-MA-OCC00279,2024-10-01,15:35,DEL160,3040,1618,53.3,Medium
DEL-MA-OCC00279,2024-10-01,15:09,DEL151,3040,917,30.2,Low
DEL-MA-OCC00280,2024-10-05,07:36,DEL127,1920,1590,82.8,High
DEL-MA-OCC00280,2024-10-05,07:39,DEL153,1920,870,45.3,Medium
DEL-MA-OCC00280,2024-10-05,07:35,DEL051,1920,1889,98.4,High
DEL-MA-OCC00280,2024-10-05,07:27,DEL148,1920,1674,87.2,High
DEL-MA-OCC00280,2024-10-05,07:49,DEL154,1920,1753,91.3,High
DEL-MA-OCC00280,2024-10-05,07:34,DEL152,1920,969,50.5,Medium
DEL-MA-OCC00281,2024-10-05,09:42,DEL152,2560,2440,95.3,High
DEL-MA-OCC00281,2024-10-05,09:49,DEL153,2560,3005,117.4,Critical
DEL-MA-OCC00281,2024-10-05,09:40,DEL155,2560,2292,89.5,High
DEL-MA-OCC00282,2024-10-05,16:04,DEL164,1920,784,40.8,Low
DEL-MA-OCC00282,2024-10-05,16:51,DEL146,1920,1663,86.7,High
DEL-MA-OCC00282,2024-10-05,16:13,DEL154,1920,1010,52.6,Medium
DEL-MA-OCC00283,2024-10-09,12:15,DEL148,1920,419,21.9,Low
DEL-MA-OCC00283,2024-10-09,12:25,DEL164,1920,313,16.3,Low
DEL-MA-OCC00283,2024-10-09,12:38,DEL166,1920,612,31.9,Low
DEL-MA-OCC00283,2024-10-09,12:20,DEL155,1920,677,35.3,Low
DEL-MA-OCC00283,2024-10-09,12:35,DEL157,1920,1022,53.3,Medium
DEL-MA-OCC00283,2024-10-09,12:45,DEL025,1920,728,37.9,Low
DEL-MA-OCC00284,2024-10-09,19:23,DEL151,3040,2789,91.8,High
DEL-MA-OCC00284,2024-10-09,19:38,DEL152,3040,2630,86.5,High
DEL-MA-OCC00284,2024-10-09,19:52,DEL078,3040,2939,96.7,High
DEL-MA-OCC00284,2024-10-09,19:18,DEL148,3040,3175,104.4,High
DEL-MA-OCC00284,2024-10-09,19:46,DEL146,3040,1498,49.3,Medium
DEL-MA-OCC00284,2024-10-09,19:34,DEL156,3040,3944,129.7,Critical
DEL-MA-OCC00285,2024-10-09,16:08,DEL147,2560,1584,61.9,Medium
DEL-MA-OCC00285,2024-10-09,16:42,DEL161,2560,1299,50.8,Medium
DEL-MA-OCC00285,2024-10-09,16:03,DEL155,2560,1796,70.2,Medium
DEL-MA-OCC00285,2024-10-09,16:31,DEL152,2560,1238,48.4,Medium
DEL-MA-OCC00285,2024-10-09,16:01,DEL163,2560,1719,67.2,Medium
DEL-MA-OCC00286,2024-10-13,18:47,DEL159,2100,1194,56.9,Medium
DEL-MA-OCC00286,2024-10-13,18:13,DEL127,2100,1964,93.6,High
DEL-MA-OCC00286,2024-10-13,18:28,DEL156,2100,1828,87.0,High
DEL-MA-OCC00286,2024-10-13,18:07,DEL150,2100,2772,132.0,Critical
DEL-MA-OCC00287,2024-10-13,10:10,DEL166,1920,670,34.9,Low
DEL-MA-OCC00287,2024-10-13,10:29,DEL164,1920,1060,55.3,Medium
DEL-MA-OCC00287,2024-10-13,10:38,DEL146,1920,1007,52.5,Medium
DEL-MA-OCC00288,2024-10-13,09:57,DEL155,2800,2921,104.3,High
DEL-MA-OCC00288,2024-10-13,09:49,DEL160,2800,3708,132.4,Critical
DEL-MA-OCC00288,2024-10-13,09:46,DEL152,2800,2854,101.9,High
DEL-MA-OCC00288,2024-10-13,09:18,DEL163,2800,2708,96.7,High
DEL-MA-OCC00288,2024-10-13,09:10,DEL051,2800,2179,77.9,Medium
DEL-MA-OCC00288,2024-10-13,09:14,DEL127,2800,1627,58.1,Medium
DEL-MA-OCC00289,2024-10-17,11:37,DEL153,2800,1508,53.9,Medium
DEL-MA-OCC00289,2024-10-17,11:15,DEL150,2800,1805,64.5,Medium
DEL-MA-OCC00289,2024-10-17,11:55,DEL051,2800,1068,38.2,Low
DEL-MA-OCC00290,2024-10-17,08:45,DEL156,2800,2097,74.9,Medium
DEL-MA-OCC00290,2024-10-17,08:17,DEL165,2800,2902,103.7,High
DEL-MA-OCC00290,2024-10-17,08:30,DEL161,2800,2364,84.4,High
DEL-MA-OCC00291,2024-10-17,20:33,DEL153,2100,2241,106.7,Critical
DEL-MA-OCC00291,2024-10-17,20:55,DEL161,2100,2233,106.3,Critical
DEL-MA-OCC00291,2024-10-17,20:34,DEL025,2100,1856,88.4,High
DEL-MA-OCC00292,2024-10-21,20:15,DEL051,2100,1916,91.3,High
DEL-MA-OCC00292,2024-10-21,20:28,DEL127,2100,1184,56.4,Medium
DEL-MA-OCC00292,2024-10-21,20:39,DEL158,2100,2291,109.1,Critical
DEL-MA-OCC00293,2024-10-21,14:42,DEL152,2800,1107,39.6,Low
DEL-MA-OCC00293,2024-10-21,14:56,DEL164,2800,466,16.7,Low
DEL-MA-OCC00293,2024-10-21,14:01,DEL166,2800,1522,54.4,Medium
DEL-MA-OCC00294,2024-10-21,06:13,DEL162,2100,563,26.8,Low
DEL-MA-OCC00294,2024-10-21,06:39,DEL155,2100,810,38.6,Low
DEL-MA-OCC00294,2024-10-21,06:15,DEL051,2100,616,29.3,Low
DEL-MA-OCC00294,2024-10-21,06:36,DEL152,2100,359,17.1,Low
DEL-MA-OCC00294,2024-10-21,06:25,DEL147,2100,874,41.6,Low
DEL-MA-OCC00295,2024-10-25,18:12,DEL147,3040,2289,75.3,Medium
DEL-MA-OCC00295,2024-10-25,18:11,DEL163,3040,3248,106.9,Critical
DEL-MA-OCC00295,2024-10-25,18:20,DEL152,3040,2762,90.9,High
DEL-MA-OCC00295,2024-10-25,18:31,DEL164,3040,3400,111.9,Critical
DEL-MA-OCC00295,2024-10-25,18:50,DEL156,3040,3774,124.2,Critical
DEL-MA-OCC00296,2024-10-25,20:17,DEL148,1920,2028,105.7,Critical
DEL-MA-OCC00296,2024-10-25,20:23,DEL025,1920,2162,112.6,Critical
DEL-MA-OCC00296,2024-10-25,20:35,DEL160,1920,1463,76.2,Medium
DEL-MA-OCC00297,2024-10-25,05:40,DEL151,1920,181,9.4,Low
DEL-MA-OCC00297,2024-10-25,05:51,DEL166,1920,483,25.2,Low
DEL-MA-OCC00297,2024-10-25,05:24,DEL159,1920,260,13.5,Low
DEL-MA-OCC00297,2024-10-25,05:47,DEL152,1920,258,13.5,Low
DEL-MA-OCC00297,2024-10-25,05:25,DEL157,1920,218,11.4,Low
DEL-MA-OCC00297,2024-10-25,05:47,DEL150,1920,1132,59.0,Medium
DEL-MA-OCC00298,2024-10-29,09:04,DEL166,1920,1360,70.8,Medium
DEL-MA-OCC00298,2024-10-29,09:00,DEL146,1920,1597,83.2,High
DEL-MA-OCC00298,2024-10-29,09:41,DEL155,1920,1567,81.6,High
DEL-MA-OCC00299,2024-10-29,09:23,DEL159,2800,2690,96.1,High
DEL-MA-OCC00299,2024-10-29,09:26,DEL157,2800,3188,113.9,Critical
DEL-MA-OCC00299,2024-10-29,09:12,DEL025,2800,3666,130.9,Critical
DEL-MA-OCC00299,2024-10-29,09:49,DEL163,2800,3189,113.9,Critical
DEL-MA-OCC00299,2024-10-29,09:03,DEL166,2800,2697,96.3,High
DEL-MA-OCC00300,2024-10-29,08:40,DEL152,2280,1867,81.9,High
DEL-MA-OCC00300,2024-10-29,08:55,DEL148,2280,2936,128.8,Critical
DEL-MA-OCC00300,2024-10-29,08:44,DEL150,2280,2403,105.4,Critical
DEL-MA-OCC00301,2024-11-02,06:51,DEL152,1920,531,27.7,Low
DEL-MA-OCC00301,2024-11-02,06:17,DEL159,1920,756,39.4,Low
DEL-MA-OCC00301,2024-11-02,06:16,DEL160,1920,533,27.8,Low
DEL-MA-OCC00302,2024-11-02,21:09,DEL155,2800,751,26.8,Low
DEL-MA-OCC00302,2024-11-02,21:37,DEL162,2800,1311,46.8,Medium
DEL-MA-OCC00302,2024-11-02,21:15,DEL150,2800,2996,107.0,Critical
DEL-MA-OCC00302,2024-11-02,21:07,DEL164,2800,1498,53.5,Medium
DEL-MA-OCC00302,2024-11-02,21:18,DEL166,2800,1119,40.0,Low
DEL-MA-OCC00302,2024-11-02,21:58,DEL148,2800,1159,41.4,Low
DEL-MA-OCC00303,2024-11-02,19:03,DEL166,3040,2548,83.8,High
DEL-MA-OCC00303,2024-11-02,19:30,DEL078,3040,3336,109.8,Critical
DEL-MA-OCC00303,2024-11-02,19:48,DEL163,3040,3379,111.2,Critical
DEL-MA-OCC00303,2024-11-02,19:00,DEL162,3040,3966,130.5,Critical
DEL-MA-OCC00303,2024-11-02,19:14,DEL159,3040,1666,54.8,Medium
DEL-MA-OCC00304,2024-11-06,13:26,DEL166,1920,705,36.7,Low
DEL-MA-OCC00304,2024-11-06,13:38,DEL148,1920,437,22.8,Low
DEL-MA-OCC00304,2024-11-06,13:37,DEL161,1920,521,27.1,Low
DEL-MA-OCC00304,2024-11-06,13:49,DEL150,1920,1806,94.1,High
DEL-MA-OCC00305,2024-11-06,08:53,DEL162,2560,1993,77.9,Medium
DEL-MA-OCC00305,2024-11-06,08:00,DEL147,2560,3464,135.3,Critical
DEL-MA-OCC00305,2024-11-06,08:36,DEL157,2560,1832,71.6,Medium
DEL-MA-OCC00305,2024-11-06,08:49,DEL160,2560,1874,73.2,Medium
DEL-MA-OCC00306,2024-11-06,13:21,DEL153,2100,813,38.8,Low
DEL-MA-OCC00306,2024-11-06,13:18,DEL152,2100,726,34.6,Low
DEL-MA-OCC00306,2024-11-06,13:01,DEL127,2100,738,35.2,Low
DEL-MA-OCC00307,2024-11-10,16:35,DEL154,2560,1204,47.1,Medium
DEL-MA-OCC00307,2024-11-10,16:51,DEL163,2560,1590,62.1,Medium
DEL-MA-OCC00307,2024-11-10,16:05,DEL147,2560,1235,48.2,Medium
DEL-MA-OCC00307,2024-11-10,16:17,DEL161,2560,1422,55.6,Medium
DEL-MA-OCC00308,2024-11-10,08:04,DEL153,2800,2517,89.9,High
DEL-MA-OCC00308,2024-11-10,08:44,DEL158,2800,3554,126.9,Critical
DEL-MA-OCC00308,2024-11-10,08:19,DEL150,2800,2535,90.5,High
DEL-MA-OCC00308,2024-11-10,08:00,DEL078,2800,3819,136.4,Critical
DEL-MA-OCC00308,2024-11-10,08:58,DEL146,2800,2331,83.3,High
DEL-MA-OCC00309,2024-11-10,16:32,DEL127,2800,1633,58.4,Medium
DEL-MA-OCC00309,2024-11-10,16:00,DEL051,2800,1191,42.6,Low
DEL-MA-OCC00309,2024-11-10,16:09,DEL147,2800,1294,46.2,Medium
DEL-MA-OCC00309,2024-11-10,16:30,DEL162,2800,1568,56.0,Medium
DEL-MA-OCC00310,2024-11-14,08:54,DEL161,2800,2323,83.0,High
DEL-MA-OCC00310,2024-11-14,08:29,DEL153,2800,2326,83.1,High
DEL-MA-OCC00310,2024-11-14,08:45,DEL160,2800,2491,89.0,High
DEL-MA-OCC00310,2024-11-14,08:43,DEL152,2800,2500,89.3,High
DEL-MA-OCC00311,2024-11-14,08:01,DEL127,2560,3584,140,Critical
DEL-MA-OCC00311,2024-11-14,08:51,DEL152,2560,2394,93.6,High
DEL-MA-OCC00311,2024-11-14,08:37,DEL162,2560,2001,78.2,Medium
DEL-MA-OCC00311,2024-11-14,08:58,DEL161,2560,2280,89.1,High
DEL-MA-OCC00311,2024-11-14,08:09,DEL147,2560,2531,98.9,High
DEL-MA-OCC00312,2024-11-14,19:52,DEL025,2100,2847,135.6,Critical
DEL-MA-OCC00312,2024-11-14,19:14,DEL147,2100,2197,104.7,High
DEL-MA-OCC00312,2024-11-14,19:14,DEL160,2100,2763,131.6,Critical
DEL-MA-OCC00312,2024-11-14,19:03,DEL155,2100,1147,54.7,Medium
DEL-MA-OCC00312,2024-11-14,19:01,DEL153,2100,2333,111.1,Critical
DEL-MA-OCC00312,2024-11-14,19:39,DEL163,2100,2279,108.5,Critical
DEL-MA-OCC00313,2024-11-18,18:43,DEL155,2800,1481,52.9,Medium
DEL-MA-OCC00313,2024-11-18,18:05,DEL150,2800,3751,134.0,Critical
DEL-MA-OCC00313,2024-11-18,18:33,DEL162,2800,2991,106.8,Critical
DEL-MA-OCC00313,2024-11-18,18:57,DEL152,2800,3340,119.3,Critical
DEL-MA-OCC00313,2024-11-18,18:34,DEL165,2800,2598,92.8,High
DEL-MA-OCC00314,2024-11-18,09:40,DEL147,3040,2749,90.4,High
DEL-MA-OCC00314,2024-11-18,09:44,DEL161,3040,3590,118.1,Critical
DEL-MA-OCC00314,2024-11-18,09:29,DEL149,3040,4151,136.5,Critical
DEL-MA-OCC00314,2024-11-18,09:15,DEL164,3040,2276,74.9,Medium
DEL-MA-OCC00314,2024-11-18,09:13,DEL051,3040,3523,115.9,Critical
DEL-MA-OCC00314,2024-11-18,09:11,DEL163,3040,3941,129.6,Critical
DEL-MA-OCC00315,2024-11-18,07:04,DEL156,1920,769,40.1,Low
DEL-MA-OCC00315,2024-11-18,07:49,DEL150,1920,1525,79.4,Medium
DEL-MA-OCC00315,2024-11-18,07:18,DEL154,1920,1511,78.7,Medium
DEL-MA-OCC00315,2024-11-18,07:42,DEL164,1920,1356,70.7,Medium
DEL-MA-OCC00315,2024-11-18,07:09,DEL155,1920,1735,90.4,High
DEL-MA-OCC00315,2024-11-18,07:37,DEL148,1920,1391,72.5,Medium
DEL-MA-OCC00316,2024-11-22,09:47,DEL158,3040,2729,89.8,High
DEL-MA-OCC00316,2024-11-22,09:05,DEL165,3040,3461,113.9,Critical
DEL-MA-OCC00316,2024-11-22,09:34,DEL159,3040,2614,86.0,High
DEL-MA-OCC00317,2024-11-22,08:13,DEL165,2100,2281,108.7,Critical
DEL-MA-OCC00317,2024-11-22,08:03,DEL078,2100,1806,86.0,High
DEL-MA-OCC00317,2024-11-22,08:45,DEL146,2100,2886,137.5,Critical
DEL-MA-OCC00317,2024-11-22,08:59,DEL158,2100,1829,87.1,High
DEL-MA-OCC00317,2024-11-22,08:02,DEL154,2100,2453,116.9,Critical
DEL-MA-OCC00317,2024-11-22,08:22,DEL147,2100,2815,134.1,Critical
DEL-MA-OCC00318,2024-11-22,23:00,DEL165,2280,300,13.2,Low
DEL-MA-OCC00318,2024-11-22,23:38,DEL146,2280,289,12.7,Low
DEL-MA-OCC00318,2024-11-22,23:00,DEL161,2280,304,13.4,Low
DEL-MA-OCC00318,2024-11-22,23:43,DEL157,2280,441,19.4,Low
DEL-MA-OCC00318,2024-11-22,23:10,DEL153,2280,461,20.2,Low
DEL-MA-OCC00318,2024-11-22,23:02,DEL155,2280,317,13.9,Low
DEL-MA-OCC00319,2024-11-26,10:46,DEL150,1920,1647,85.8,High
DEL-MA-OCC00319,2024-11-26,10:07,DEL161,1920,1001,52.1,Medium
DEL-MA-OCC00319,2024-11-26,10:38,DEL158,1920,1185,61.7,Medium
DEL-MA-OCC00320,2024-11-26,20:31,DEL152,3040,2362,77.7,Medium
DEL-MA-OCC00320,2024-11-26,20:07,DEL164,3040,3092,101.7,High
DEL-MA-OCC00320,2024-11-26,20:38,DEL127,3040,1290,42.4,Low
DEL-MA-OCC00320,2024-11-26,20:35,DEL155,3040,846,27.8,Low
DEL-MA-OCC00321,2024-11-26,09:34,DEL152,3040,3857,126.9,Critical
DEL-MA-OCC00321,2024-11-26,09:09,DEL157,3040,3324,109.3,Critical
DEL-MA-OCC00321,2024-11-26,09:21,DEL153,3040,2471,81.3,High
DEL-MA-OCC00322,2024-11-30,20:17,DEL163,1920,1842,96.0,High
DEL-MA-OCC00322,2024-11-30,20:05,DEL158,1920,1315,68.5,Medium
DEL-MA-OCC00322,2024-11-30,20:22,DEL051,1920,2062,107.4,Critical
DEL-MA-OCC00322,2024-11-30,20:04,DEL078,1920,2129,110.9,Critical
DEL-MA-OCC00322,2024-11-30,20:30,DEL164,1920,1996,104.0,High
DEL-MA-OCC00322,2024-11-30,20:14,DEL148,1920,2091,108.9,Critical
DEL-MA-OCC00323,2024-11-30,17:52,DEL157,1920,1351,70.4,Medium
DEL-MA-OCC00323,2024-11-30,17:35,DEL147,1920,1452,75.6,Medium
DEL-MA-OCC00323,2024-11-30,17:06,DEL051,1920,1240,64.6,Medium
DEL-MA-OCC00323,2024-11-30,17:50,DEL154,1920,1151,60.0,Medium
DEL-MA-OCC00324,2024-11-30,10:53,DEL078,2560,1046,40.9,Low
DEL-MA-OCC00324,2024-11-30,10:33,DEL162,2560,2039,79.7,Medium
DEL-MA-OCC00324,2024-11-30,10:57,DEL155,2560,1253,48.9,Medium
DEL-MA-OCC00324,2024-11-30,10:51,DEL159,2560,1149,44.9,Low
DEL-MA-OCC00324,2024-11-30,10:42,DEL025,2560,2452,95.8,High
DEL-MA-OCC00325,2024-12-04,05:16,DEL152,2100,262,12.5,Low
DEL-MA-OCC00325,2024-12-04,05:06,DEL160,2100,294,14.0,Low
DEL-MA-OCC00325,2024-12-04,05:15,DEL051,2100,220,10.5,Low
DEL-MA-OCC00325,2024-12-04,05:21,DEL166,2100,373,17.8,Low
DEL-MA-OCC00325,2024-12-04,05:21,DEL127,2100,450,21.5,Low
DEL-MA-OCC00326,2024-12-04,05:19,DEL078,2560,220,8.6,Low
DEL-MA-OCC00326,2024-12-04,05:57,DEL160,2560,321,12.6,Low
DEL-MA-OCC00326,2024-12-04,05:12,DEL154,2560,316,12.3,Low
DEL-MA-OCC00326,2024-12-04,05:56,DEL159,2560,320,12.5,Low
DEL-MA-OCC00326,2024-12-04,05:41,DEL149,2560,354,13.9,Low
DEL-MA-OCC00326,2024-12-04,05:45,DEL152,2560,221,8.6,Low
DEL-MA-OCC00327,2024-12-04,05:33,DEL078,2280,238,10.4,Low
DEL-MA-OCC00327,2024-12-04,05:12,DEL165,2280,193,8.5,Low
DEL-MA-OCC00327,2024-12-04,05:33,DEL155,2280,226,9.9,Low
DEL-MA-OCC00328,2024-12-08,08:00,DEL148,2100,2057,98.0,High
DEL-MA-OCC00328,2024-12-08,08:39,DEL156,2100,1522,72.5,Medium
DEL-MA-OCC00328,2024-12-08,08:08,DEL165,2100,2049,97.6,High
DEL-MA-OCC00328,2024-12-08,08:08,DEL163,2100,1390,66.2,Medium
DEL-MA-OCC00328,2024-12-08,08:05,DEL157,2100,1496,71.3,Medium
DEL-MA-OCC00328,2024-12-08,08:56,DEL153,2100,1642,78.2,Medium
DEL-MA-OCC00329,2024-12-08,23:21,DEL150,2100,1225,58.4,Medium
DEL-MA-OCC00329,2024-12-08,23:28,DEL160,2100,344,16.4,Low
DEL-MA-OCC00329,2024-12-08,23:20,DEL153,2100,376,17.9,Low
DEL-MA-OCC00329,2024-12-08,23:29,DEL166,2100,299,14.3,Low
DEL-MA-OCC00329,2024-12-08,23:16,DEL157,2100,347,16.5,Low
DEL-MA-OCC00329,2024-12-08,23:57,DEL163,2100,451,21.5,Low
DEL-MA-OCC00330,2024-12-08,16:38,DEL147,3040,1229,40.5,Low
DEL-MA-OCC00330,2024-12-08,16:25,DEL154,3040,1080,35.5,Low
DEL-MA-OCC00330,2024-12-08,16:06,DEL157,3040,1646,54.2,Medium
DEL-MA-OCC00330,2024-12-08,16:16,DEL163,3040,2124,69.9,Medium
DEL-MA-OCC00330,2024-12-08,16:50,DEL162,3040,2012,66.2,Medium
DEL-MA-OCC00330,2024-12-08,16:37,DEL156,3040,1689,55.6,Medium
DEL-MA-OCC00331,2024-12-12,13:02,DEL150,2280,2131,93.5,High
DEL-MA-OCC00331,2024-12-12,13:48,DEL155,2280,881,38.6,Low
DEL-MA-OCC00331,2024-12-12,13:49,DEL163,2280,908,39.9,Low
DEL-MA-OCC00331,2024-12-12,13:59,DEL156,2280,1221,53.6,Medium
DEL-MA-OCC00331,2024-12-12,13:30,DEL025,2280,805,35.3,Low
DEL-MA-OCC00332,2024-12-12,18:59,DEL151,2800,3018,107.8,Critical
DEL-MA-OCC00332,2024-12-12,18:37,DEL149,2800,2106,75.2,Medium
DEL-MA-OCC00332,2024-12-12,18:46,DEL162,2800,2209,78.9,Medium
DEL-MA-OCC00332,2024-12-12,18:57,DEL155,2800,1979,70.7,Medium
DEL-MA-OCC00332,2024-12-12,18:35,DEL078,2800,2396,85.6,High
DEL-MA-OCC00332,2024-12-12,18:27,DEL160,2800,3492,124.7,Critical
DEL-MA-OCC00333,2024-12-12,06:44,DEL154,3040,972,32.0,Low
DEL-MA-OCC00333,2024-12-12,06:38,DEL159,3040,863,28.4,Low
DEL-MA-OCC00333,2024-12-12,06:45,DEL147,3040,1481,48.7,Medium
DEL-MA-OCC00334,2024-12-16,11:17,DEL127,2280,891,39.1,Low
DEL-MA-OCC00334,2024-12-16,11:43,DEL164,2280,793,34.8,Low
DEL-MA-OCC00334,2024-12-16,11:17,DEL149,2280,1214,53.3,Medium
DEL-MA-OCC00335,2024-12-16,10:11,DEL156,2280,1653,72.5,Medium
DEL-MA-OCC00335,2024-12-16,10:06,DEL149,2280,2379,104.4,High
DEL-MA-OCC00335,2024-12-16,10:39,DEL153,2280,2459,107.9,Critical
DEL-MA-OCC00335,2024-12-16,10:46,DEL025,2280,2308,101.3,High
DEL-MA-OCC00336,2024-12-16,16:21,DEL161,2100,864,41.1,Low
DEL-MA-OCC00336,2024-12-16,16:17,DEL146,2100,2188,104.2,High
DEL-MA-OCC00336,2024-12-16,16:42,DEL162,2100,1229,58.6,Medium
DEL-MA-OCC00336,2024-12-16,16:46,DEL154,2100,913,43.5,Low
DEL-MA-OCC00336,2024-12-16,16:23,DEL158,2100,1162,55.4,Medium
DEL-MA-OCC00336,2024-12-16,16:36,DEL148,2100,758,36.1,Low
DEL-MA-OCC00337,2024-12-20,19:19,DEL152,2280,2536,111.3,Critical
DEL-MA-OCC00337,2024-12-20,19:01,DEL151,2280,2984,130.9,Critical
DEL-MA-OCC00337,2024-12-20,19:03,DEL051,2280,2804,123.0,Critical
DEL-MA-OCC00337,2024-12-20,19:37,DEL154,2280,2411,105.8,Critical
DEL-MA-OCC00338,2024-12-20,21:23,DEL163,1920,1085,56.6,Medium
DEL-MA-OCC00338,2024-12-20,21:21,DEL152,1920,1229,64.1,Medium
DEL-MA-OCC00338,2024-12-20,21:35,DEL161,1920,1291,67.2,Medium
DEL-MA-OCC00338,2024-12-20,21:10,DEL146,1920,411,21.4,Low
DEL-MA-OCC00338,2024-12-20,21:47,DEL153,1920,1018,53.0,Medium
DEL-MA-OCC00338,2024-12-20,21:39,DEL150,1920,2551,132.9,Critical
DEL-MA-OCC00339,2024-12-20,16:15,DEL163,2800,1750,62.5,Medium
DEL-MA-OCC00339,2024-12-20,16:05,DEL160,2800,1475,52.7,Medium
DEL-MA-OCC00339,2024-12-20,16:33,DEL151,2800,1594,57.0,Medium
DEL-MA-OCC00339,2024-12-20,16:03,DEL078,2800,1414,50.5,Medium
DEL-MA-OCC00339,2024-12-20,16:15,DEL147,2800,1892,67.6,Medium
DEL-MA-OCC00339,2024-12-20,16:38,DEL158,2800,1375,49.1,Medium
DEL-MA-OCC00340,2024-12-24,19:46,DEL154,2560,2836,110.8,Critical
DEL-MA-OCC00340,2024-12-24,19:25,DEL155,2560,1292,50.5,Medium
DEL-MA-OCC00340,2024-12-24,19:52,DEL148,2560,2596,101.4,High
DEL-MA-OCC00340,2024-12-24,19:45,DEL147,2560,1758,68.7,Medium
DEL-MA-OCC00340,2024-12-24,19:47,DEL162,2560,2527,98.7,High
DEL-MA-OCC00340,2024-12-24,19:51,DEL149,2560,2793,109.1,Critical
DEL-MA-OCC00341,2024-12-24,09:16,DEL156,2100,2186,104.1,High
DEL-MA-OCC00341,2024-12-24,09:33,DEL165,2100,2186,104.1,High
DEL-MA-OCC00341,2024-12-24,09:15,DEL160,2100,2022,96.3,High
DEL-MA-OCC00342,2024-12-24,12:30,DEL150,2100,1660,79.0,Medium
DEL-MA-OCC00342,2024-12-24,12:08,DEL127,2100,807,38.5,Low
DEL-MA-OCC00342,2024-12-24,12:43,DEL152,2100,833,39.7,Low
DEL-MA-OCC00342,2024-12-24,12:19,DEL025,2100,1009,48.1,Medium
DEL-MA-OCC00342,2024-12-24,12:12,DEL154,2100,444,21.2,Low
DEL-MA-OCC00343,2024-12-28,09:14,DEL149,2560,2630,102.8,High
DEL-MA-OCC00343,2024-12-28,09:37,DEL147,2560,1718,67.1,Medium
DEL-MA-OCC00343,2024-12-28,09:17,DEL161,2560,2244,87.7,High
DEL-MA-OCC00343,2024-12-28,09:26,DEL160,2560,3039,118.7,Critical
DEL-MA-OCC00343,2024-12-28,09:30,DEL162,2560,2296,89.7,High
DEL-MA-OCC00344,2024-12-28,06:26,DEL162,2280,404,17.7,Low
DEL-MA-OCC00344,2024-12-28,06:28,DEL159,2280,922,40.4,Low
DEL-MA-OCC00344,2024-12-28,06:32,DEL163,2280,560,24.6,Low
DEL-MA-OCC00345,2024-12-28,13:24,DEL160,2800,941,33.6,Low
DEL-MA-OCC00345,2024-12-28,13:26,DEL153,2800,1168,41.7,Low
DEL-MA-OCC00345,2024-12-28,13:25,DEL152,2800,1406,50.2,Medium
DEL-MA-OCC00345,2024-12-28,13:40,DEL166,2800,1353,48.3,Medium
DEL-MA-OCC00345,2024-12-28,13:35,DEL156,2800,1025,36.6,Low
DEL-MA-OCC00345,2024-12-28,13:28,DEL158,2800,531,19.0,Low
DEL-PI-OCC00346,2024-10-01,13:13,DEL172,2560,724,28.3,Low
DEL-PI-OCC00346,2024-10-01,13:41,DEL194,2560,475,18.6,Low
DEL-PI-OCC00346,2024-10-01,13:16,DEL175,2560,705,27.6,Low
DEL-PI-OCC00347,2024-10-01,21:39,DEL189,3040,1285,42.3,Low
DEL-PI-OCC00347,2024-10-01,21:02,DEL022,3040,1535,50.5,Medium
DEL-PI-OCC00347,2024-10-01,21:33,DEL102,3040,1670,54.9,Medium
DEL-PI-OCC00347,2024-10-01,21:49,DEL174,3040,2007,66.0,Medium
DEL-PI-OCC00348,2024-10-01,13:21,DEL192,3040,1337,44.0,Low
DEL-PI-OCC00348,2024-10-01,13:27,DEL102,3040,1156,38.0,Low
DEL-PI-OCC00348,2024-10-01,13:14,DEL174,3040,509,16.8,Low
DEL-PI-OCC00348,2024-10-01,13:58,DEL182,3040,2978,98.0,High
DEL-PI-OCC00349,2024-10-05,08:54,DEL193,2800,2282,81.5,High
DEL-PI-OCC00349,2024-10-05,08:38,DEL178,2800,2813,100.5,High
DEL-PI-OCC00349,2024-10-05,08:07,DEL177,2800,2053,73.3,Medium
DEL-PI-OCC00349,2024-10-05,08:46,DEL180,2800,2631,94.0,High
DEL-PI-OCC00349,2024-10-05,08:31,DEL197,2800,2462,88.0,High
DEL-PI-OCC00349,2024-10-05,08:26,DEL022,2800,2429,86.8,High
DEL-PI-OCC00350,2024-10-05,20:46,DEL092,3040,2139,70.4,Medium
DEL-PI-OCC00350,2024-10-05,20:38,DEL178,3040,2585,85.1,High
DEL-PI-OCC00350,2024-10-05,20:12,DEL180,3040,1257,41.4,Low
DEL-PI-OCC00351,2024-10-05,18:14,DEL123,2100,1677,79.9,Medium
DEL-PI-OCC00351,2024-10-05,18:47,DEL186,2100,1791,85.3,High
DEL-PI-OCC00351,2024-10-05,18:45,DEL092,2100,2070,98.6,High
DEL-PI-OCC00351,2024-10-05,18:11,DEL194,2100,1682,80.1,High
DEL-PI-OCC00351,2024-10-05,18:42,DEL171,2100,2387,113.7,Critical
DEL-PI-OCC00351,2024-10-05,18:18,DEL072,2100,2230,106.2,Critical
DEL-PI-OCC00352,2024-10-09,12:49,DEL169,3040,1490,49.0,Medium
DEL-PI-OCC00352,2024-10-09,12:35,DEL188,3040,2515,82.8,High
DEL-PI-OCC00352,2024-10-09,12:00,DEL180,3040,1199,39.5,Low
DEL-PI-OCC00352,2024-10-09,12:51,DEL175,3040,523,17.2,Low
DEL-PI-OCC00352,2024-10-09,12:58,DEL192,3040,1682,55.4,Medium
DEL-PI-OCC00353,2024-10-09,09:04,DEL056,1920,2335,121.6,Critical
DEL-PI-OCC00353,2024-10-09,09:44,DEL167,1920,2588,134.8,Critical
DEL-PI-OCC00353,2024-10-09,09:43,DEL191,1920,2371,123.5,Critical
DEL-PI-OCC00353,2024-10-09,09:38,DEL177,1920,2215,115.4,Critical
DEL-PI-OCC00354,2024-10-09,20:38,DEL179,2560,1085,42.4,Low
DEL-PI-OCC00354,2024-10-09,20:44,DEL176,2560,1691,66.1,Medium
DEL-PI-OCC00354,2024-10-09,20:48,DEL197,2560,2835,110.8,Critical
DEL-PI-OCC00354,2024-10-09,20:42,DEL192,2560,1734,67.8,Medium
DEL-PI-OCC00354,2024-10-09,20:34,DEL072,2560,1976,77.2,Medium
DEL-PI-OCC00355,2024-10-13,21:07,DEL186,3040,1447,47.6,Medium
DEL-PI-OCC00355,2024-10-13,21:56,DEL183,3040,2113,69.5,Medium
DEL-PI-OCC00355,2024-10-13,21:25,DEL188,3040,3049,100.3,High
DEL-PI-OCC00356,2024-10-13,05:43,DEL194,2280,206,9.1,Low
DEL-PI-OCC00356,2024-10-13,05:39,DEL189,2280,241,10.6,Low
DEL-PI-OCC00356,2024-10-13,05:53,DEL186,2280,257,11.3,Low
DEL-PI-OCC00357,2024-10-13,10:23,DEL175,2560,1231,48.1,Medium
DEL-PI-OCC00357,2024-10-13,10:50,DEL170,2560,1149,44.9,Low
DEL-PI-OCC00357,2024-10-13,10:09,DEL182,2560,2020,78.9,Medium
DEL-PI-OCC00357,2024-10-13,10:18,DEL176,2560,1660,64.9,Medium
DEL-PI-OCC00357,2024-10-13,10:33,DEL056,2560,1834,71.7,Medium
DEL-PI-OCC00357,2024-10-13,10:28,DEL172,2560,1751,68.4,Medium
DEL-PI-OCC00358,2024-10-17,19:31,DEL187,1920,1306,68.0,Medium
DEL-PI-OCC00358,2024-10-17,19:29,DEL102,1920,1976,103.0,High
DEL-PI-OCC00358,2024-10-17,19:43,DEL184,1920,2019,105.2,Critical
DEL-PI-OCC00359,2024-10-17,08:34,DEL185,2280,3111,136.5,Critical
DEL-PI-OCC00359,2024-10-17,08:31,DEL168,2280,2490,109.3,Critical
DEL-PI-OCC00359,2024-10-17,08:06,DEL194,2280,2511,110.2,Critical
DEL-PI-OCC00359,2024-10-17,08:36,DEL193,2280,2501,109.7,Critical
DEL-PI-OCC00360,2024-10-17,12:35,DEL123,2100,744,35.5,Low
DEL-PI-OCC00360,2024-10-17,12:31,DEL191,2100,790,37.6,Low
DEL-PI-OCC00360,2024-10-17,12:11,DEL197,2100,867,41.3,Low
DEL-PI-OCC00360,2024-10-17,12:52,DEL184,2100,828,39.5,Low
DEL-PI-OCC00360,2024-10-17,12:49,DEL172,2100,426,20.3,Low
DEL-PI-OCC00361,2024-10-21,17:06,DEL123,1920,1350,70.3,Medium
DEL-PI-OCC00361,2024-10-21,17:52,DEL192,1920,1120,58.4,Medium
DEL-PI-OCC00361,2024-10-21,17:12,DEL184,1920,1384,72.1,Medium
DEL-PI-OCC00361,2024-10-21,17:01,DEL022,1920,1759,91.6,High
DEL-PI-OCC00361,2024-10-21,17:05,DEL176,1920,1420,74.0,Medium
DEL-PI-OCC00361,2024-10-21,17:24,DEL180,1920,1308,68.1,Medium
DEL-PI-OCC00362,2024-10-21,10:09,DEL181,2280,940,41.2,Low
DEL-PI-OCC00362,2024-10-21,10:01,DEL168,2280,2363,103.7,High
DEL-PI-OCC00362,2024-10-21,10:17,DEL171,2280,1217,53.4,Medium
DEL-PI-OCC00362,2024-10-21,10:25,DEL193,2280,1382,60.6,Medium
DEL-PI-OCC00362,2024-10-21,10:14,DEL022,2280,1679,73.7,Medium
DEL-PI-OCC00362,2024-10-21,10:57,DEL170,2280,1365,59.9,Medium
DEL-PI-OCC00363,2024-10-21,22:10,DEL195,3040,1063,35.0,Low
DEL-PI-OCC00363,2024-10-21,22:20,DEL189,3040,866,28.5,Low
DEL-PI-OCC00363,2024-10-21,22:57,DEL182,3040,1853,61.0,Medium
DEL-PI-OCC00364,2024-10-25,18:43,DEL183,2280,2564,112.5,Critical
DEL-PI-OCC00364,2024-10-25,18:57,DEL171,2280,2831,124.2,Critical
DEL-PI-OCC00364,2024-10-25,18:22,DEL092,2280,2148,94.3,High
DEL-PI-OCC00364,2024-10-25,18:10,DEL167,2280,2858,125.4,Critical
DEL-PI-OCC00365,2024-10-25,20:54,DEL171,2280,2339,102.6,High
DEL-PI-OCC00365,2024-10-25,20:27,DEL190,2280,1530,67.1,Medium
DEL-PI-OCC00365,2024-10-25,20:32,DEL178,2280,2282,100.1,High
DEL-PI-OCC00365,2024-10-25,20:53,DEL180,2280,821,36.0,Low
DEL-PI-OCC00366,2024-10-25,19:40,DEL006,2100,1770,84.3,High
DEL-PI-OCC00366,2024-10-25,19:16,DEL170,2100,1990,94.8,High
DEL-PI-OCC00366,2024-10-25,19:00,DEL194,2100,2367,112.7,Critical
DEL-PI-OCC00366,2024-10-25,19:33,DEL171,2100,2940,140,Critical
DEL-PI-OCC00367,2024-10-29,18:13,DEL006,2280,1963,86.1,High
DEL-PI-OCC00367,2024-10-29,18:07,DEL191,2280,2213,97.1,High
DEL-PI-OCC00367,2024-10-29,18:30,DEL187,2280,1780,78.1,Medium
DEL-PI-OCC00367,2024-10-29,18:47,DEL188,2280,3192,140,Critical
DEL-PI-OCC00367,2024-10-29,18:14,DEL102,2280,2511,110.2,Critical
DEL-PI-OCC00368,2024-10-29,06:03,DEL194,2800,1051,37.6,Low
DEL-PI-OCC00368,2024-10-29,06:38,DEL022,2800,793,28.3,Low
DEL-PI-OCC00368,2024-10-29,06:46,DEL167,2800,768,27.4,Low
DEL-PI-OCC00369,2024-10-29,18:36,DEL170,2560,2119,82.8,High
DEL-PI-OCC00369,2024-10-29,18:30,DEL174,2560,2802,109.5,Critical
DEL-PI-OCC00369,2024-10-29,18:09,DEL175,2560,2372,92.7,High
DEL-PI-OCC00369,2024-10-29,18:36,DEL178,2560,2896,113.2,Critical
DEL-PI-OCC00369,2024-10-29,18:27,DEL195,2560,2143,83.7,High
DEL-PI-OCC00370,2024-11-02,19:43,DEL197,2800,3245,115.9,Critical
DEL-PI-OCC00370,2024-11-02,19:00,DEL102,2800,3258,116.4,Critical
DEL-PI-OCC00370,2024-11-02,19:03,DEL185,2800,2399,85.7,High
DEL-PI-OCC00370,2024-11-02,19:24,DEL178,2800,2737,97.8,High
DEL-PI-OCC00371,2024-11-02,23:08,DEL193,2280,233,10.2,Low
DEL-PI-OCC00371,2024-11-02,23:06,DEL188,2280,1067,46.8,Medium
DEL-PI-OCC00371,2024-11-02,23:44,DEL178,2280,240,10.6,Low
DEL-PI-OCC00371,2024-11-02,23:01,DEL197,2280,503,22.1,Low
DEL-PI-OCC00371,2024-11-02,23:35,DEL174,2280,252,11.1,Low
DEL-PI-OCC00371,2024-11-02,23:09,DEL181,2280,191,8.4,Low
DEL-PI-OCC00372,2024-11-02,23:10,DEL195,3040,777,25.6,Low
DEL-PI-OCC00372,2024-11-02,23:59,DEL194,3040,395,13.0,Low
DEL-PI-OCC00372,2024-11-02,23:40,DEL185,3040,391,12.9,Low
DEL-PI-OCC00372,2024-11-02,23:54,DEL197,3040,815,26.8,Low
DEL-PI-OCC00372,2024-11-02,23:03,DEL173,3040,770,25.3,Low
DEL-PI-OCC00373,2024-11-06,08:49,DEL173,2100,2345,111.7,Critical
DEL-PI-OCC00373,2024-11-06,08:39,DEL189,2100,1391,66.3,Medium
DEL-PI-OCC00373,2024-11-06,08:24,DEL022,2100,1705,81.2,High
DEL-PI-OCC00373,2024-11-06,08:33,DEL056,2100,2940,140,Critical
DEL-PI-OCC00374,2024-11-06,09:44,DEL197,2280,3076,134.9,Critical
DEL-PI-OCC00374,2024-11-06,09:03,DEL175,2280,1776,77.9,Medium
DEL-PI-OCC00374,2024-11-06,09:59,DEL178,2280,2705,118.7,Critical
DEL-PI-OCC00374,2024-11-06,09:10,DEL185,2280,2915,127.9,Critical
DEL-PI-OCC00375,2024-11-06,17:24,DEL182,1920,2155,112.3,Critical
DEL-PI-OCC00375,2024-11-06,17:28,DEL192,1920,1096,57.1,Medium
DEL-PI-OCC00375,2024-11-06,17:55,DEL177,1920,1565,81.5,High
DEL-PI-OCC00375,2024-11-06,17:39,DEL176,1920,1201,62.6,Medium
DEL-PI-OCC00375,2024-11-06,17:11,DEL167,1920,1711,89.2,High
DEL-PI-OCC00376,2024-11-10,14:32,DEL171,2280,642,28.2,Low
DEL-PI-OCC00376,2024-11-10,14:19,DEL178,2280,457,20.1,Low
DEL-PI-OCC00376,2024-11-10,14:00,DEL189,2280,869,38.2,Low
DEL-PI-OCC00376,2024-11-10,14:44,DEL169,2280,931,40.9,Low
DEL-PI-OCC00377,2024-11-10,11:01,DEL182,2560,2510,98.1,High
DEL-PI-OCC00377,2024-11-10,11:30,DEL174,2560,871,34.0,Low
DEL-PI-OCC00377,2024-11-10,11:49,DEL179,2560,679,26.5,Low
DEL-PI-OCC00377,2024-11-10,11:44,DEL193,2560,621,24.3,Low
DEL-PI-OCC00377,2024-11-10,11:36,DEL184,2560,1098,42.9,Low
DEL-PI-OCC00378,2024-11-10,10:52,DEL171,3040,1603,52.7,Medium
DEL-PI-OCC00378,2024-11-10,10:50,DEL195,3040,3325,109.4,Critical
DEL-PI-OCC00378,2024-11-10,10:48,DEL190,3040,2559,84.2,High
DEL-PI-OCC00378,2024-11-10,10:24,DEL056,3040,1981,65.2,Medium
DEL-PI-OCC00378,2024-11-10,10:46,DEL180,3040,1593,52.4,Medium
DEL-PI-OCC00379,2024-11-14,15:17,DEL188,3040,2510,82.6,High
DEL-PI-OCC00379,2024-11-14,15:07,DEL177,3040,1053,34.6,Low
DEL-PI-OCC00379,2024-11-14,15:12,DEL183,3040,1248,41.1,Low
DEL-PI-OCC00380,2024-11-14,09:35,DEL102,2800,3603,128.7,Critical
DEL-PI-OCC00380,2024-11-14,09:21,DEL186,2800,3010,107.5,Critical
DEL-PI-OCC00380,2024-11-14,09:54,DEL169,2800,2845,101.6,High
DEL-PI-OCC00380,2024-11-14,09:42,DEL176,2800,2716,97.0,High
DEL-PI-OCC00380,2024-11-14,09:27,DEL175,2800,3227,115.3,Critical
DEL-PI-OCC00380,2024-11-14,09:07,DEL181,2800,2602,93.0,High
DEL-PI-OCC00381,2024-11-14,20:45,DEL173,2560,2611,102.0,High
DEL-PI-OCC00381,2024-11-14,20:02,DEL193,2560,1864,72.8,Medium
DEL-PI-OCC00381,2024-11-14,20:21,DEL184,2560,2666,104.2,High
DEL-PI-OCC00382,2024-11-18,20:21,DEL102,2100,1448,69.0,Medium
DEL-PI-OCC00382,2024-11-18,20:06,DEL175,2100,2115,100.7,High
DEL-PI-OCC00382,2024-11-18,20:53,DEL194,2100,1626,77.5,Medium
DEL-PI-OCC00382,2024-11-18,20:40,DEL169,2100,1559,74.3,Medium
DEL-PI-OCC00382,2024-11-18,20:29,DEL177,2100,1476,70.3,Medium
DEL-PI-OCC00383,2024-11-18,19:39,DEL123,2280,1162,51.0,Medium
DEL-PI-OCC00383,2024-11-18,19:18,DEL006,2280,2313,101.5,High
DEL-PI-OCC00383,2024-11-18,19:51,DEL168,2280,1996,87.6,High
DEL-PI-OCC00383,2024-11-18,19:09,DEL182,2280,3139,137.7,Critical
DEL-PI-OCC00384,2024-11-18,12:09,DEL184,3040,1587,52.2,Medium
DEL-PI-OCC00384,2024-11-18,12:05,DEL186,3040,635,20.9,Low
DEL-PI-OCC00384,2024-11-18,12:03,DEL092,3040,630,20.7,Low
DEL-PI-OCC00385,2024-11-22,09:56,DEL177,1920,2200,114.6,Critical
DEL-PI-OCC00385,2024-11-22,09:06,DEL168,1920,1547,80.6,High
DEL-PI-OCC00385,2024-11-22,09:23,DEL184,1920,1847,96.2,High
DEL-PI-OCC00385,2024-11-22,09:33,DEL183,1920,1506,78.5,Medium
DEL-PI-OCC00385,2024-11-22,09:21,DEL197,1920,2351,122.5,Critical
DEL-PI-OCC00385,2024-11-22,09:55,DEL195,1920,2562,133.5,Critical
DEL-PI-OCC00386,2024-11-22,10:51,DEL188,2560,2317,90.5,High
DEL-PI-OCC00386,2024-11-22,10:36,DEL196,2560,2262,88.4,High
DEL-PI-OCC00386,2024-11-22,10:02,DEL171,2560,1648,64.4,Medium
DEL-PI-OCC00387,2024-11-22,12:12,DEL092,2280,430,18.9,Low
DEL-PI-OCC00387,2024-11-22,12:05,DEL195,2280,1170,51.4,Medium
DEL-PI-OCC00387,2024-11-22,12:18,DEL006,2280,1024,44.9,Low
DEL-PI-OCC00387,2024-11-22,12:48,DEL176,2280,383,16.8,Low
DEL-PI-OCC00388,2024-11-26,18:12,DEL197,3040,2655,87.4,High
DEL-PI-OCC00388,2024-11-26,18:58,DEL006,3040,3688,121.3,Critical
DEL-PI-OCC00388,2024-11-26,18:19,DEL102,3040,3778,124.3,Critical
DEL-PI-OCC00388,2024-11-26,18:16,DEL177,3040,3181,104.6,High
DEL-PI-OCC00388,2024-11-26,18:31,DEL022,3040,3103,102.1,High
DEL-PI-OCC00389,2024-11-26,09:18,DEL183,3040,2831,93.1,High
DEL-PI-OCC00389,2024-11-26,09:30,DEL194,3040,3353,110.3,Critical
DEL-PI-OCC00389,2024-11-26,09:24,DEL185,3040,2850,93.8,High
DEL-PI-OCC00389,2024-11-26,09:12,DEL022,3040,2485,81.8,High
DEL-PI-OCC00390,2024-11-26,08:24,DEL176,2280,1857,81.5,High
DEL-PI-OCC00390,2024-11-26,08:13,DEL192,2280,1362,59.8,Medium
DEL-PI-OCC00390,2024-11-26,08:29,DEL184,2280,1756,77.1,Medium
DEL-PI-OCC00390,2024-11-26,08:38,DEL185,2280,1881,82.5,High
DEL-PI-OCC00390,2024-11-26,08:19,DEL188,2280,3090,135.6,Critical
DEL-PI-OCC00391,2024-11-30,21:36,DEL181,2800,1709,61.1,Medium
DEL-PI-OCC00391,2024-11-30,21:38,DEL195,2800,1248,44.6,Low
DEL-PI-OCC00391,2024-11-30,21:17,DEL186,2800,1763,63.0,Medium
DEL-PI-OCC00391,2024-11-30,21:32,DEL184,2800,1611,57.6,Medium
DEL-PI-OCC00392,2024-11-30,22:57,DEL176,2280,867,38.1,Low
DEL-PI-OCC00392,2024-11-30,22:41,DEL186,2280,739,32.4,Low
DEL-PI-OCC00392,2024-11-30,22:41,DEL192,2280,680,29.9,Low
DEL-PI-OCC00393,2024-11-30,15:14,DEL175,2100,874,41.6,Low
DEL-PI-OCC00393,2024-11-30,15:15,DEL188,2100,2117,100.8,High
DEL-PI-OCC00393,2024-11-30,15:32,DEL177,2100,814,38.8,Low
DEL-PI-OCC00393,2024-11-30,15:58,DEL187,2100,989,47.1,Medium
DEL-PI-OCC00394,2024-12-04,05:30,DEL056,3040,359,11.8,Low
DEL-PI-OCC00394,2024-12-04,05:32,DEL092,3040,293,9.7,Low
DEL-PI-OCC00394,2024-12-04,05:46,DEL194,3040,312,10.3,Low
DEL-PI-OCC00395,2024-12-04,18:43,DEL193,2560,2533,99.0,High
DEL-PI-OCC00395,2024-12-04,18:29,DEL168,2560,2058,80.4,High
DEL-PI-OCC00395,2024-12-04,18:05,DEL190,2560,3186,124.5,Critical
DEL-PI-OCC00395,2024-12-04,18:15,DEL192,2560,2630,102.8,High
DEL-PI-OCC00395,2024-12-04,18:57,DEL006,2560,2650,103.5,High
DEL-PI-OCC00396,2024-12-04,09:06,DEL172,2800,2692,96.2,High
DEL-PI-OCC00396,2024-12-04,09:15,DEL186,2800,2277,81.3,High
DEL-PI-OCC00396,2024-12-04,09:19,DEL178,2800,2221,79.3,Medium
DEL-PI-OCC00396,2024-12-04,09:27,DEL190,2800,3344,119.5,Critical
DEL-PI-OCC00396,2024-12-04,09:03,DEL168,2800,2768,98.9,High
DEL-PI-OCC00396,2024-12-04,09:46,DEL192,2800,2617,93.5,High
DEL-PI-OCC00397,2024-12-08,07:54,DEL171,2560,1991,77.8,Medium
DEL-PI-OCC00397,2024-12-08,07:06,DEL178,2560,1760,68.8,Medium
DEL-PI-OCC00397,2024-12-08,07:56,DEL170,2560,1749,68.3,Medium
DEL-PI-OCC00397,2024-12-08,07:02,DEL123,2560,1983,77.5,Medium
DEL-PI-OCC00397,2024-12-08,07:03,DEL192,2560,1213,47.4,Medium
DEL-PI-OCC00397,2024-12-08,07:57,DEL072,2560,826,32.3,Low
DEL-PI-OCC00398,2024-12-08,08:11,DEL190,2100,1508,71.8,Medium
DEL-PI-OCC00398,2024-12-08,08:42,DEL174,2100,2940,140,Critical
DEL-PI-OCC00398,2024-12-08,08:51,DEL167,2100,2368,112.8,Critical
DEL-PI-OCC00398,2024-12-08,08:07,DEL185,2100,2909,138.5,Critical
DEL-PI-OCC00399,2024-12-08,09:15,DEL181,1920,1490,77.6,Medium
DEL-PI-OCC00399,2024-12-08,09:28,DEL171,1920,2471,128.7,Critical
DEL-PI-OCC00399,2024-12-08,09:53,DEL123,1920,1530,79.7,Medium
DEL-PI-OCC00399,2024-12-08,09:12,DEL179,1920,1521,79.3,Medium
DEL-PI-OCC00399,2024-12-08,09:26,DEL056,1920,2329,121.3,Critical
DEL-PI-OCC00399,2024-12-08,09:37,DEL183,1920,1700,88.6,High
DEL-PI-OCC00400,2024-12-12,08:33,DEL102,1920,1254,65.4,Medium
DEL-PI-OCC00400,2024-12-12,08:54,DEL193,1920,2050,106.8,Critical
DEL-PI-OCC00400,2024-12-12,08:39,DEL194,1920,1715,89.4,High
DEL-PI-OCC00400,2024-12-12,08:07,DEL190,1920,1702,88.7,High
DEL-PI-OCC00401,2024-12-12,08:10,DEL006,2560,2634,102.9,High
DEL-PI-OCC00401,2024-12-12,08:59,DEL178,2560,2945,115.1,Critical
DEL-PI-OCC00401,2024-12-12,08:52,DEL186,2560,2384,93.1,High
DEL-PI-OCC00401,2024-12-12,08:48,DEL196,2560,2304,90.0,High
DEL-PI-OCC00401,2024-12-12,08:50,DEL181,2560,2975,116.2,Critical
DEL-PI-OCC00402,2024-12-12,20:37,DEL188,1920,1544,80.4,High
DEL-PI-OCC00402,2024-12-12,20:13,DEL180,1920,497,25.9,Low
DEL-PI-OCC00402,2024-12-12,20:38,DEL173,1920,1642,85.5,High
DEL-PI-OCC00402,2024-12-12,20:48,DEL191,1920,2021,105.3,Critical
DEL-PI-OCC00402,2024-12-12,20:09,DEL172,1920,1406,73.3,Medium
DEL-PI-OCC00402,2024-12-12,20:00,DEL006,1920,2193,114.2,Critical
DEL-PI-OCC00403,2024-12-16,15:29,DEL176,2800,808,28.9,Low
DEL-PI-OCC00403,2024-12-16,15:53,DEL196,2800,1305,46.6,Medium
DEL-PI-OCC00403,2024-12-16,15:49,DEL178,2800,997,35.6,Low
DEL-PI-OCC00404,2024-12-16,10:30,DEL123,3040,1184,39.0,Low
DEL-PI-OCC00404,2024-12-16,10:16,DEL178,3040,2090,68.8,Medium
DEL-PI-OCC00404,2024-12-16,10:32,DEL056,3040,1651,54.3,Medium
DEL-PI-OCC00404,2024-12-16,10:08,DEL193,3040,1240,40.8,Low
DEL-PI-OCC00404,2024-12-16,10:27,DEL183,3040,1914,63.0,Medium
DEL-PI-OCC00404,2024-12-16,10:25,DEL191,3040,2424,79.8,Medium
DEL-PI-OCC00405,2024-12-16,07:39,DEL192,2560,1014,39.6,Low
DEL-PI-OCC00405,2024-12-16,07:51,DEL072,2560,1118,43.7,Low
DEL-PI-OCC00405,2024-12-16,07:33,DEL123,2560,1656,64.7,Medium
DEL-PI-OCC00405,2024-12-16,07:02,DEL189,2560,1035,40.4,Low
DEL-PI-OCC00405,2024-12-16,07:15,DEL168,2560,1111,43.4,Low
DEL-PI-OCC00405,2024-12-16,07:57,DEL174,2560,2108,82.3,High
DEL-PI-OCC00406,2024-12-20,10:20,DEL178,2100,1046,49.8,Medium
DEL-PI-OCC00406,2024-12-20,10:29,DEL176,2100,1446,68.9,Medium
DEL-PI-OCC00406,2024-12-20,10:44,DEL185,2100,1257,59.9,Medium
DEL-PI-OCC00406,2024-12-20,10:13,DEL180,2100,705,33.6,Low
DEL-PI-OCC00407,2024-12-20,15:08,DEL192,1920,823,42.9,Low
DEL-PI-OCC00407,2024-12-20,15:05,DEL022,1920,698,36.4,Low
DEL-PI-OCC00407,2024-12-20,15:19,DEL170,1920,533,27.8,Low
DEL-PI-OCC00407,2024-12-20,15:21,DEL173,1920,1039,54.2,Medium
DEL-PI-OCC00408,2024-12-20,07:51,DEL174,2560,1605,62.7,Medium
DEL-PI-OCC00408,2024-12-20,07:06,DEL185,2560,2188,85.5,High
DEL-PI-OCC00408,2024-12-20,07:29,DEL171,2560,2183,85.3,High
DEL-PI-OCC00408,2024-12-20,07:14,DEL182,2560,2943,115.0,Critical
DEL-PI-OCC00408,2024-12-20,07:27,DEL196,2560,1158,45.3,Medium
DEL-PI-OCC00408,2024-12-20,07:07,DEL192,2560,1333,52.1,Medium
DEL-PI-OCC00409,2024-12-24,10:33,DEL178,2800,1599,57.1,Medium
DEL-PI-OCC00409,2024-12-24,10:10,DEL168,2800,3190,113.9,Critical
DEL-PI-OCC00409,2024-12-24,10:47,DEL172,2800,1565,55.9,Medium
DEL-PI-OCC00410,2024-12-24,08:53,DEL175,2280,2333,102.4,High
DEL-PI-OCC00410,2024-12-24,08:05,DEL179,2280,2555,112.1,Critical
DEL-PI-OCC00410,2024-12-24,08:07,DEL171,2280,2057,90.2,High
DEL-PI-OCC00410,2024-12-24,08:37,DEL183,2280,2886,126.6,Critical
DEL-PI-OCC00411,2024-12-24,15:49,DEL187,2800,1393,49.8,Medium
DEL-PI-OCC00411,2024-12-24,15:56,DEL193,2800,955,34.1,Low
DEL-PI-OCC00411,2024-12-24,15:19,DEL171,2800,1017,36.3,Low
DEL-PI-OCC00411,2024-12-24,15:27,DEL072,2800,1409,50.3,Medium
DEL-PI-OCC00411,2024-12-24,15:01,DEL191,2800,1102,39.4,Low
DEL-PI-OCC00412,2024-12-28,18:57,DEL188,1920,2401,125.1,Critical
DEL-PI-OCC00412,2024-12-28,18:18,DEL197,1920,1409,73.4,Medium
DEL-PI-OCC00412,2024-12-28,18:30,DEL102,1920,1525,79.5,Medium
DEL-PI-OCC00413,2024-12-28,19:52,DEL191,2800,3548,126.7,Critical
DEL-PI-OCC00413,2024-12-28,19:43,DEL174,2800,3765,134.5,Critical
DEL-PI-OCC00413,2024-12-28,19:04,DEL187,2800,2738,97.8,High
DEL-PI-OCC00413,2024-12-28,19:48,DEL179,2800,1183,42.3,Low
DEL-PI-OCC00413,2024-12-28,19:10,DEL190,2800,2565,91.6,High
DEL-PI-OCC00413,2024-12-28,19:18,DEL195,2800,2814,100.5,High
DEL-PI-OCC00414,2024-12-28,07:55,DEL180,2560,1597,62.4,Medium
DEL-PI-OCC00414,2024-12-28,07:52,DEL173,2560,1048,41.0,Low
DEL-PI-OCC00414,2024-12-28,07:55,DEL181,2560,1991,77.8,Medium
DEL-PI-OCC00414,2024-12-28,07:08,DEL183,2560,2539,99.2,High
DEL-PI-OCC00414,2024-12-28,07:41,DEL186,2560,1518,59.3,Medium
DEL-PI-OCC00414,2024-12-28,07:14,DEL191,2560,1423,55.6,Medium
DEL-GR-OCC00415,2024-10-01,13:45,DEL210,1920,1050,54.7,Medium
DEL-GR-OCC00415,2024-10-01,13:09,DEL209,1920,741,38.6,Low
DEL-GR-OCC00415,2024-10-01,13:10,DEL198,1920,925,48.2,Medium
DEL-GR-OCC00415,2024-10-01,13:32,DEL205,1920,546,28.5,Low
DEL-GR-OCC00415,2024-10-01,13:59,DEL199,1920,1035,53.9,Medium
DEL-GR-OCC00416,2024-10-01,16:23,DEL206,3040,2038,67.1,Medium
DEL-GR-OCC00416,2024-10-01,16:55,DEL217,3040,1935,63.7,Medium
DEL-GR-OCC00416,2024-10-01,16:22,DEL202,3040,1574,51.8,Medium
DEL-GR-OCC00417,2024-10-01,21:03,DEL209,2280,1290,56.6,Medium
DEL-GR-OCC00417,2024-10-01,21:27,DEL216,2280,425,18.6,Low
DEL-GR-OCC00417,2024-10-01,21:40,DEL205,2280,1211,53.2,Medium
DEL-GR-OCC00417,2024-10-01,21:54,DEL200,2280,851,37.3,Low
DEL-GR-OCC00417,2024-10-01,21:21,DEL210,2280,1282,56.2,Medium
DEL-GR-OCC00418,2024-10-05,05:45,DEL210,2800,268,9.6,Low
DEL-GR-OCC00418,2024-10-05,05:47,DEL212,2800,340,12.1,Low
DEL-GR-OCC00418,2024-10-05,05:02,DEL200,2800,630,22.5,Low
DEL-GR-OCC00418,2024-10-05,05:30,DEL206,2800,345,12.3,Low
DEL-GR-OCC00418,2024-10-05,05:35,DEL217,2800,336,12.0,Low
DEL-GR-OCC00419,2024-10-05,13:19,DEL201,2100,365,17.4,Low
DEL-GR-OCC00419,2024-10-05,13:25,DEL200,2100,1175,56.0,Medium
DEL-GR-OCC00419,2024-10-05,13:10,DEL208,2100,1901,90.5,High
DEL-GR-OCC00419,2024-10-05,13:13,DEL210,2100,1016,48.4,Medium
DEL-GR-OCC00419,2024-10-05,13:41,DEL199,2100,841,40.1,Low
DEL-GR-OCC00420,2024-10-05,09:48,DEL204,1920,1998,104.1,High
DEL-GR-OCC00420,2024-10-05,09:36,DEL205,1920,1769,92.2,High
DEL-GR-OCC00420,2024-10-05,09:17,DEL203,1920,1686,87.8,High
DEL-GR-OCC00421,2024-10-09,10:58,DEL212,2560,1475,57.6,Medium
DEL-GR-OCC00421,2024-10-09,10:43,DEL199,2560,1748,68.3,Medium
DEL-GR-OCC00421,2024-10-09,10:06,DEL215,2560,2296,89.7,High
DEL-GR-OCC00422,2024-10-09,23:58,DEL214,2100,226,10.8,Low
DEL-GR-OCC00422,2024-10-09,23:47,DEL201,2100,245,11.7,Low
DEL-GR-OCC00422,2024-10-09,23:30,DEL199,2100,548,26.1,Low
DEL-GR-OCC00422,2024-10-09,23:18,DEL204,2100,282,13.5,Low
DEL-GR-OCC00422,2024-10-09,23:57,DEL217,2100,381,18.2,Low
DEL-GR-OCC00422,2024-10-09,23:15,DEL213,2100,261,12.5,Low
DEL-GR-OCC00423,2024-10-09,18:12,DEL211,2100,2197,104.7,High
DEL-GR-OCC00423,2024-10-09,18:41,DEL215,2100,2048,97.6,High
DEL-GR-OCC00423,2024-10-09,18:32,DEL198,2100,1935,92.2,High
DEL-GR-OCC00423,2024-10-09,18:37,DEL095,2100,2140,101.9,High
DEL-GR-OCC00423,2024-10-09,18:22,DEL200,2100,1918,91.4,High
DEL-GR-OCC00424,2024-10-13,08:08,DEL214,3040,3621,119.1,Critical
DEL-GR-OCC00424,2024-10-13,08:55,DEL205,3040,3551,116.8,Critical
DEL-GR-OCC00424,2024-10-13,08:11,DEL198,3040,1987,65.4,Medium
DEL-GR-OCC00424,2024-10-13,08:21,DEL207,3040,2832,93.2,High
DEL-GR-OCC00424,2024-10-13,08:06,DEL206,3040,3517,115.7,Critical
DEL-GR-OCC00425,2024-10-13,06:18,DEL095,1920,598,31.2,Low
DEL-GR-OCC00425,2024-10-13,06:12,DEL217,1920,315,16.4,Low
DEL-GR-OCC00425,2024-10-13,06:14,DEL205,1920,732,38.1,Low
DEL-GR-OCC00425,2024-10-13,06:56,DEL211,1920,1188,61.9,Medium
DEL-GR-OCC00425,2024-10-13,06:08,DEL202,1920,670,34.9,Low
DEL-GR-OCC00425,2024-10-13,06:36,DEL213,1920,687,35.8,Low
DEL-GR-OCC00426,2024-10-13,23:59,DEL199,2800,710,25.4,Low
DEL-GR-OCC00426,2024-10-13,23:04,DEL201,2800,323,11.5,Low
DEL-GR-OCC00426,2024-10-13,23:35,DEL212,2800,309,11.1,Low
DEL-GR-OCC00426,2024-10-13,23:12,DEL214,2800,299,10.7,Low
DEL-GR-OCC00427,2024-10-17,20:24,DEL205,2800,2046,73.1,Medium
DEL-GR-OCC00427,2024-10-17,20:48,DEL203,2800,2368,84.6,High
DEL-GR-OCC00427,2024-10-17,20:01,DEL095,2800,2484,88.7,High
DEL-GR-OCC00427,2024-10-17,20:34,DEL209,2800,1874,67.0,Medium
DEL-GR-OCC00427,2024-10-17,20:41,DEL216,2800,810,29.0,Low
DEL-GR-OCC00428,2024-10-17,06:48,DEL202,2100,794,37.8,Low
DEL-GR-OCC00428,2024-10-17,06:19,DEL208,2100,1132,53.9,Medium
DEL-GR-OCC00428,2024-10-17,06:38,DEL095,2100,887,42.2,Low
DEL-GR-OCC00428,2024-10-17,06:31,DEL205,2100,804,38.3,Low
DEL-GR-OCC00429,2024-10-17,16:08,DEL214,2100,1705,81.2,High
DEL-GR-OCC00429,2024-10-17,16:30,DEL200,2100,1432,68.2,Medium
DEL-GR-OCC00429,2024-10-17,16:47,DEL205,2100,833,39.7,Low
DEL-GR-OCC00429,2024-10-17,16:58,DEL204,2100,1612,76.8,Medium
DEL-GR-OCC00429,2024-10-17,16:13,DEL210,2100,1433,68.3,Medium
DEL-GR-OCC00430,2024-10-21,20:26,DEL215,1920,2102,109.5,Critical
DEL-GR-OCC00430,2024-10-21,20:30,DEL210,1920,1915,99.8,High
DEL-GR-OCC00430,2024-10-21,20:57,DEL209,1920,1811,94.4,High
DEL-GR-OCC00431,2024-10-21,15:56,DEL206,1920,1635,85.2,High
DEL-GR-OCC00431,2024-10-21,15:35,DEL213,1920,729,38.0,Low
DEL-GR-OCC00431,2024-10-21,15:52,DEL200,1920,710,37.0,Low
DEL-GR-OCC00431,2024-10-21,15:16,DEL199,1920,929,48.4,Medium
DEL-GR-OCC00431,2024-10-21,15:16,DEL211,1920,902,47.0,Medium
DEL-GR-OCC00431,2024-10-21,15:54,DEL208,1920,1332,69.4,Medium
DEL-GR-OCC00432,2024-10-21,22:18,DEL205,2280,726,31.9,Low
DEL-GR-OCC00432,2024-10-21,22:07,DEL213,2280,621,27.3,Low
DEL-GR-OCC00432,2024-10-21,22:19,DEL198,2280,837,36.8,Low
DEL-GR-OCC00432,2024-10-21,22:02,DEL203,2280,919,40.3,Low
DEL-GR-OCC00433,2024-10-25,10:57,DEL204,2100,864,41.2,Low
DEL-GR-OCC00433,2024-10-25,10:23,DEL214,2100,1051,50.1,Medium
DEL-GR-OCC00433,2024-10-25,10:51,DEL206,2100,730,34.8,Low
DEL-GR-OCC00433,2024-10-25,10:44,DEL217,2100,1999,95.2,High
DEL-GR-OCC00434,2024-10-25,15:55,DEL211,2100,1084,51.6,Medium
DEL-GR-OCC00434,2024-10-25,15:25,DEL200,2100,818,39.0,Low
DEL-GR-OCC00434,2024-10-25,15:40,DEL213,2100,600,28.6,Low
DEL-GR-OCC00435,2024-10-25,08:03,DEL200,2800,3818,136.4,Critical
DEL-GR-OCC00435,2024-10-25,08:12,DEL205,2800,2923,104.4,High
DEL-GR-OCC00435,2024-10-25,08:31,DEL209,2800,3026,108.1,Critical
DEL-GR-OCC00436,2024-10-29,20:49,DEL210,2100,1720,81.9,High
DEL-GR-OCC00436,2024-10-29,20:26,DEL213,2100,2268,108.0,Critical
DEL-GR-OCC00436,2024-10-29,20:38,DEL198,2100,1625,77.4,Medium
DEL-GR-OCC00436,2024-10-29,20:30,DEL207,2100,1691,80.5,High
DEL-GR-OCC00436,2024-10-29,20:05,DEL200,2100,1070,51.0,Medium
DEL-GR-OCC00437,2024-10-29,11:35,DEL211,2100,547,26.1,Low
DEL-GR-OCC00437,2024-10-29,11:39,DEL206,2100,839,40.0,Low
DEL-GR-OCC00437,2024-10-29,11:46,DEL209,2100,1146,54.6,Medium
DEL-GR-OCC00437,2024-10-29,11:00,DEL203,2100,795,37.9,Low
DEL-GR-OCC00437,2024-10-29,11:54,DEL201,2100,719,34.3,Low
DEL-GR-OCC00437,2024-10-29,11:06,DEL095,2100,877,41.8,Low
DEL-GR-OCC00438,2024-10-29,20:35,DEL214,2800,843,30.1,Low
DEL-GR-OCC00438,2024-10-29,20:06,DEL217,2800,3216,114.9,Critical
DEL-GR-OCC00438,2024-10-29,20:59,DEL095,2800,3036,108.5,Critical
DEL-GR-OCC00438,2024-10-29,20:12,DEL198,2800,2299,82.1,High
DEL-GR-OCC00438,2024-10-29,20:05,DEL203,2800,3192,114.0,Critical
DEL-GR-OCC00439,2024-11-02,14:24,DEL217,2280,974,42.7,Low
DEL-GR-OCC00439,2024-11-02,14:20,DEL212,2280,515,22.6,Low
DEL-GR-OCC00439,2024-11-02,14:02,DEL216,2280,1335,58.6,Medium
DEL-GR-OCC00440,2024-11-02,13:49,DEL095,3040,873,28.7,Low
DEL-GR-OCC00440,2024-11-02,13:24,DEL203,3040,795,26.2,Low
DEL-GR-OCC00440,2024-11-02,13:47,DEL215,3040,1725,56.7,Medium
DEL-GR-OCC00440,2024-11-02,13:02,DEL207,3040,824,27.1,Low
DEL-GR-OCC00440,2024-11-02,13:30,DEL199,3040,1615,53.2,Medium
DEL-GR-OCC00440,2024-11-02,13:43,DEL217,3040,1049,34.5,Low
DEL-GR-OCC00441,2024-11-02,10:24,DEL199,2100,1606,76.5,Medium
DEL-GR-OCC00441,2024-11-02,10:31,DEL216,2100,1128,53.8,Medium
DEL-GR-OCC00441,2024-11-02,10:51,DEL206,2100,1120,53.4,Medium
DEL-GR-OCC00441,2024-11-02,10:54,DEL210,2100,1785,85.0,High
DEL-GR-OCC00442,2024-11-06,08:52,DEL210,1920,1872,97.5,High
DEL-GR-OCC00442,2024-11-06,08:16,DEL212,1920,2054,107.0,Critical
DEL-GR-OCC00442,2024-11-06,08:01,DEL200,1920,2637,137.4,Critical
DEL-GR-OCC00442,2024-11-06,08:01,DEL199,1920,1921,100.1,High
DEL-GR-OCC00442,2024-11-06,08:26,DEL204,1920,1753,91.4,High
DEL-GR-OCC00442,2024-11-06,08:44,DEL208,1920,2099,109.4,Critical
DEL-GR-OCC00443,2024-11-06,06:50,DEL215,2800,669,23.9,Low
DEL-GR-OCC00443,2024-11-06,06:58,DEL205,2800,994,35.5,Low
DEL-GR-OCC00443,2024-11-06,06:49,DEL206,2800,978,34.9,Low
DEL-GR-OCC00443,2024-11-06,06:37,DEL211,2800,1263,45.1,Medium
DEL-GR-OCC00443,2024-11-06,06:19,DEL212,2800,1096,39.2,Low
DEL-GR-OCC00443,2024-11-06,06:08,DEL203,2800,950,33.9,Low
DEL-GR-OCC00444,2024-11-06,09:49,DEL211,2560,2515,98.3,High
DEL-GR-OCC00444,2024-11-06,09:06,DEL209,2560,3201,125.0,Critical
DEL-GR-OCC00444,2024-11-06,09:30,DEL210,2560,2727,106.5,Critical
DEL-GR-OCC00444,2024-11-06,09:45,DEL203,2560,2896,113.2,Critical
DEL-GR-OCC00444,2024-11-06,09:58,DEL205,2560,2239,87.5,High
DEL-GR-OCC00444,2024-11-06,09:54,DEL214,2560,2596,101.4,High
DEL-GR-OCC00445,2024-11-10,12:21,DEL198,1920,816,42.5,Low
DEL-GR-OCC00445,2024-11-10,12:10,DEL203,1920,481,25.1,Low
DEL-GR-OCC00445,2024-11-10,12:13,DEL215,1920,884,46.1,Medium
DEL-GR-OCC00445,2024-11-10,12:27,DEL201,1920,407,21.2,Low
DEL-GR-OCC00446,2024-11-10,19:18,DEL206,1920,685,35.7,Low
DEL-GR-OCC00446,2024-11-10,19:43,DEL213,1920,2166,112.9,Critical
DEL-GR-OCC00446,2024-11-10,19:07,DEL211,1920,2057,107.2,Critical
DEL-GR-OCC00446,2024-11-10,19:58,DEL095,1920,2213,115.3,Critical
DEL-GR-OCC00447,2024-11-10,09:44,DEL214,2800,3189,113.9,Critical
DEL-GR-OCC00447,2024-11-10,09:15,DEL095,2800,2301,82.2,High
DEL-GR-OCC00447,2024-11-10,09:33,DEL202,2800,2601,92.9,High
DEL-GR-OCC00447,2024-11-10,09:02,DEL200,2800,2383,85.1,High
DEL-GR-OCC00447,2024-11-10,09:19,DEL217,2800,3920,140,Critical
DEL-GR-OCC00447,2024-11-10,09:55,DEL209,2800,3568,127.4,Critical
DEL-GR-OCC00448,2024-11-14,16:58,DEL198,3040,1810,59.6,Medium
DEL-GR-OCC00448,2024-11-14,16:41,DEL207,3040,1654,54.4,Medium
DEL-GR-OCC00448,2024-11-14,16:47,DEL209,3040,1293,42.6,Low
DEL-GR-OCC00448,2024-11-14,16:10,DEL206,3040,2544,83.7,High
DEL-GR-OCC00448,2024-11-14,16:35,DEL202,3040,1637,53.9,Medium
DEL-GR-OCC00448,2024-11-14,16:51,DEL201,3040,1525,50.2,Medium
DEL-GR-OCC00449,2024-11-14,22:11,DEL207,2800,754,27.0,Low
DEL-GR-OCC00449,2024-11-14,22:35,DEL199,2800,1146,41.0,Low
DEL-GR-OCC00449,2024-11-14,22:32,DEL202,2800,1182,42.2,Low
DEL-GR-OCC00450,2024-11-14,14:10,DEL212,1920,510,26.6,Low
DEL-GR-OCC00450,2024-11-14,14:06,DEL213,1920,454,23.7,Low
DEL-GR-OCC00450,2024-11-14,14:33,DEL211,1920,892,46.5,Medium
DEL-GR-OCC00450,2024-11-14,14:01,DEL207,1920,414,21.6,Low
DEL-GR-OCC00451,2024-11-18,18:30,DEL215,1920,2056,107.1,Critical
DEL-GR-OCC00451,2024-11-18,18:04,DEL210,1920,1769,92.2,High
DEL-GR-OCC00451,2024-11-18,18:22,DEL208,1920,2688,140,Critical
DEL-GR-OCC00451,2024-11-18,18:43,DEL204,1920,1441,75.1,Medium
DEL-GR-OCC00451,2024-11-18,18:25,DEL201,1920,2263,117.9,Critical
DEL-GR-OCC00452,2024-11-18,20:11,DEL207,3040,3457,113.7,Critical
DEL-GR-OCC00452,2024-11-18,20:09,DEL217,3040,3006,98.9,High
DEL-GR-OCC00452,2024-11-18,20:18,DEL201,3040,2957,97.3,High
DEL-GR-OCC00452,2024-11-18,20:37,DEL210,3040,2999,98.7,High
DEL-GR-OCC00453,2024-11-18,15:52,DEL204,2100,1732,82.5,High
DEL-GR-OCC00453,2024-11-18,15:11,DEL201,2100,785,37.4,Low
DEL-GR-OCC00453,2024-11-18,15:24,DEL213,2100,671,32.0,Low
DEL-GR-OCC00453,2024-11-18,15:18,DEL203,2100,767,36.5,Low
DEL-GR-OCC00453,2024-11-18,15:44,DEL208,2100,1839,87.6,High
DEL-GR-OCC00454,2024-11-22,20:20,DEL210,2560,2439,95.3,High
DEL-GR-OCC00454,2024-11-22,20:46,DEL202,2560,2220,86.7,High
DEL-GR-OCC00454,2024-11-22,20:26,DEL203,2560,2647,103.4,High
DEL-GR-OCC00454,2024-11-22,20:20,DEL198,2560,2697,105.4,Critical
DEL-GR-OCC00455,2024-11-22,13:59,DEL208,1920,1514,78.9,Medium
DEL-GR-OCC00455,2024-11-22,13:05,DEL204,1920,635,33.1,Low
DEL-GR-OCC00455,2024-11-22,13:13,DEL214,1920,891,46.4,Medium
DEL-GR-OCC00455,2024-11-22,13:42,DEL205,1920,430,22.4,Low
DEL-GR-OCC00455,2024-11-22,13:35,DEL217,1920,948,49.4,Medium
DEL-GR-OCC00455,2024-11-22,13:35,DEL202,1920,444,23.1,Low
DEL-GR-OCC00456,2024-11-22,10:37,DEL208,1920,1686,87.8,High
DEL-GR-OCC00456,2024-11-22,10:33,DEL210,1920,1256,65.4,Medium
DEL-GR-OCC00456,2024-11-22,10:36,DEL211,1920,739,38.5,Low
DEL-GR-OCC00457,2024-11-26,21:00,DEL198,2800,1515,54.1,Medium
DEL-GR-OCC00457,2024-11-26,21:12,DEL095,2800,1309,46.8,Medium
DEL-GR-OCC00457,2024-11-26,21:48,DEL217,2800,1686,60.2,Medium
DEL-GR-OCC00458,2024-11-26,18:23,DEL205,1920,1441,75.1,Medium
DEL-GR-OCC00458,2024-11-26,18:52,DEL198,1920,1541,80.3,High
DEL-GR-OCC00458,2024-11-26,18:58,DEL204,1920,1328,69.2,Medium
DEL-GR-OCC00458,2024-11-26,18:46,DEL214,1920,1494,77.8,Medium
DEL-GR-OCC00459,2024-11-26,09:11,DEL216,1920,1919,100.0,High
DEL-GR-OCC00459,2024-11-26,09:28,DEL207,1920,1528,79.6,Medium
DEL-GR-OCC00459,2024-11-26,09:02,DEL202,1920,1453,75.7,Medium
DEL-GR-OCC00459,2024-11-26,09:52,DEL209,1920,2435,126.8,Critical
DEL-GR-OCC00459,2024-11-26,09:23,DEL198,1920,2073,108.0,Critical
DEL-GR-OCC00460,2024-11-30,09:29,DEL199,3040,4175,137.4,Critical
DEL-GR-OCC00460,2024-11-30,09:20,DEL210,3040,3740,123.0,Critical
DEL-GR-OCC00460,2024-11-30,09:57,DEL216,3040,2824,92.9,High
DEL-GR-OCC00460,2024-11-30,09:21,DEL207,3040,2657,87.4,High
DEL-GR-OCC00460,2024-11-30,09:14,DEL209,3040,3140,103.3,High
DEL-GR-OCC00461,2024-11-30,07:22,DEL214,2100,1250,59.6,Medium
DEL-GR-OCC00461,2024-11-30,07:52,DEL206,2100,1652,78.7,Medium
DEL-GR-OCC00461,2024-11-30,07:04,DEL213,2100,1221,58.2,Medium
DEL-GR-OCC00461,2024-11-30,07:35,DEL202,2100,2049,97.6,High
DEL-GR-OCC00461,2024-11-30,07:23,DEL207,2100,1404,66.9,Medium
DEL-GR-OCC00461,2024-11-30,07:09,DEL210,2100,945,45.0,Medium
DEL-GR-OCC00462,2024-11-30,07:18,DEL205,3040,1838,60.5,Medium
DEL-GR-OCC00462,2024-11-30,07:20,DEL204,3040,2570,84.5,High
DEL-GR-OCC00462,2024-11-30,07:30,DEL216,3040,1842,60.6,Medium
DEL-GR-OCC00462,2024-11-30,07:06,DEL213,3040,2419,79.6,Medium
DEL-GR-OCC00462,2024-11-30,07:31,DEL209,3040,1533,50.4,Medium
DEL-GR-OCC00462,2024-11-30,07:18,DEL217,3040,1369,45.1,Medium
DEL-GR-OCC00463,2024-12-04,18:32,DEL198,2280,2062,90.4,High
DEL-GR-OCC00463,2024-12-04,18:56,DEL217,2280,2911,127.7,Critical
DEL-GR-OCC00463,2024-12-04,18:29,DEL214,2280,1359,59.6,Medium
DEL-GR-OCC00463,2024-12-04,18:18,DEL212,2280,1890,82.9,High
DEL-GR-OCC00464,2024-12-04,19:52,DEL200,2560,2416,94.4,High
DEL-GR-OCC00464,2024-12-04,19:15,DEL205,2560,3044,118.9,Critical
DEL-GR-OCC00464,2024-12-04,19:21,DEL207,2560,3576,139.7,Critical
DEL-GR-OCC00464,2024-12-04,19:11,DEL208,2560,2732,106.8,Critical
DEL-GR-OCC00464,2024-12-04,19:22,DEL198,2560,2215,86.5,High
DEL-GR-OCC00465,2024-12-04,19:07,DEL211,2560,2647,103.4,High
DEL-GR-OCC00465,2024-12-04,19:55,DEL205,2560,3351,130.9,Critical
DEL-GR-OCC00465,2024-12-04,19:02,DEL210,2560,2911,113.7,Critical
DEL-GR-OCC00465,2024-12-04,19:57,DEL216,2560,836,32.7,Low
DEL-GR-OCC00466,2024-12-08,06:41,DEL200,2280,1616,70.9,Medium
DEL-GR-OCC00466,2024-12-08,06:35,DEL208,2280,1838,80.6,High
DEL-GR-OCC00466,2024-12-08,06:41,DEL206,2280,948,41.6,Low
DEL-GR-OCC00466,2024-12-08,06:48,DEL205,2280,928,40.7,Low
DEL-GR-OCC00467,2024-12-08,19:04,DEL213,1920,1889,98.4,High
DEL-GR-OCC00467,2024-12-08,19:49,DEL206,1920,710,37.0,Low
DEL-GR-OCC00467,2024-12-08,19:18,DEL217,1920,2375,123.7,Critical
DEL-GR-OCC00467,2024-12-08,19:48,DEL207,1920,2305,120.1,Critical
DEL-GR-OCC00467,2024-12-08,19:11,DEL211,1920,1809,94.2,High
DEL-GR-OCC00467,2024-12-08,19:38,DEL216,1920,655,34.2,Low
DEL-GR-OCC00468,2024-12-08,10:25,DEL217,2100,2168,103.3,High
DEL-GR-OCC00468,2024-12-08,10:54,DEL206,2100,700,33.3,Low
DEL-GR-OCC00468,2024-12-08,10:12,DEL204,2100,868,41.4,Low
DEL-GR-OCC00468,2024-12-08,10:08,DEL208,2100,1556,74.1,Medium
DEL-GR-OCC00469,2024-12-12,20:43,DEL200,2100,1262,60.1,Medium
DEL-GR-OCC00469,2024-12-12,20:21,DEL216,2100,611,29.1,Low
DEL-GR-OCC00469,2024-12-12,20:21,DEL213,2100,1596,76.0,Medium
DEL-GR-OCC00469,2024-12-12,20:53,DEL198,2100,2190,104.3,High
DEL-GR-OCC00469,2024-12-12,20:56,DEL212,2100,1546,73.7,Medium
DEL-GR-OCC00470,2024-12-12,10:05,DEL216,2560,1361,53.2,Medium
DEL-GR-OCC00470,2024-12-12,10:59,DEL213,2560,1443,56.4,Medium
DEL-GR-OCC00470,2024-12-12,10:08,DEL212,2560,1736,67.8,Medium
DEL-GR-OCC00470,2024-12-12,10:42,DEL198,2560,1892,73.9,Medium
DEL-GR-OCC00471,2024-12-12,21:25,DEL200,3040,1283,42.2,Low
DEL-GR-OCC00471,2024-12-12,21:50,DEL095,3040,1357,44.7,Low
DEL-GR-OCC00471,2024-12-12,21:30,DEL204,3040,565,18.6,Low
DEL-GR-OCC00471,2024-12-12,21:59,DEL206,3040,811,26.7,Low
DEL-GR-OCC00471,2024-12-12,21:10,DEL207,3040,1862,61.3,Medium
DEL-GR-OCC00471,2024-12-12,21:14,DEL213,3040,2046,67.3,Medium
DEL-GR-OCC00472,2024-12-16,09:18,DEL205,3040,2305,75.8,Medium
DEL-GR-OCC00472,2024-12-16,09:55,DEL201,3040,2649,87.2,High
DEL-GR-OCC00472,2024-12-16,09:23,DEL209,3040,3099,102.0,High
DEL-GR-OCC00472,2024-12-16,09:47,DEL207,3040,2706,89.0,High
DEL-GR-OCC00472,2024-12-16,09:30,DEL203,3040,2853,93.9,High
DEL-GR-OCC00472,2024-12-16,09:03,DEL198,3040,3844,126.5,Critical
DEL-GR-OCC00473,2024-12-16,20:40,DEL212,3040,2546,83.8,High
DEL-GR-OCC00473,2024-12-16,20:19,DEL217,3040,2104,69.2,Medium
DEL-GR-OCC00473,2024-12-16,20:38,DEL205,3040,2089,68.7,Medium
DEL-GR-OCC00473,2024-12-16,20:21,DEL210,3040,2539,83.5,High
DEL-GR-OCC00474,2024-12-16,18:28,DEL198,1920,2388,124.4,Critical
DEL-GR-OCC00474,2024-12-16,18:14,DEL202,1920,1500,78.1,Medium
DEL-GR-OCC00474,2024-12-16,18:27,DEL206,1920,1501,78.2,Medium
DEL-GR-OCC00474,2024-12-16,18:19,DEL213,1920,2293,119.4,Critical
DEL-GR-OCC00475,2024-12-20,21:58,DEL095,2280,966,42.4,Low
DEL-GR-OCC00475,2024-12-20,21:52,DEL203,2280,1256,55.1,Medium
DEL-GR-OCC00475,2024-12-20,21:11,DEL208,2280,1742,76.4,Medium
DEL-GR-OCC00475,2024-12-20,21:32,DEL214,2280,455,20.0,Low
DEL-GR-OCC00476,2024-12-20,17:00,DEL201,2800,2174,77.7,Medium
DEL-GR-OCC00476,2024-12-20,17:56,DEL199,2800,2738,97.8,High
DEL-GR-OCC00476,2024-12-20,17:12,DEL204,2800,1840,65.7,Medium
DEL-GR-OCC00476,2024-12-20,17:29,DEL213,2800,2402,85.8,High
DEL-GR-OCC00476,2024-12-20,17:14,DEL203,2800,2159,77.1,Medium
DEL-GR-OCC00477,2024-12-20,12:52,DEL212,2280,542,23.8,Low
DEL-GR-OCC00477,2024-12-20,12:04,DEL217,2280,1038,45.5,Medium
DEL-GR-OCC00477,2024-12-20,12:52,DEL209,2280,782,34.3,Low
DEL-GR-OCC00477,2024-12-20,12:25,DEL095,2280,480,21.1,Low
DEL-GR-OCC00478,2024-12-24,09:31,DEL210,3040,2859,94.1,High
DEL-GR-OCC00478,2024-12-24,09:09,DEL217,3040,4058,133.5,Critical
DEL-GR-OCC00478,2024-12-24,09:17,DEL216,3040,2604,85.7,High
DEL-GR-OCC00478,2024-12-24,09:52,DEL198,3040,4129,135.8,Critical
DEL-GR-OCC00479,2024-12-24,18:16,DEL214,2280,1526,67.0,Medium
DEL-GR-OCC00479,2024-12-24,18:34,DEL202,2280,2735,120.0,Critical
DEL-GR-OCC00479,2024-12-24,18:15,DEL210,2280,2337,102.5,High
DEL-GR-OCC00479,2024-12-24,18:58,DEL213,2280,2027,88.9,High
DEL-GR-OCC00479,2024-12-24,18:34,DEL211,2280,2530,111.0,Critical
DEL-GR-OCC00480,2024-12-24,13:58,DEL209,3040,1254,41.3,Low
DEL-GR-OCC00480,2024-12-24,13:24,DEL202,3040,503,16.6,Low
DEL-GR-OCC00480,2024-12-24,13:16,DEL208,3040,2141,70.4,Medium
DEL-GR-OCC00480,2024-12-24,13:14,DEL212,3040,687,22.6,Low
DEL-GR-OCC00480,2024-12-24,13:37,DEL205,3040,691,22.7,Low
DEL-GR-OCC00480,2024-12-24,13:15,DEL198,3040,1548,50.9,Medium
DEL-GR-OCC00481,2024-12-28,08:30,DEL209,1920,1480,77.1,Medium
DEL-GR-OCC00481,2024-12-28,08:12,DEL205,1920,1800,93.8,High
DEL-GR-OCC00481,2024-12-28,08:39,DEL095,1920,2330,121.4,Critical
DEL-GR-OCC00481,2024-12-28,08:42,DEL216,1920,2417,125.9,Critical
DEL-GR-OCC00482,2024-12-28,09:43,DEL210,3040,3778,124.3,Critical
DEL-GR-OCC00482,2024-12-28,09:23,DEL203,3040,3124,102.8,High
DEL-GR-OCC00482,2024-12-28,09:57,DEL206,3040,2625,86.4,High
DEL-GR-OCC00482,2024-12-28,09:49,DEL205,3040,2268,74.6,Medium
DEL-GR-OCC00483,2024-12-28,18:00,DEL206,2560,1512,59.1,Medium
DEL-GR-OCC00483,2024-12-28,18:09,DEL209,2560,2665,104.1,High
DEL-GR-OCC00483,2024-12-28,18:41,DEL210,2560,1971,77.0,Medium
DEL-GR-OCC00483,2024-12-28,18:52,DEL213,2560,1898,74.2,Medium
DEL-GR-OCC00483,2024-12-28,18:15,DEL208,2560,3584,140,Critical
DEL-AI-OCC00484,2024-10-01,20:01,DEL222,2100,1943,92.6,High
DEL-AI-OCC00484,2024-10-01,20:24,DEL220,2100,1417,67.5,Medium
DEL-AI-OCC00484,2024-10-01,20:13,DEL038,2100,2209,105.2,Critical
DEL-AI-OCC00485,2024-10-01,09:00,DEL038,2280,1925,84.4,High
DEL-AI-OCC00485,2024-10-01,09:17,DEL220,2280,1620,71.1,Medium
DEL-AI-OCC00485,2024-10-01,09:16,DEL218,2280,1555,68.2,Medium
DEL-AI-OCC00486,2024-10-01,16:08,DEL218,3040,2250,74.0,Medium
DEL-AI-OCC00486,2024-10-01,16:12,DEL220,3040,2005,66.0,Medium
DEL-AI-OCC00486,2024-10-01,16:04,DEL038,3040,1230,40.5,Low
DEL-AI-OCC00487,2024-10-05,07:53,DEL015,2800,2117,75.6,Medium
DEL-AI-OCC00487,2024-10-05,07:42,DEL221,2800,2657,94.9,High
DEL-AI-OCC00487,2024-10-05,07:29,DEL220,2800,3566,127.4,Critical
DEL-AI-OCC00487,2024-10-05,07:13,DEL222,2800,1566,55.9,Medium
DEL-AI-OCC00487,2024-10-05,07:04,DEL218,2800,2472,88.3,High
DEL-AI-OCC00488,2024-10-05,19:17,DEL218,1920,629,32.8,Low
DEL-AI-OCC00488,2024-10-05,19:19,DEL038,1920,1738,90.5,High
DEL-AI-OCC00488,2024-10-05,19:45,DEL219,1920,2219,115.6,Critical
DEL-AI-OCC00489,2024-10-05,15:01,DEL038,2280,792,34.8,Low
DEL-AI-OCC00489,2024-10-05,15:59,DEL221,2280,1312,57.5,Medium
DEL-AI-OCC00489,2024-10-05,15:37,DEL219,2280,655,28.7,Low
DEL-AI-OCC00490,2024-10-09,15:38,DEL219,2100,781,37.2,Low
DEL-AI-OCC00490,2024-10-09,15:40,DEL220,2100,951,45.3,Medium
DEL-AI-OCC00490,2024-10-09,15:01,DEL218,2100,1663,79.2,Medium
DEL-AI-OCC00491,2024-10-09,11:25,DEL038,2560,1630,63.7,Medium
DEL-AI-OCC00491,2024-10-09,11:29,DEL218,2560,747,29.2,Low
DEL-AI-OCC00491,2024-10-09,11:41,DEL015,2560,2194,85.7,High
DEL-AI-OCC00491,2024-10-09,11:46,DEL219,2560,799,31.2,Low
DEL-AI-OCC00492,2024-10-09,19:11,DEL015,2800,2465,88.1,High
DEL-AI-OCC00492,2024-10-09,19:27,DEL038,2800,3299,117.8,Critical
DEL-AI-OCC00492,2024-10-09,19:32,DEL218,2800,1242,44.4,Low
DEL-AI-OCC00492,2024-10-09,19:36,DEL221,2800,3130,111.8,Critical
DEL-AI-OCC00493,2024-10-13,10:17,DEL219,1920,1247,65.0,Medium
DEL-AI-OCC00493,2024-10-13,10:41,DEL222,1920,2152,112.1,Critical
DEL-AI-OCC00493,2024-10-13,10:27,DEL015,1920,1640,85.4,High
DEL-AI-OCC00494,2024-10-13,15:11,DEL220,1920,662,34.5,Low
DEL-AI-OCC00494,2024-10-13,15:39,DEL015,1920,1303,67.9,Medium
DEL-AI-OCC00494,2024-10-13,15:32,DEL218,1920,1625,84.7,High
DEL-AI-OCC00494,2024-10-13,15:39,DEL038,1920,991,51.6,Medium
DEL-AI-OCC00495,2024-10-13,18:38,DEL219,2560,2682,104.8,High
DEL-AI-OCC00495,2024-10-13,18:31,DEL220,2560,3115,121.7,Critical
DEL-AI-OCC00495,2024-10-13,18:02,DEL038,2560,3223,125.9,Critical
DEL-AI-OCC00495,2024-10-13,18:04,DEL221,2560,3378,132.0,Critical
DEL-AI-OCC00495,2024-10-13,18:05,DEL222,2560,2719,106.2,Critical
DEL-AI-OCC00495,2024-10-13,18:21,DEL015,2560,2548,99.5,High
DEL-AI-OCC00496,2024-10-17,20:07,DEL038,2800,2137,76.3,Medium
DEL-AI-OCC00496,2024-10-17,20:58,DEL015,2800,1998,71.4,Medium
DEL-AI-OCC00496,2024-10-17,20:07,DEL222,2800,2329,83.2,High
DEL-AI-OCC00497,2024-10-17,10:00,DEL221,2100,1557,74.2,Medium
DEL-AI-OCC00497,2024-10-17,10:11,DEL218,2100,740,35.3,Low
DEL-AI-OCC00497,2024-10-17,10:54,DEL015,2100,1975,94.1,High
DEL-AI-OCC00497,2024-10-17,10:24,DEL220,2100,953,45.4,Medium
DEL-AI-OCC00497,2024-10-17,10:17,DEL222,2100,1835,87.4,High
DEL-AI-OCC00498,2024-10-17,06:38,DEL038,1920,423,22.1,Low
DEL-AI-OCC00498,2024-10-17,06:46,DEL015,1920,1163,60.6,Medium
DEL-AI-OCC00498,2024-10-17,06:47,DEL221,1920,1381,72.0,Medium
DEL-AI-OCC00498,2024-10-17,06:55,DEL218,1920,672,35.0,Low
DEL-AI-OCC00498,2024-10-17,06:37,DEL220,1920,799,41.6,Low
DEL-AI-OCC00499,2024-10-21,17:59,DEL221,2280,1656,72.6,Medium
DEL-AI-OCC00499,2024-10-21,17:09,DEL219,2280,1219,53.5,Medium
DEL-AI-OCC00499,2024-10-21,17:49,DEL015,2280,1998,87.7,High
DEL-AI-OCC00499,2024-10-21,17:58,DEL218,2280,2080,91.3,High
DEL-AI-OCC00500,2024-10-21,20:11,DEL220,1920,1172,61.1,Medium
DEL-AI-OCC00500,2024-10-21,20:01,DEL218,1920,652,34.0,Low
DEL-AI-OCC00500,2024-10-21,20:25,DEL221,1920,1691,88.1,High
DEL-AI-OCC00501,2024-10-21,09:22,DEL219,1920,1661,86.5,High
DEL-AI-OCC00501,2024-10-21,09:19,DEL220,1920,1772,92.3,High
DEL-AI-OCC00501,2024-10-21,09:15,DEL218,1920,1783,92.9,High
DEL-AI-OCC00502,2024-10-25,22:15,DEL221,1920,2257,117.6,Critical
DEL-AI-OCC00502,2024-10-25,22:01,DEL219,1920,534,27.9,Low
DEL-AI-OCC00502,2024-10-25,22:22,DEL038,1920,739,38.5,Low
DEL-AI-OCC00503,2024-10-25,11:03,DEL220,2560,657,25.7,Low
DEL-AI-OCC00503,2024-10-25,11:07,DEL221,2560,1900,74.2,Medium
DEL-AI-OCC00503,2024-10-25,11:47,DEL219,2560,911,35.6,Low
DEL-AI-OCC00503,2024-10-25,11:38,DEL038,2560,1066,41.7,Low
DEL-AI-OCC00503,2024-10-25,11:20,DEL015,2560,2053,80.2,High
DEL-AI-OCC00504,2024-10-25,19:22,DEL221,2100,2379,113.3,Critical
DEL-AI-OCC00504,2024-10-25,19:10,DEL219,2100,2371,112.9,Critical
DEL-AI-OCC00504,2024-10-25,19:50,DEL220,2100,2362,112.5,Critical
DEL-AI-OCC00504,2024-10-25,19:54,DEL218,2100,857,40.8,Low
DEL-AI-OCC00505,2024-10-29,20:44,DEL218,1920,572,29.8,Low
DEL-AI-OCC00505,2024-10-29,20:47,DEL220,1920,1111,57.9,Medium
DEL-AI-OCC00505,2024-10-29,20:03,DEL038,1920,1640,85.4,High
DEL-AI-OCC00505,2024-10-29,20:24,DEL221,1920,1964,102.3,High
DEL-AI-OCC00505,2024-10-29,20:16,DEL219,1920,1846,96.1,High
DEL-AI-OCC00506,2024-10-29,10:15,DEL219,1920,1192,62.1,Medium
DEL-AI-OCC00506,2024-10-29,10:28,DEL218,1920,700,36.5,Low
DEL-AI-OCC00506,2024-10-29,10:30,DEL015,1920,2248,117.1,Critical
DEL-AI-OCC00506,2024-10-29,10:51,DEL221,1920,1597,83.2,High
DEL-AI-OCC00506,2024-10-29,10:32,DEL222,1920,1632,85.0,High
DEL-AI-OCC00507,2024-10-29,09:30,DEL038,2560,2858,111.6,Critical
DEL-AI-OCC00507,2024-10-29,09:21,DEL219,2560,2546,99.5,High
DEL-AI-OCC00507,2024-10-29,09:12,DEL220,2560,2322,90.7,High
DEL-AI-OCC00508,2024-11-02,10:44,DEL220,2800,1067,38.1,Low
DEL-AI-OCC00508,2024-11-02,10:55,DEL015,2800,2487,88.8,High
DEL-AI-OCC00508,2024-11-02,10:25,DEL222,2800,3265,116.6,Critical
DEL-AI-OCC00508,2024-11-02,10:05,DEL218,2800,1476,52.7,Medium
DEL-AI-OCC00509,2024-11-02,05:19,DEL222,2800,327,11.7,Low
DEL-AI-OCC00509,2024-11-02,05:36,DEL015,2800,968,34.6,Low
DEL-AI-OCC00509,2024-11-02,05:01,DEL038,2800,247,8.8,Low
DEL-AI-OCC00509,2024-11-02,05:43,DEL218,2800,322,11.5,Low
DEL-AI-OCC00510,2024-11-02,20:19,DEL218,2800,1119,40.0,Low
DEL-AI-OCC00510,2024-11-02,20:39,DEL015,2800,2292,81.9,High
DEL-AI-OCC00510,2024-11-02,20:16,DEL220,2800,1163,41.5,Low
DEL-AI-OCC00511,2024-11-06,08:11,DEL221,2100,2376,113.2,Critical
DEL-AI-OCC00511,2024-11-06,08:09,DEL038,2100,1876,89.3,High
DEL-AI-OCC00511,2024-11-06,08:31,DEL015,2100,1942,92.5,High
DEL-AI-OCC00511,2024-11-06,08:09,DEL220,2100,2174,103.5,High
DEL-AI-OCC00511,2024-11-06,08:27,DEL219,2100,2940,140,Critical
DEL-AI-OCC00511,2024-11-06,08:21,DEL218,2100,1875,89.3,High
DEL-AI-OCC00512,2024-11-06,15:42,DEL218,3040,2828,93.0,High
DEL-AI-OCC00512,2024-11-06,15:13,DEL015,3040,3239,106.6,Critical
DEL-AI-OCC00512,2024-11-06,15:39,DEL220,3040,1015,33.4,Low
DEL-AI-OCC00512,2024-11-06,15:13,DEL222,3040,1656,54.5,Medium
DEL-AI-OCC00512,2024-11-06,15:13,DEL038,3040,1097,36.1,Low
DEL-AI-OCC00512,2024-11-06,15:06,DEL219,3040,1192,39.2,Low
DEL-AI-OCC00513,2024-11-06,20:14,DEL218,2800,776,27.7,Low
DEL-AI-OCC00513,2024-11-06,20:30,DEL221,2800,2563,91.6,High
DEL-AI-OCC00513,2024-11-06,20:58,DEL015,2800,3266,116.7,Critical
DEL-AI-OCC00513,2024-11-06,20:22,DEL219,2800,1977,70.6,Medium
DEL-AI-OCC00514,2024-11-10,21:13,DEL220,2560,654,25.6,Low
DEL-AI-OCC00514,2024-11-10,21:23,DEL219,2560,1466,57.3,Medium
DEL-AI-OCC00514,2024-11-10,21:12,DEL218,2560,548,21.4,Low
DEL-AI-OCC00514,2024-11-10,21:07,DEL222,2560,1079,42.2,Low
DEL-AI-OCC00514,2024-11-10,21:37,DEL038,2560,1472,57.5,Medium
DEL-AI-OCC00515,2024-11-10,11:44,DEL222,2800,1813,64.8,Medium
DEL-AI-OCC00515,2024-11-10,11:11,DEL038,2800,1181,42.2,Low
DEL-AI-OCC00515,2024-11-10,11:57,DEL220,2800,687,24.6,Low
DEL-AI-OCC00515,2024-11-10,11:42,DEL015,2800,2365,84.5,High
DEL-AI-OCC00515,2024-11-10,11:20,DEL219,2800,1023,36.6,Low
DEL-AI-OCC00516,2024-11-10,20:27,DEL220,2280,1041,45.7,Medium
DEL-AI-OCC00516,2024-11-10,20:45,DEL219,2280,1620,71.1,Medium
DEL-AI-OCC00516,2024-11-10,20:01,DEL222,2280,2537,111.3,Critical
DEL-AI-OCC00517,2024-11-14,08:34,DEL220,2280,2826,124.0,Critical
DEL-AI-OCC00517,2024-11-14,08:58,DEL015,2280,2488,109.1,Critical
DEL-AI-OCC00517,2024-11-14,08:38,DEL038,2280,2231,97.9,High
DEL-AI-OCC00517,2024-11-14,08:09,DEL219,2280,3010,132.0,Critical
DEL-AI-OCC00518,2024-11-14,09:03,DEL220,1920,1714,89.3,High
DEL-AI-OCC00518,2024-11-14,09:45,DEL015,1920,2617,136.3,Critical
DEL-AI-OCC00518,2024-11-14,09:10,DEL038,1920,2468,128.6,Critical
DEL-AI-OCC00518,2024-11-14,09:11,DEL219,1920,1717,89.5,High
DEL-AI-OCC00519,2024-11-14,21:11,DEL015,2800,2716,97.0,High
DEL-AI-OCC00519,2024-11-14,21:54,DEL222,2800,1379,49.3,Medium
DEL-AI-OCC00519,2024-11-14,21:23,DEL038,2800,1892,67.6,Medium
DEL-AI-OCC00520,2024-11-18,05:24,DEL222,2280,292,12.8,Low
DEL-AI-OCC00520,2024-11-18,05:13,DEL218,2280,206,9.0,Low
DEL-AI-OCC00520,2024-11-18,05:15,DEL219,2280,304,13.3,Low
DEL-AI-OCC00520,2024-11-18,05:12,DEL015,2280,912,40.0,Low
DEL-AI-OCC00520,2024-11-18,05:38,DEL220,2280,592,26.0,Low
DEL-AI-OCC00520,2024-11-18,05:15,DEL221,2280,1516,66.5,Medium
DEL-AI-OCC00521,2024-11-18,19:00,DEL015,2280,2978,130.6,Critical
DEL-AI-OCC00521,2024-11-18,19:56,DEL220,2280,1969,86.4,High
DEL-AI-OCC00521,2024-11-18,19:20,DEL222,2280,2706,118.7,Critical
DEL-AI-OCC00522,2024-11-18,08:42,DEL038,2800,2723,97.3,High
DEL-AI-OCC00522,2024-11-18,08:31,DEL218,2800,3229,115.3,Critical
DEL-AI-OCC00522,2024-11-18,08:23,DEL222,2800,2538,90.7,High
DEL-AI-OCC00523,2024-11-22,14:06,DEL218,3040,2151,70.8,Medium
DEL-AI-OCC00523,2024-11-22,14:02,DEL221,3040,2382,78.4,Medium
DEL-AI-OCC00523,2024-11-22,14:57,DEL038,3040,1144,37.7,Low
DEL-AI-OCC00523,2024-11-22,14:57,DEL220,3040,1362,44.8,Low
DEL-AI-OCC00523,2024-11-22,14:36,DEL222,3040,1336,43.9,Low
DEL-AI-OCC00523,2024-11-22,14:57,DEL015,3040,2491,82.0,High
DEL-AI-OCC00524,2024-11-22,10:18,DEL221,2280,1942,85.2,High
DEL-AI-OCC00524,2024-11-22,10:17,DEL222,2280,2500,109.7,Critical
DEL-AI-OCC00524,2024-11-22,10:00,DEL038,2280,1727,75.8,Medium
DEL-AI-OCC00524,2024-11-22,10:36,DEL218,2280,805,35.3,Low
DEL-AI-OCC00525,2024-11-22,15:37,DEL218,2800,2316,82.7,High
DEL-AI-OCC00525,2024-11-22,15:30,DEL221,2800,1773,63.3,Medium
DEL-AI-OCC00525,2024-11-22,15:44,DEL220,2800,1197,42.8,Low
DEL-AI-OCC00525,2024-11-22,15:13,DEL038,2800,1159,41.4,Low
DEL-AI-OCC00525,2024-11-22,15:31,DEL219,2800,717,25.6,Low
DEL-AI-OCC00526,2024-11-26,08:27,DEL218,2800,3220,115.0,Critical
DEL-AI-OCC00526,2024-11-26,08:02,DEL219,2800,2350,83.9,High
DEL-AI-OCC00526,2024-11-26,08:22,DEL222,2800,2507,89.6,High
DEL-AI-OCC00526,2024-11-26,08:02,DEL220,2800,2488,88.9,High
DEL-AI-OCC00527,2024-11-26,17:12,DEL015,2280,2182,95.7,High
DEL-AI-OCC00527,2024-11-26,17:02,DEL219,2280,1786,78.4,Medium
DEL-AI-OCC00527,2024-11-26,17:07,DEL220,2280,2027,88.9,High
DEL-AI-OCC00527,2024-11-26,17:58,DEL218,2280,2110,92.6,High
DEL-AI-OCC00528,2024-11-26,18:34,DEL221,2800,3113,111.2,Critical
DEL-AI-OCC00528,2024-11-26,18:12,DEL038,2800,3327,118.9,Critical
DEL-AI-OCC00528,2024-11-26,18:35,DEL015,2800,3587,128.1,Critical
DEL-AI-OCC00529,2024-11-30,16:31,DEL015,2280,1987,87.2,High
DEL-AI-OCC00529,2024-11-30,16:47,DEL221,2280,2475,108.6,Critical
DEL-AI-OCC00529,2024-11-30,16:27,DEL220,2280,1148,50.4,Medium
DEL-AI-OCC00529,2024-11-30,16:05,DEL219,2280,988,43.4,Low
DEL-AI-OCC00529,2024-11-30,16:09,DEL038,2280,1466,64.3,Medium
DEL-AI-OCC00529,2024-11-30,16:21,DEL218,2280,2468,108.3,Critical
DEL-AI-OCC00530,2024-11-30,07:36,DEL038,2560,1413,55.2,Medium
DEL-AI-OCC00530,2024-11-30,07:08,DEL221,2560,1772,69.2,Medium
DEL-AI-OCC00530,2024-11-30,07:32,DEL219,2560,2519,98.4,High
DEL-AI-OCC00531,2024-11-30,13:20,DEL221,2560,2140,83.6,High
DEL-AI-OCC00531,2024-11-30,13:50,DEL218,2560,1443,56.4,Medium
DEL-AI-OCC00531,2024-11-30,13:42,DEL015,2560,2568,100.3,High
DEL-AI-OCC00531,2024-11-30,13:35,DEL219,2560,634,24.8,Low
DEL-AI-OCC00531,2024-11-30,13:02,DEL222,2560,988,38.6,Low
DEL-AI-OCC00531,2024-11-30,13:32,DEL038,2560,970,37.9,Low
DEL-AI-OCC00532,2024-12-04,13:34,DEL218,2800,1196,42.7,Low
DEL-AI-OCC00532,2024-12-04,13:12,DEL220,2800,1468,52.4,Medium
DEL-AI-OCC00532,2024-12-04,13:58,DEL221,2800,1839,65.7,Medium
DEL-AI-OCC00532,2024-12-04,13:11,DEL222,2800,1401,50.1,Medium
DEL-AI-OCC00532,2024-12-04,13:50,DEL038,2800,1431,51.1,Medium
DEL-AI-OCC00533,2024-12-04,13:48,DEL221,2280,2190,96.1,High
DEL-AI-OCC00533,2024-12-04,13:26,DEL015,2280,1522,66.8,Medium
DEL-AI-OCC00533,2024-12-04,13:44,DEL220,2280,1158,50.8,Medium
DEL-AI-OCC00534,2024-12-04,15:46,DEL038,2800,1109,39.6,Low
DEL-AI-OCC00534,2024-12-04,15:50,DEL220,2800,1349,48.2,Medium
DEL-AI-OCC00534,2024-12-04,15:02,DEL221,2800,1674,59.8,Medium
DEL-AI-OCC00534,2024-12-04,15:40,DEL218,2800,2816,100.6,High
DEL-AI-OCC00534,2024-12-04,15:17,DEL015,2800,2159,77.1,Medium
DEL-AI-OCC00534,2024-12-04,15:21,DEL222,2800,1227,43.8,Low
DEL-AI-OCC00535,2024-12-08,07:10,DEL221,2800,2822,100.8,High
DEL-AI-OCC00535,2024-12-08,07:12,DEL219,2800,2585,92.4,High
DEL-AI-OCC00535,2024-12-08,07:43,DEL218,2800,2061,73.6,Medium
DEL-AI-OCC00535,2024-12-08,07:01,DEL015,2800,3072,109.7,Critical
DEL-AI-OCC00536,2024-12-08,15:58,DEL015,2280,1507,66.1,Medium
DEL-AI-OCC00536,2024-12-08,15:57,DEL038,2280,835,36.7,Low
DEL-AI-OCC00536,2024-12-08,15:22,DEL221,2280,1454,63.8,Medium
DEL-AI-OCC00537,2024-12-08,21:37,DEL038,3040,2061,67.8,Medium
DEL-AI-OCC00537,2024-12-08,21:59,DEL222,3040,1374,45.2,Medium
DEL-AI-OCC00537,2024-12-08,21:39,DEL220,3040,843,27.7,Low
DEL-AI-OCC00537,2024-12-08,21:56,DEL015,3040,1855,61.0,Medium
DEL-AI-OCC00537,2024-12-08,21:26,DEL218,3040,637,21.0,Low
DEL-AI-OCC00538,2024-12-12,05:09,DEL220,2280,444,19.5,Low
DEL-AI-OCC00538,2024-12-12,05:26,DEL015,2280,1210,53.1,Medium
DEL-AI-OCC00538,2024-12-12,05:56,DEL222,2280,215,9.5,Low
DEL-AI-OCC00538,2024-12-12,05:00,DEL218,2280,313,13.8,Low
DEL-AI-OCC00538,2024-12-12,05:47,DEL219,2280,251,11.0,Low
DEL-AI-OCC00539,2024-12-12,22:17,DEL218,2800,319,11.4,Low
DEL-AI-OCC00539,2024-12-12,22:37,DEL220,2800,509,18.2,Low
DEL-AI-OCC00539,2024-12-12,22:05,DEL222,2800,712,25.5,Low
DEL-AI-OCC00539,2024-12-12,22:21,DEL219,2800,812,29.0,Low
DEL-AI-OCC00540,2024-12-12,10:42,DEL220,1920,684,35.6,Low
DEL-AI-OCC00540,2024-12-12,10:23,DEL015,1920,2371,123.5,Critical
DEL-AI-OCC00540,2024-12-12,10:59,DEL218,1920,755,39.3,Low
DEL-AI-OCC00540,2024-12-12,10:14,DEL219,1920,872,45.5,Medium
DEL-AI-OCC00540,2024-12-12,10:33,DEL038,1920,2108,109.8,Critical
DEL-AI-OCC00540,2024-12-12,10:26,DEL221,1920,1466,76.4,Medium
DEL-AI-OCC00541,2024-12-16,20:10,DEL220,2280,1198,52.6,Medium
DEL-AI-OCC00541,2024-12-16,20:25,DEL038,2280,2618,114.9,Critical
DEL-AI-OCC00541,2024-12-16,20:45,DEL219,2280,1731,75.9,Medium
DEL-AI-OCC00541,2024-12-16,20:48,DEL222,2280,2300,100.9,High
DEL-AI-OCC00542,2024-12-16,10:48,DEL220,3040,1730,56.9,Medium
DEL-AI-OCC00542,2024-12-16,10:49,DEL038,3040,3374,111.0,Critical
DEL-AI-OCC00542,2024-12-16,10:44,DEL221,3040,2583,85.0,High
DEL-AI-OCC00542,2024-12-16,10:11,DEL218,3040,1629,53.6,Medium
DEL-AI-OCC00542,2024-12-16,10:23,DEL222,3040,3233,106.4,Critical
DEL-AI-OCC00542,2024-12-16,10:02,DEL015,3040,3499,115.1,Critical
DEL-AI-OCC00543,2024-12-16,09:34,DEL038,2800,2358,84.2,High
DEL-AI-OCC00543,2024-12-16,09:06,DEL222,2800,3920,140,Critical
DEL-AI-OCC00543,2024-12-16,09:45,DEL015,2800,3829,136.8,Critical
DEL-AI-OCC00543,2024-12-16,09:52,DEL221,2800,3359,120.0,Critical
DEL-AI-OCC00543,2024-12-16,09:20,DEL220,2800,2777,99.2,High
DEL-AI-OCC00544,2024-12-20,10:56,DEL222,2800,2058,73.5,Medium
DEL-AI-OCC00544,2024-12-20,10:08,DEL038,2800,2746,98.1,High
DEL-AI-OCC00544,2024-12-20,10:15,DEL221,2800,2635,94.1,High
DEL-AI-OCC00544,2024-12-20,10:55,DEL220,2800,1492,53.3,Medium
DEL-AI-OCC00545,2024-12-20,20:04,DEL038,2800,2789,99.6,High
DEL-AI-OCC00545,2024-12-20,20:35,DEL219,2800,2015,72.0,Medium
DEL-AI-OCC00545,2024-12-20,20:31,DEL220,2800,1519,54.3,Medium
DEL-AI-OCC00545,2024-12-20,20:49,DEL221,2800,2930,104.7,High
DEL-AI-OCC00545,2024-12-20,20:00,DEL222,2800,3124,111.6,Critical
DEL-AI-OCC00546,2024-12-20,19:26,DEL220,2800,2655,94.9,High
DEL-AI-OCC00546,2024-12-20,19:30,DEL015,2800,2900,103.6,High
DEL-AI-OCC00546,2024-12-20,19:34,DEL222,2800,2353,84.0,High
DEL-AI-OCC00546,2024-12-20,19:01,DEL218,2800,1456,52.0,Medium
DEL-AI-OCC00547,2024-12-24,19:46,DEL038,2280,2051,90.0,High
DEL-AI-OCC00547,2024-12-24,19:36,DEL222,2280,1922,84.3,High
DEL-AI-OCC00547,2024-12-24,19:12,DEL220,2280,2549,111.8,Critical
DEL-AI-OCC00547,2024-12-24,19:20,DEL219,2280,3147,138.1,Critical
DEL-AI-OCC00548,2024-12-24,23:55,DEL218,2560,222,8.7,Low
DEL-AI-OCC00548,2024-12-24,23:00,DEL221,2560,1575,61.5,Medium
DEL-AI-OCC00548,2024-12-24,23:30,DEL038,2560,598,23.4,Low
DEL-AI-OCC00549,2024-12-24,17:24,DEL220,2800,1708,61.0,Medium
DEL-AI-OCC00549,2024-12-24,17:12,DEL219,2800,1903,68.0,Medium
DEL-AI-OCC00549,2024-12-24,17:15,DEL222,2800,2203,78.7,Medium
DEL-AI-OCC00549,2024-12-24,17:25,DEL038,2800,2390,85.4,High
DEL-AI-OCC00549,2024-12-24,17:13,DEL015,2800,2700,96.5,High
DEL-AI-OCC00550,2024-12-28,18:18,DEL218,2280,1932,84.7,High
DEL-AI-OCC00550,2024-12-28,18:29,DEL222,2280,2465,108.1,Critical
DEL-AI-OCC00550,2024-12-28,18:37,DEL221,2280,2891,126.8,Critical
DEL-AI-OCC00550,2024-12-28,18:09,DEL219,2280,2535,111.2,Critical
DEL-AI-OCC00550,2024-12-28,18:10,DEL038,2280,1861,81.7,High
DEL-AI-OCC00550,2024-12-28,18:38,DEL015,2280,3186,139.8,Critical
DEL-AI-OCC00551,2024-12-28,08:42,DEL038,1920,1809,94.2,High
DEL-AI-OCC00551,2024-12-28,08:57,DEL219,1920,1986,103.5,High
DEL-AI-OCC00551,2024-12-28,08:25,DEL221,1920,1863,97.1,High
DEL-AI-OCC00551,2024-12-28,08:19,DEL218,1920,1926,100.3,High
DEL-AI-OCC00551,2024-12-28,08:29,DEL220,1920,2380,124.0,Critical
DEL-AI-OCC00551,2024-12-28,08:26,DEL222,1920,1141,59.4,Medium
DEL-AI-OCC00552,2024-12-28,05:44,DEL218,1920,274,14.3,Low
DEL-AI-OCC00552,2024-12-28,05:18,DEL221,1920,1059,55.2,Medium
DEL-AI-OCC00552,2024-12-28,05:47,DEL219,1920,226,11.8,Low
NDA-AQ-OCC00553,2024-10-01,13:14,NDA003,840,341,40.7,Low
NDA-AQ-OCC00553,2024-10-01,13:09,NDA010,840,272,32.4,Low
NDA-AQ-OCC00553,2024-10-01,13:55,NDA012,840,414,49.4,Medium
NDA-AQ-OCC00554,2024-10-01,19:37,NDA007,1120,847,75.6,Medium
NDA-AQ-OCC00554,2024-10-01,19:55,NDA001,1120,822,73.4,Medium
NDA-AQ-OCC00554,2024-10-01,19:47,NDA005,1120,918,82.0,High
NDA-AQ-OCC00555,2024-10-01,17:14,NDA008,840,452,53.9,Medium
NDA-AQ-OCC00555,2024-10-01,17:32,NDA019,840,393,46.8,Medium
NDA-AQ-OCC00555,2024-10-01,17:42,NDA015,840,535,63.8,Medium
NDA-AQ-OCC00555,2024-10-01,17:02,NDA011,840,564,67.2,Medium
NDA-AQ-OCC00556,2024-10-05,20:31,NDA013,900,525,58.4,Medium
NDA-AQ-OCC00556,2024-10-05,20:30,NDA012,900,865,96.2,High
NDA-AQ-OCC00556,2024-10-05,20:05,NDA014,900,897,99.7,High
NDA-AQ-OCC00556,2024-10-05,20:27,NDA010,900,346,38.5,Low
NDA-AQ-OCC00556,2024-10-05,20:46,NDA001,900,510,56.8,Medium
NDA-AQ-OCC00557,2024-10-05,20:36,NDA018,1120,779,69.6,Medium
NDA-AQ-OCC00557,2024-10-05,20:19,NDA014,1120,981,87.7,High
NDA-AQ-OCC00557,2024-10-05,20:44,NDA002,1120,238,21.3,Low
NDA-AQ-OCC00557,2024-10-05,20:18,NDA011,1120,954,85.2,High
NDA-AQ-OCC00557,2024-10-05,20:12,NDA015,1120,522,46.6,Medium
NDA-AQ-OCC00557,2024-10-05,20:05,NDA017,1120,1099,98.1,High
NDA-AQ-OCC00558,2024-10-05,20:04,NDA013,1120,737,65.9,Medium
NDA-AQ-OCC00558,2024-10-05,20:49,NDA014,1120,632,56.4,Medium
NDA-AQ-OCC00558,2024-10-05,20:08,NDA001,1120,692,61.8,Medium
NDA-AQ-OCC00558,2024-10-05,20:06,NDA016,1120,470,42.0,Low
NDA-AQ-OCC00559,2024-10-09,15:38,NDA006,840,205,24.4,Low
NDA-AQ-OCC00559,2024-10-09,15:41,NDA019,840,205,24.5,Low
NDA-AQ-OCC00559,2024-10-09,15:44,NDA014,840,407,48.5,Medium
NDA-AQ-OCC00559,2024-10-09,15:26,NDA002,840,458,54.6,Medium
NDA-AQ-OCC00559,2024-10-09,15:38,NDA017,840,288,34.3,Low
NDA-AQ-OCC00559,2024-10-09,15:56,NDA012,840,361,43.1,Low
NDA-AQ-OCC00560,2024-10-09,19:14,NDA019,900,900,100.1,High
NDA-AQ-OCC00560,2024-10-09,19:47,NDA006,900,800,88.9,High
NDA-AQ-OCC00560,2024-10-09,19:46,NDA001,900,703,78.2,Medium
NDA-AQ-OCC00560,2024-10-09,19:47,NDA017,900,827,91.9,High
NDA-AQ-OCC00560,2024-10-09,19:47,NDA005,900,904,100.5,High
NDA-AQ-OCC00560,2024-10-09,19:26,NDA004,900,713,79.3,Medium
NDA-AQ-OCC00561,2024-10-09,19:23,NDA001,840,806,96.1,High
NDA-AQ-OCC00561,2024-10-09,19:13,NDA010,840,507,60.4,Medium
NDA-AQ-OCC00561,2024-10-09,19:01,NDA008,840,1019,121.4,Critical
NDA-AQ-OCC00561,2024-10-09,19:16,NDA012,840,976,116.2,Critical
NDA-AQ-OCC00561,2024-10-09,19:17,NDA016,840,779,92.8,High
NDA-AQ-OCC00562,2024-10-13,20:14,NDA019,900,804,89.4,High
NDA-AQ-OCC00562,2024-10-13,20:33,NDA001,900,385,42.8,Low
NDA-AQ-OCC00562,2024-10-13,20:35,NDA016,900,398,44.3,Low
NDA-AQ-OCC00562,2024-10-13,20:46,NDA011,900,760,84.4,High
NDA-AQ-OCC00563,2024-10-13,18:55,NDA002,1200,811,67.6,Medium
NDA-AQ-OCC00563,2024-10-13,18:21,NDA008,1200,849,70.8,Medium
NDA-AQ-OCC00563,2024-10-13,18:06,NDA016,1200,1123,93.7,High
NDA-AQ-OCC00563,2024-10-13,18:31,NDA015,1200,1168,97.4,High
NDA-AQ-OCC00563,2024-10-13,18:22,NDA004,1200,1141,95.2,High
NDA-AQ-OCC00564,2024-10-13,18:22,NDA016,840,902,107.4,Critical
NDA-AQ-OCC00564,2024-10-13,18:14,NDA012,840,676,80.5,High
NDA-AQ-OCC00564,2024-10-13,18:28,NDA011,840,864,102.9,High
NDA-AQ-OCC00564,2024-10-13,18:58,NDA018,840,859,102.3,High
NDA-AQ-OCC00564,2024-10-13,18:29,NDA004,840,553,65.9,Medium
NDA-AQ-OCC00565,2024-10-17,20:10,NDA011,840,658,78.4,Medium
NDA-AQ-OCC00565,2024-10-17,20:20,NDA010,840,297,35.4,Low
NDA-AQ-OCC00565,2024-10-17,20:15,NDA012,840,791,94.2,High
NDA-AQ-OCC00566,2024-10-17,18:20,NDA018,840,575,68.5,Medium
NDA-AQ-OCC00566,2024-10-17,18:12,NDA019,840,568,67.6,Medium
NDA-AQ-OCC00566,2024-10-17,18:06,NDA003,840,673,80.1,High
NDA-AQ-OCC00566,2024-10-17,18:16,NDA016,840,549,65.4,Medium
NDA-AQ-OCC00566,2024-10-17,18:45,NDA010,840,578,68.9,Medium
NDA-AQ-OCC00566,2024-10-17,18:02,NDA006,840,627,74.7,Medium
NDA-AQ-OCC00567,2024-10-17,09:47,NDA001,900,568,63.1,Medium
NDA-AQ-OCC00567,2024-10-17,09:16,NDA013,900,1011,112.4,Critical
NDA-AQ-OCC00567,2024-10-17,09:29,NDA016,900,695,77.3,Medium
NDA-AQ-OCC00568,2024-10-21,20:40,NDA020,840,764,91.1,High
NDA-AQ-OCC00568,2024-10-21,20:38,NDA008,840,592,70.6,Medium
NDA-AQ-OCC00568,2024-10-21,20:19,NDA002,840,309,36.9,Low
NDA-AQ-OCC00568,2024-10-21,20:45,NDA019,840,509,60.7,Medium
NDA-AQ-OCC00568,2024-10-21,20:55,NDA017,840,486,57.9,Medium
NDA-AQ-OCC00568,2024-10-21,20:41,NDA013,840,497,59.2,Medium
NDA-AQ-OCC00569,2024-10-21,20:25,NDA005,900,564,62.7,Medium
NDA-AQ-OCC00569,2024-10-21,20:25,NDA014,900,785,87.3,High
NDA-AQ-OCC00569,2024-10-21,20:08,NDA018,900,771,85.7,High
NDA-AQ-OCC00569,2024-10-21,20:34,NDA019,900,797,88.6,High
NDA-AQ-OCC00569,2024-10-21,20:20,NDA010,900,387,43.0,Low
NDA-AQ-OCC00569,2024-10-21,20:35,NDA016,900,465,51.7,Medium
NDA-AQ-OCC00570,2024-10-21,10:36,NDA011,1200,567,47.3,Medium
NDA-AQ-OCC00570,2024-10-21,10:14,NDA009,1200,741,61.8,Medium
NDA-AQ-OCC00570,2024-10-21,10:45,NDA003,1200,880,73.4,Medium
NDA-AQ-OCC00571,2024-10-25,23:54,NDA018,1120,198,17.7,Low
NDA-AQ-OCC00571,2024-10-25,23:32,NDA016,1120,79,7.1,Low
NDA-AQ-OCC00571,2024-10-25,23:47,NDA011,1120,82,7.4,Low
NDA-AQ-OCC00571,2024-10-25,23:26,NDA003,1120,174,15.6,Low
NDA-AQ-OCC00572,2024-10-25,23:40,NDA003,900,201,22.4,Low
NDA-AQ-OCC00572,2024-10-25,23:18,NDA019,900,69,7.7,Low
NDA-AQ-OCC00572,2024-10-25,23:03,NDA006,900,97,10.9,Low
NDA-AQ-OCC00572,2024-10-25,23:49,NDA002,900,80,9.0,Low
NDA-AQ-OCC00572,2024-10-25,23:04,NDA007,900,71,7.9,Low
NDA-AQ-OCC00572,2024-10-25,23:05,NDA008,900,86,9.6,Low
NDA-AQ-OCC00573,2024-10-25,15:09,NDA011,1120,338,30.2,Low
NDA-AQ-OCC00573,2024-10-25,15:40,NDA001,1120,496,44.3,Low
NDA-AQ-OCC00573,2024-10-25,15:39,NDA010,1120,404,36.1,Low
NDA-AQ-OCC00573,2024-10-25,15:37,NDA012,1120,350,31.3,Low
NDA-AQ-OCC00574,2024-10-29,19:31,NDA008,840,1001,119.3,Critical
NDA-AQ-OCC00574,2024-10-29,19:25,NDA007,840,616,73.5,Medium
NDA-AQ-OCC00574,2024-10-29,19:00,NDA011,840,857,102.1,High
NDA-AQ-OCC00574,2024-10-29,19:59,NDA009,840,721,85.8,High
NDA-AQ-OCC00574,2024-10-29,19:40,NDA016,840,824,98.1,High
NDA-AQ-OCC00574,2024-10-29,19:37,NDA013,840,951,113.3,Critical
NDA-AQ-OCC00575,2024-10-29,18:03,NDA010,840,535,63.7,Medium
NDA-AQ-OCC00575,2024-10-29,18:43,NDA005,840,783,93.3,High
NDA-AQ-OCC00575,2024-10-29,18:05,NDA020,840,878,104.6,High
NDA-AQ-OCC00575,2024-10-29,18:16,NDA003,840,713,84.9,High
NDA-AQ-OCC00575,2024-10-29,18:09,NDA002,840,433,51.7,Medium
NDA-AQ-OCC00575,2024-10-29,18:31,NDA007,840,646,77.0,Medium
NDA-AQ-OCC00576,2024-10-29,06:51,NDA007,900,311,34.6,Low
NDA-AQ-OCC00576,2024-10-29,06:48,NDA004,900,234,26.1,Low
NDA-AQ-OCC00576,2024-10-29,06:52,NDA015,900,329,36.6,Low
NDA-AQ-OCC00576,2024-10-29,06:07,NDA012,900,216,24.1,Low
NDA-AQ-OCC00576,2024-10-29,06:22,NDA020,900,285,31.7,Low
NDA-AQ-OCC00577,2024-11-02,18:27,NDA014,1200,852,71.1,Medium
NDA-AQ-OCC00577,2024-11-02,18:40,NDA011,1200,872,72.7,Medium
NDA-AQ-OCC00577,2024-11-02,18:19,NDA019,1200,1267,105.6,Critical
NDA-AQ-OCC00578,2024-11-02,06:46,NDA017,900,198,22.1,Low
NDA-AQ-OCC00578,2024-11-02,06:01,NDA006,900,307,34.2,Low
NDA-AQ-OCC00578,2024-11-02,06:28,NDA007,900,283,31.5,Low
NDA-AQ-OCC00578,2024-11-02,06:06,NDA004,900,203,22.6,Low
NDA-AQ-OCC00578,2024-11-02,06:06,NDA015,900,381,42.4,Low
NDA-AQ-OCC00578,2024-11-02,06:51,NDA010,900,416,46.3,Medium
NDA-AQ-OCC00579,2024-11-02,09:58,NDA002,1120,787,70.3,Medium
NDA-AQ-OCC00579,2024-11-02,09:53,NDA009,1120,1033,92.2,High
NDA-AQ-OCC00579,2024-11-02,09:25,NDA004,1120,1078,96.3,High
NDA-AQ-OCC00579,2024-11-02,09:06,NDA012,1120,1358,121.3,Critical
NDA-AQ-OCC00579,2024-11-02,09:20,NDA005,1120,881,78.7,Medium
NDA-AQ-OCC00579,2024-11-02,09:54,NDA011,1120,1064,95.0,High
NDA-AQ-OCC00580,2024-11-06,16:50,NDA012,900,504,56.1,Medium
NDA-AQ-OCC00580,2024-11-06,16:51,NDA018,900,397,44.1,Low
NDA-AQ-OCC00580,2024-11-06,16:46,NDA009,900,395,43.9,Low
NDA-AQ-OCC00581,2024-11-06,10:12,NDA018,1120,1057,94.5,High
NDA-AQ-OCC00581,2024-11-06,10:54,NDA016,1120,447,40.0,Low
NDA-AQ-OCC00581,2024-11-06,10:30,NDA012,1120,858,76.7,Medium
NDA-AQ-OCC00581,2024-11-06,10:34,NDA020,1120,396,35.4,Low
NDA-AQ-OCC00581,2024-11-06,10:13,NDA009,1120,584,52.2,Medium
NDA-AQ-OCC00581,2024-11-06,10:08,NDA006,1120,668,59.7,Medium
NDA-AQ-OCC00582,2024-11-06,21:28,NDA003,840,313,37.3,Low
NDA-AQ-OCC00582,2024-11-06,21:24,NDA015,840,279,33.3,Low
NDA-AQ-OCC00582,2024-11-06,21:35,NDA005,840,517,61.6,Medium
NDA-AQ-OCC00582,2024-11-06,21:40,NDA012,840,324,38.7,Low
NDA-AQ-OCC00583,2024-11-10,14:19,NDA006,840,120,14.4,Low
NDA-AQ-OCC00583,2024-11-10,14:16,NDA004,840,172,20.5,Low
NDA-AQ-OCC00583,2024-11-10,14:36,NDA020,840,182,21.7,Low
NDA-AQ-OCC00584,2024-11-10,14:30,NDA005,840,312,37.2,Low
NDA-AQ-OCC00584,2024-11-10,14:51,NDA008,840,124,14.8,Low
NDA-AQ-OCC00584,2024-11-10,14:01,NDA013,840,237,28.2,Low
NDA-AQ-OCC00584,2024-11-10,14:41,NDA010,840,418,49.8,Medium
NDA-AQ-OCC00584,2024-11-10,14:17,NDA011,840,123,14.7,Low
NDA-AQ-OCC00584,2024-11-10,14:52,NDA014,840,357,42.5,Low
NDA-AQ-OCC00585,2024-11-10,06:36,NDA015,900,388,43.2,Low
NDA-AQ-OCC00585,2024-11-10,06:50,NDA001,900,482,53.6,Medium
NDA-AQ-OCC00585,2024-11-10,06:55,NDA012,900,190,21.2,Low
NDA-AQ-OCC00586,2024-11-14,05:58,NDA001,840,185,22.0,Low
NDA-AQ-OCC00586,2024-11-14,05:33,NDA006,840,65,7.8,Low
NDA-AQ-OCC00586,2024-11-14,05:42,NDA007,840,84,10.1,Low
NDA-AQ-OCC00586,2024-11-14,05:59,NDA010,840,173,20.7,Low
NDA-AQ-OCC00586,2024-11-14,05:32,NDA009,840,86,10.3,Low
NDA-AQ-OCC00586,2024-11-14,05:07,NDA016,840,120,14.3,Low
NDA-AQ-OCC00587,2024-11-14,19:36,NDA012,900,1061,117.9,Critical
NDA-AQ-OCC00587,2024-11-14,19:36,NDA020,900,810,90.1,High
NDA-AQ-OCC00587,2024-11-14,19:45,NDA001,900,627,69.8,Medium
NDA-AQ-OCC00587,2024-11-14,19:44,NDA005,900,807,89.7,High
NDA-AQ-OCC00587,2024-11-14,19:16,NDA014,900,1054,117.1,Critical
NDA-AQ-OCC00587,2024-11-14,19:08,NDA006,900,928,103.2,High
NDA-AQ-OCC00588,2024-11-14,18:50,NDA001,1200,1091,90.9,High
NDA-AQ-OCC00588,2024-11-14,18:59,NDA016,1200,1175,98.0,High
NDA-AQ-OCC00588,2024-11-14,18:55,NDA010,1200,919,76.6,Medium
NDA-AQ-OCC00588,2024-11-14,18:47,NDA007,1200,1086,90.6,High
NDA-AQ-OCC00588,2024-11-14,18:24,NDA002,1200,852,71.0,Medium
NDA-AQ-OCC00589,2024-11-18,19:00,NDA010,840,662,78.9,Medium
NDA-AQ-OCC00589,2024-11-18,19:25,NDA017,840,1048,124.8,Critical
NDA-AQ-OCC00589,2024-11-18,19:27,NDA018,840,969,115.4,Critical
NDA-AQ-OCC00589,2024-11-18,19:49,NDA006,840,856,102.0,High
NDA-AQ-OCC00589,2024-11-18,19:16,NDA020,840,693,82.5,High
NDA-AQ-OCC00590,2024-11-18,20:55,NDA013,900,715,79.5,Medium
NDA-AQ-OCC00590,2024-11-18,20:28,NDA005,900,597,66.4,Medium
NDA-AQ-OCC00590,2024-11-18,20:41,NDA010,900,488,54.3,Medium
NDA-AQ-OCC00590,2024-11-18,20:54,NDA007,900,675,75.0,Medium
NDA-AQ-OCC00591,2024-11-18,09:35,NDA014,1200,1483,123.6,Critical
NDA-AQ-OCC00591,2024-11-18,09:48,NDA004,1200,779,65.0,Medium
NDA-AQ-OCC00591,2024-11-18,09:29,NDA009,1200,1288,107.3,Critical
NDA-AQ-OCC00591,2024-11-18,09:04,NDA019,1200,973,81.1,High
NDA-AQ-OCC00592,2024-11-22,07:26,NDA001,840,708,84.3,High
NDA-AQ-OCC00592,2024-11-22,07:40,NDA004,840,525,62.6,Medium
NDA-AQ-OCC00592,2024-11-22,07:57,NDA003,840,320,38.2,Low
NDA-AQ-OCC00592,2024-11-22,07:24,NDA017,840,314,37.4,Low
NDA-AQ-OCC00592,2024-11-22,07:41,NDA005,840,238,28.4,Low
NDA-AQ-OCC00592,2024-11-22,07:01,NDA018,840,350,41.8,Low
NDA-AQ-OCC00593,2024-11-22,19:22,NDA019,840,809,96.3,High
NDA-AQ-OCC00593,2024-11-22,19:34,NDA001,840,503,59.9,Medium
NDA-AQ-OCC00593,2024-11-22,19:51,NDA014,840,695,82.8,High
NDA-AQ-OCC00593,2024-11-22,19:36,NDA012,840,952,113.4,Critical
NDA-AQ-OCC00593,2024-11-22,19:13,NDA007,840,686,81.8,High
NDA-AQ-OCC00593,2024-11-22,19:51,NDA015,840,519,61.9,Medium
NDA-AQ-OCC00594,2024-11-22,22:05,NDA012,900,303,33.7,Low
NDA-AQ-OCC00594,2024-11-22,22:19,NDA002,900,104,11.7,Low
NDA-AQ-OCC00594,2024-11-22,22:10,NDA014,900,290,32.3,Low
NDA-AQ-OCC00594,2024-11-22,22:46,NDA004,900,282,31.4,Low
NDA-AQ-OCC00595,2024-11-26,20:05,NDA006,840,607,72.3,Medium
NDA-AQ-OCC00595,2024-11-26,20:56,NDA014,840,808,96.2,High
NDA-AQ-OCC00595,2024-11-26,20:25,NDA011,840,677,80.6,High
NDA-AQ-OCC00595,2024-11-26,20:47,NDA015,840,426,50.8,Medium
NDA-AQ-OCC00595,2024-11-26,20:16,NDA016,840,497,59.3,Medium
NDA-AQ-OCC00595,2024-11-26,20:53,NDA004,840,603,71.9,Medium
NDA-AQ-OCC00596,2024-11-26,19:25,NDA015,840,710,84.6,High
NDA-AQ-OCC00596,2024-11-26,19:18,NDA004,840,764,91.1,High
NDA-AQ-OCC00596,2024-11-26,19:14,NDA018,840,866,103.1,High
NDA-AQ-OCC00597,2024-11-26,09:48,NDA018,840,992,118.2,Critical
NDA-AQ-OCC00597,2024-11-26,09:59,NDA002,840,543,64.7,Medium
NDA-AQ-OCC00597,2024-11-26,09:50,NDA013,840,887,105.7,Critical
NDA-AQ-OCC00597,2024-11-26,09:50,NDA011,840,758,90.3,High
NDA-AQ-OCC00598,2024-11-30,10:11,NDA007,900,495,55.1,Medium
NDA-AQ-OCC00598,2024-11-30,10:07,NDA009,900,474,52.7,Medium
NDA-AQ-OCC00598,2024-11-30,10:15,NDA013,900,546,60.8,Medium
NDA-AQ-OCC00598,2024-11-30,10:54,NDA005,900,800,88.9,High
NDA-AQ-OCC00599,2024-11-30,09:55,NDA013,900,697,77.5,Medium
NDA-AQ-OCC00599,2024-11-30,09:41,NDA019,900,924,102.7,High
NDA-AQ-OCC00599,2024-11-30,09:41,NDA012,900,772,85.9,High
NDA-AQ-OCC00599,2024-11-30,09:40,NDA011,900,620,68.9,Medium
NDA-AQ-OCC00599,2024-11-30,09:58,NDA003,900,802,89.2,High
NDA-AQ-OCC00599,2024-11-30,09:01,NDA020,900,921,102.4,High
NDA-AQ-OCC00600,2024-11-30,15:54,NDA003,1200,556,46.4,Medium
NDA-AQ-OCC00600,2024-11-30,15:36,NDA012,1200,466,38.9,Low
NDA-AQ-OCC00600,2024-11-30,15:13,NDA016,1200,593,49.5,Medium
NDA-AQ-OCC00600,2024-11-30,15:12,NDA019,1200,370,30.9,Low
NDA-AQ-OCC00601,2024-12-04,19:06,NDA018,900,826,91.8,High
NDA-AQ-OCC00601,2024-12-04,19:38,NDA004,900,1121,124.6,Critical
NDA-AQ-OCC00601,2024-12-04,19:13,NDA007,900,743,82.7,High
NDA-AQ-OCC00601,2024-12-04,19:27,NDA006,900,1063,118.1,Critical
NDA-AQ-OCC00601,2024-12-04,19:16,NDA014,900,800,88.9,High
NDA-AQ-OCC00601,2024-12-04,19:57,NDA017,900,1081,120.1,Critical
NDA-AQ-OCC00602,2024-12-04,17:12,NDA001,900,644,71.6,Medium
NDA-AQ-OCC00602,2024-12-04,17:00,NDA010,900,652,72.5,Medium
NDA-AQ-OCC00602,2024-12-04,17:51,NDA003,900,476,53.0,Medium
NDA-AQ-OCC00602,2024-12-04,17:56,NDA013,900,759,84.4,High
NDA-AQ-OCC00602,2024-12-04,17:14,NDA017,900,694,77.1,Medium
NDA-AQ-OCC00603,2024-12-04,09:01,NDA002,1200,752,62.7,Medium
NDA-AQ-OCC00603,2024-12-04,09:02,NDA003,1200,1442,120.2,Critical
NDA-AQ-OCC00603,2024-12-04,09:26,NDA018,1200,1000,83.4,High
NDA-AQ-OCC00604,2024-12-08,19:32,NDA018,1120,900,80.4,High
NDA-AQ-OCC00604,2024-12-08,19:11,NDA012,1120,1346,120.2,Critical
NDA-AQ-OCC00604,2024-12-08,19:14,NDA010,1120,1109,99.1,High
NDA-AQ-OCC00604,2024-12-08,19:38,NDA009,1120,784,70.0,Medium
NDA-AQ-OCC00604,2024-12-08,19:56,NDA011,1120,996,89.0,High
NDA-AQ-OCC00605,2024-12-08,10:18,NDA016,900,269,30.0,Low
NDA-AQ-OCC00605,2024-12-08,10:27,NDA020,900,526,58.5,Medium
NDA-AQ-OCC00605,2024-12-08,10:27,NDA009,900,440,49.0,Medium
NDA-AQ-OCC00605,2024-12-08,10:09,NDA001,900,446,49.6,Medium
NDA-AQ-OCC00606,2024-12-08,16:00,NDA008,1120,495,44.3,Low
NDA-AQ-OCC00606,2024-12-08,16:10,NDA014,1120,503,45.0,Low
NDA-AQ-OCC00606,2024-12-08,16:27,NDA001,1120,430,38.4,Low
NDA-AQ-OCC00606,2024-12-08,16:59,NDA018,1120,645,57.6,Medium
NDA-AQ-OCC00606,2024-12-08,16:24,NDA009,1120,320,28.6,Low
NDA-AQ-OCC00607,2024-12-12,12:43,NDA007,1120,173,15.5,Low
NDA-AQ-OCC00607,2024-12-12,12:36,NDA012,1120,515,46.0,Medium
NDA-AQ-OCC00607,2024-12-12,12:04,NDA002,1120,291,26.0,Low
NDA-AQ-OCC00607,2024-12-12,12:28,NDA008,1120,241,21.5,Low
NDA-AQ-OCC00608,2024-12-12,09:20,NDA006,840,739,88.0,High
NDA-AQ-OCC00608,2024-12-12,09:12,NDA015,840,413,49.2,Medium
NDA-AQ-OCC00608,2024-12-12,09:17,NDA017,840,863,102.8,High
NDA-AQ-OCC00609,2024-12-12,06:05,NDA020,1120,365,32.7,Low
NDA-AQ-OCC00609,2024-12-12,06:50,NDA012,1120,212,18.9,Low
NDA-AQ-OCC00609,2024-12-12,06:23,NDA006,1120,408,36.5,Low
NDA-AQ-OCC00609,2024-12-12,06:08,NDA011,1120,286,25.6,Low
NDA-AQ-OCC00610,2024-12-16,05:29,NDA002,840,91,10.9,Low
NDA-AQ-OCC00610,2024-12-16,05:56,NDA009,840,88,10.5,Low
NDA-AQ-OCC00610,2024-12-16,05:30,NDA008,840,88,10.5,Low
NDA-AQ-OCC00610,2024-12-16,05:23,NDA019,840,88,10.6,Low
NDA-AQ-OCC00610,2024-12-16,05:54,NDA014,840,97,11.7,Low
NDA-AQ-OCC00611,2024-12-16,16:08,NDA016,840,299,35.7,Low
NDA-AQ-OCC00611,2024-12-16,16:19,NDA019,840,302,36.0,Low
NDA-AQ-OCC00611,2024-12-16,16:15,NDA006,840,326,38.9,Low
NDA-AQ-OCC00612,2024-12-16,20:16,NDA009,900,609,67.8,Medium
NDA-AQ-OCC00612,2024-12-16,20:51,NDA018,900,592,65.8,Medium
NDA-AQ-OCC00612,2024-12-16,20:48,NDA005,900,786,87.3,High
NDA-AQ-OCC00613,2024-12-20,06:43,NDA017,840,157,18.8,Low
NDA-AQ-OCC00613,2024-12-20,06:05,NDA020,840,276,33.0,Low
NDA-AQ-OCC00613,2024-12-20,06:14,NDA005,840,175,20.9,Low
NDA-AQ-OCC00614,2024-12-20,09:45,NDA019,840,833,99.2,High
NDA-AQ-OCC00614,2024-12-20,09:52,NDA013,840,1029,122.6,Critical
NDA-AQ-OCC00614,2024-12-20,09:51,NDA017,840,901,107.3,Critical
NDA-AQ-OCC00614,2024-12-20,09:44,NDA003,840,704,83.8,High
NDA-AQ-OCC00614,2024-12-20,09:57,NDA009,840,585,69.7,Medium
NDA-AQ-OCC00614,2024-12-20,09:36,NDA005,840,607,72.3,Medium
NDA-AQ-OCC00615,2024-12-20,13:47,NDA004,1120,219,19.6,Low
NDA-AQ-OCC00615,2024-12-20,13:15,NDA002,1120,552,49.4,Medium
NDA-AQ-OCC00615,2024-12-20,13:27,NDA019,1120,170,15.2,Low
NDA-AQ-OCC00615,2024-12-20,13:45,NDA009,1120,251,22.5,Low
NDA-AQ-OCC00615,2024-12-20,13:58,NDA011,1120,172,15.4,Low
NDA-AQ-OCC00616,2024-12-24,21:08,NDA014,900,446,49.6,Medium
NDA-AQ-OCC00616,2024-12-24,21:08,NDA015,900,209,23.3,Low
NDA-AQ-OCC00616,2024-12-24,21:35,NDA017,900,445,49.5,Medium
NDA-AQ-OCC00616,2024-12-24,21:29,NDA009,900,331,36.8,Low
NDA-AQ-OCC00617,2024-12-24,18:00,NDA005,900,632,70.3,Medium
NDA-AQ-OCC00617,2024-12-24,18:31,NDA008,900,864,96.0,High
NDA-AQ-OCC00617,2024-12-24,18:16,NDA015,900,763,84.9,High
NDA-AQ-OCC00617,2024-12-24,18:09,NDA016,900,771,85.8,High
NDA-AQ-OCC00617,2024-12-24,18:37,NDA007,900,611,68.0,Medium
NDA-AQ-OCC00618,2024-12-24,19:31,NDA018,900,727,80.8,High
NDA-AQ-OCC00618,2024-12-24,19:33,NDA008,900,950,105.6,Critical
NDA-AQ-OCC00618,2024-12-24,19:09,NDA006,900,958,106.5,Critical
NDA-AQ-OCC00618,2024-12-24,19:01,NDA014,900,1086,120.7,Critical
NDA-AQ-OCC00619,2024-12-28,09:06,NDA012,840,890,106.0,Critical
NDA-AQ-OCC00619,2024-12-28,09:28,NDA016,840,638,76.1,Medium
NDA-AQ-OCC00619,2024-12-28,09:50,NDA006,840,735,87.5,High
NDA-AQ-OCC00620,2024-12-28,10:28,NDA020,1200,661,55.1,Medium
NDA-AQ-OCC00620,2024-12-28,10:07,NDA010,1200,517,43.1,Low
NDA-AQ-OCC00620,2024-12-28,10:36,NDA019,1200,683,57.0,Medium
NDA-AQ-OCC00621,2024-12-28,12:42,NDA011,1120,230,20.6,Low
NDA-AQ-OCC00621,2024-12-28,12:27,NDA004,1120,252,22.6,Low
NDA-AQ-OCC00621,2024-12-28,12:49,NDA015,1120,292,26.1,Low
MUM-LI-OCC00622,2024-10-01,22:17,MUM006,2800,1169,41.8,Low
MUM-LI-OCC00622,2024-10-01,22:02,MUM008,2800,789,28.2,Low
MUM-LI-OCC00622,2024-10-01,22:59,MUM012,2800,658,23.5,Low
MUM-LI-OCC00622,2024-10-01,22:13,MUM010,2800,386,13.8,Low
MUM-LI-OCC00623,2024-10-01,10:16,MUM012,2800,1029,36.8,Low
MUM-LI-OCC00623,2024-10-01,10:44,MUM010,2800,1453,51.9,Medium
MUM-LI-OCC00623,2024-10-01,10:07,MUM002,2800,1893,67.6,Medium
MUM-LI-OCC00624,2024-10-01,17:33,MUM004,2800,2026,72.4,Medium
MUM-LI-OCC00624,2024-10-01,17:11,MUM007,2800,2284,81.6,High
MUM-LI-OCC00624,2024-10-01,17:26,MUM003,2800,2441,87.2,High
MUM-LI-OCC00624,2024-10-01,17:01,MUM010,2800,1638,58.5,Medium
MUM-LI-OCC00624,2024-10-01,17:50,MUM005,2800,1360,48.6,Medium
MUM-LI-OCC00625,2024-10-05,05:21,MUM011,1920,194,10.2,Low
MUM-LI-OCC00625,2024-10-05,05:34,MUM008,1920,204,10.7,Low
MUM-LI-OCC00625,2024-10-05,05:53,MUM005,1920,269,14.1,Low
MUM-LI-OCC00625,2024-10-05,05:15,MUM003,1920,193,10.1,Low
MUM-LI-OCC00626,2024-10-05,22:11,MUM003,1920,693,36.1,Low
MUM-LI-OCC00626,2024-10-05,22:15,MUM012,1920,374,19.5,Low
MUM-LI-OCC00626,2024-10-05,22:41,MUM006,1920,797,41.6,Low
MUM-LI-OCC00626,2024-10-05,22:04,MUM011,1920,699,36.4,Low
MUM-LI-OCC00627,2024-10-05,08:43,MUM009,3040,2805,92.3,High
MUM-LI-OCC00627,2024-10-05,08:29,MUM008,3040,2275,74.9,Medium
MUM-LI-OCC00627,2024-10-05,08:30,MUM007,3040,3319,109.2,Critical
MUM-LI-OCC00628,2024-10-09,11:01,MUM005,2800,761,27.2,Low
MUM-LI-OCC00628,2024-10-09,11:40,MUM008,2800,1726,61.7,Medium
MUM-LI-OCC00628,2024-10-09,11:35,MUM006,2800,1239,44.3,Low
MUM-LI-OCC00629,2024-10-09,09:30,MUM007,2100,1821,86.7,High
MUM-LI-OCC00629,2024-10-09,09:11,MUM006,2100,1805,86.0,High
MUM-LI-OCC00629,2024-10-09,09:50,MUM010,2100,1948,92.8,High
MUM-LI-OCC00629,2024-10-09,09:21,MUM011,2100,2204,105.0,High
MUM-LI-OCC00630,2024-10-09,23:04,MUM011,3040,415,13.7,Low
MUM-LI-OCC00630,2024-10-09,23:55,MUM001,3040,335,11.0,Low
MUM-LI-OCC00630,2024-10-09,23:36,MUM005,3040,390,12.9,Low
MUM-LI-OCC00630,2024-10-09,23:07,MUM004,3040,620,20.4,Low
MUM-LI-OCC00630,2024-10-09,23:19,MUM006,3040,763,25.1,Low
MUM-LI-OCC00631,2024-10-13,16:41,MUM004,3040,1257,41.3,Low
MUM-LI-OCC00631,2024-10-13,16:42,MUM002,3040,1700,55.9,Medium
MUM-LI-OCC00631,2024-10-13,16:35,MUM012,3040,1808,59.5,Medium
MUM-LI-OCC00631,2024-10-13,16:46,MUM009,3040,2004,65.9,Medium
MUM-LI-OCC00632,2024-10-13,21:16,MUM001,2560,950,37.1,Low
MUM-LI-OCC00632,2024-10-13,21:35,MUM011,2560,1067,41.7,Low
MUM-LI-OCC00632,2024-10-13,21:20,MUM007,2560,2447,95.6,High
MUM-LI-OCC00633,2024-10-13,20:51,MUM007,3040,2637,86.8,High
MUM-LI-OCC00633,2024-10-13,20:15,MUM008,3040,2096,68.9,Medium
MUM-LI-OCC00633,2024-10-13,20:27,MUM012,3040,2175,71.6,Medium
MUM-LI-OCC00633,2024-10-13,20:06,MUM003,3040,3253,107.0,Critical
MUM-LI-OCC00634,2024-10-17,09:18,MUM010,2280,2371,104.0,High
MUM-LI-OCC00634,2024-10-17,09:44,MUM004,2280,1911,83.8,High
MUM-LI-OCC00634,2024-10-17,09:35,MUM012,2280,2208,96.9,High
MUM-LI-OCC00635,2024-10-17,19:19,MUM012,2800,2755,98.4,High
MUM-LI-OCC00635,2024-10-17,19:14,MUM002,2800,3164,113.0,Critical
MUM-LI-OCC00635,2024-10-17,19:45,MUM009,2800,3572,127.6,Critical
MUM-LI-OCC00635,2024-10-17,19:46,MUM004,2800,3920,140,Critical
MUM-LI-OCC00636,2024-10-17,15:35,MUM004,2560,1337,52.2,Medium
MUM-LI-OCC00636,2024-10-17,15:52,MUM011,2560,1065,41.6,Low
MUM-LI-OCC00636,2024-10-17,15:15,MUM001,2560,1313,51.3,Medium
MUM-LI-OCC00636,2024-10-17,15:45,MUM008,2560,1067,41.7,Low
MUM-LI-OCC00637,2024-10-21,07:38,MUM006,1920,1085,56.5,Medium
MUM-LI-OCC00637,2024-10-21,07:27,MUM002,1920,694,36.2,Low
MUM-LI-OCC00637,2024-10-21,07:53,MUM003,1920,1085,56.5,Medium
MUM-LI-OCC00637,2024-10-21,07:33,MUM004,1920,989,51.5,Medium
MUM-LI-OCC00637,2024-10-21,07:19,MUM011,1920,1662,86.6,High
MUM-LI-OCC00637,2024-10-21,07:13,MUM009,1920,750,39.1,Low
MUM-LI-OCC00638,2024-10-21,10:39,MUM004,2800,2063,73.7,Medium
MUM-LI-OCC00638,2024-10-21,10:22,MUM002,2800,2573,91.9,High
MUM-LI-OCC00638,2024-10-21,10:02,MUM012,2800,1265,45.2,Medium
MUM-LI-OCC00639,2024-10-21,16:12,MUM006,3040,1354,44.6,Low
MUM-LI-OCC00639,2024-10-21,16:27,MUM011,3040,1226,40.4,Low
MUM-LI-OCC00639,2024-10-21,16:31,MUM005,3040,1153,37.9,Low
MUM-LI-OCC00640,2024-10-25,22:56,MUM001,3040,858,28.2,Low
MUM-LI-OCC00640,2024-10-25,22:35,MUM004,3040,1188,39.1,Low
MUM-LI-OCC00640,2024-10-25,22:15,MUM003,3040,821,27.0,Low
MUM-LI-OCC00641,2024-10-25,10:08,MUM004,2100,2366,112.7,Critical
MUM-LI-OCC00641,2024-10-25,10:34,MUM005,2100,1348,64.2,Medium
MUM-LI-OCC00641,2024-10-25,10:06,MUM011,2100,1395,66.4,Medium
MUM-LI-OCC00641,2024-10-25,10:21,MUM010,2100,749,35.7,Low
MUM-LI-OCC00641,2024-10-25,10:22,MUM007,2100,1575,75.0,Medium
MUM-LI-OCC00641,2024-10-25,10:26,MUM003,2100,2239,106.7,Critical
MUM-LI-OCC00642,2024-10-25,20:42,MUM007,2100,1998,95.2,High
MUM-LI-OCC00642,2024-10-25,20:28,MUM011,2100,2294,109.3,Critical
MUM-LI-OCC00642,2024-10-25,20:56,MUM009,2100,2025,96.5,High
MUM-LI-OCC00642,2024-10-25,20:51,MUM004,2100,1417,67.5,Medium
MUM-LI-OCC00642,2024-10-25,20:58,MUM002,2100,2029,96.6,High
MUM-LI-OCC00643,2024-10-29,19:08,MUM003,2280,1921,84.3,High
MUM-LI-OCC00643,2024-10-29,19:32,MUM002,2280,1976,86.7,High
MUM-LI-OCC00643,2024-10-29,19:12,MUM009,2280,2555,112.1,Critical
MUM-LI-OCC00643,2024-10-29,19:34,MUM010,2280,1295,56.8,Medium
MUM-LI-OCC00643,2024-10-29,19:50,MUM007,2280,2734,119.9,Critical
MUM-LI-OCC00644,2024-10-29,11:37,MUM010,2560,984,38.5,Low
MUM-LI-OCC00644,2024-10-29,11:50,MUM002,2560,1089,42.6,Low
MUM-LI-OCC00644,2024-10-29,11:51,MUM012,2560,1050,41.0,Low
MUM-LI-OCC00645,2024-10-29,11:53,MUM012,2280,571,25.1,Low
MUM-LI-OCC00645,2024-10-29,11:00,MUM009,2280,1612,70.7,Medium
MUM-LI-OCC00645,2024-10-29,11:27,MUM006,2280,1445,63.4,Medium
MUM-LI-OCC00645,2024-10-29,11:59,MUM011,2280,897,39.3,Low
MUM-LI-OCC00646,2024-11-02,12:35,MUM004,1920,1028,53.6,Medium
MUM-LI-OCC00646,2024-11-02,12:19,MUM005,1920,365,19.0,Low
MUM-LI-OCC00646,2024-11-02,12:22,MUM007,1920,1633,85.1,High
MUM-LI-OCC00647,2024-11-02,10:45,MUM003,2560,2925,114.3,Critical
MUM-LI-OCC00647,2024-11-02,10:18,MUM004,2560,3202,125.1,Critical
MUM-LI-OCC00647,2024-11-02,10:55,MUM009,2560,1841,71.9,Medium
MUM-LI-OCC00647,2024-11-02,10:19,MUM001,2560,1305,51.0,Medium
MUM-LI-OCC00647,2024-11-02,10:12,MUM011,2560,1092,42.7,Low
MUM-LI-OCC00648,2024-11-02,05:42,MUM001,2100,591,28.2,Low
MUM-LI-OCC00648,2024-11-02,05:32,MUM004,2100,217,10.4,Low
MUM-LI-OCC00648,2024-11-02,05:58,MUM012,2100,355,16.9,Low
MUM-LI-OCC00648,2024-11-02,05:03,MUM005,2100,275,13.1,Low
MUM-LI-OCC00648,2024-11-02,05:19,MUM009,2100,295,14.1,Low
MUM-LI-OCC00648,2024-11-02,05:01,MUM008,2100,287,13.7,Low
MUM-LI-OCC00649,2024-11-06,19:32,MUM007,2100,1728,82.3,High
MUM-LI-OCC00649,2024-11-06,19:42,MUM008,2100,1993,94.9,High
MUM-LI-OCC00649,2024-11-06,19:07,MUM003,2100,2940,140,Critical
MUM-LI-OCC00649,2024-11-06,19:42,MUM006,2100,2851,135.8,Critical
MUM-LI-OCC00649,2024-11-06,19:03,MUM005,2100,2530,120.5,Critical
MUM-LI-OCC00650,2024-11-06,21:04,MUM002,3040,1466,48.2,Medium
MUM-LI-OCC00650,2024-11-06,21:35,MUM003,3040,2151,70.8,Medium
MUM-LI-OCC00650,2024-11-06,21:34,MUM010,3040,712,23.4,Low
MUM-LI-OCC00650,2024-11-06,21:21,MUM008,3040,1702,56.0,Medium
MUM-LI-OCC00650,2024-11-06,21:08,MUM009,3040,1717,56.5,Medium
MUM-LI-OCC00650,2024-11-06,21:20,MUM004,3040,1343,44.2,Low
MUM-LI-OCC00651,2024-11-06,14:12,MUM003,1920,758,39.5,Low
MUM-LI-OCC00651,2024-11-06,14:31,MUM006,1920,769,40.1,Low
MUM-LI-OCC00651,2024-11-06,14:47,MUM008,1920,967,50.4,Medium
MUM-LI-OCC00652,2024-11-10,10:54,MUM006,2800,2499,89.3,High
MUM-LI-OCC00652,2024-11-10,10:09,MUM002,2800,1900,67.9,Medium
MUM-LI-OCC00652,2024-11-10,10:15,MUM007,2800,2518,89.9,High
MUM-LI-OCC00652,2024-11-10,10:32,MUM012,2800,1089,38.9,Low
MUM-LI-OCC00653,2024-11-10,08:27,MUM005,2800,2473,88.4,High
MUM-LI-OCC00653,2024-11-10,08:40,MUM002,2800,2622,93.6,High
MUM-LI-OCC00653,2024-11-10,08:03,MUM010,2800,3920,140,Critical
MUM-LI-OCC00653,2024-11-10,08:42,MUM003,2800,2026,72.4,Medium
MUM-LI-OCC00653,2024-11-10,08:20,MUM007,2800,2047,73.1,Medium
MUM-LI-OCC00653,2024-11-10,08:58,MUM004,2800,1995,71.3,Medium
MUM-LI-OCC00654,2024-11-10,19:06,MUM009,2100,2806,133.6,Critical
MUM-LI-OCC00654,2024-11-10,19:25,MUM012,2100,2052,97.7,High
MUM-LI-OCC00654,2024-11-10,19:47,MUM010,2100,1035,49.3,Medium
MUM-LI-OCC00655,2024-11-14,22:39,MUM002,1920,543,28.3,Low
MUM-LI-OCC00655,2024-11-14,22:00,MUM001,1920,499,26.0,Low
MUM-LI-OCC00655,2024-11-14,22:36,MUM005,1920,542,28.2,Low
MUM-LI-OCC00655,2024-11-14,22:54,MUM012,1920,373,19.5,Low
MUM-LI-OCC00655,2024-11-14,22:04,MUM003,1920,706,36.8,Low
MUM-LI-OCC00655,2024-11-14,22:51,MUM010,1920,236,12.3,Low
MUM-LI-OCC00656,2024-11-14,14:26,MUM010,2100,920,43.8,Low
MUM-LI-OCC00656,2024-11-14,14:34,MUM009,2100,918,43.7,Low
MUM-LI-OCC00656,2024-11-14,14:26,MUM004,2100,1130,53.8,Medium
MUM-LI-OCC00656,2024-11-14,14:35,MUM007,2100,2130,101.4,High
MUM-LI-OCC00656,2024-11-14,14:10,MUM001,2100,1043,49.7,Medium
MUM-LI-OCC00656,2024-11-14,14:39,MUM011,2100,533,25.4,Low
MUM-LI-OCC00657,2024-11-14,13:50,MUM004,1920,1103,57.5,Medium
MUM-LI-OCC00657,2024-11-14,13:08,MUM012,1920,833,43.4,Low
MUM-LI-OCC00657,2024-11-14,13:51,MUM001,1920,769,40.1,Low
MUM-LI-OCC00657,2024-11-14,13:18,MUM008,1920,1102,57.4,Medium
MUM-LI-OCC00658,2024-11-18,06:05,MUM009,2560,648,25.3,Low
MUM-LI-OCC00658,2024-11-18,06:28,MUM011,2560,803,31.4,Low
MUM-LI-OCC00658,2024-11-18,06:04,MUM012,2560,1762,68.8,Medium
MUM-LI-OCC00659,2024-11-18,19:31,MUM004,3040,3881,127.7,Critical
MUM-LI-OCC00659,2024-11-18,19:42,MUM012,3040,2917,96.0,High
MUM-LI-OCC00659,2024-11-18,19:00,MUM009,3040,3554,116.9,Critical
MUM-LI-OCC00659,2024-11-18,19:57,MUM001,3040,2106,69.3,Medium
MUM-LI-OCC00659,2024-11-18,19:13,MUM007,3040,2714,89.3,High
MUM-LI-OCC00659,2024-11-18,19:57,MUM005,3040,2874,94.6,High
MUM-LI-OCC00660,2024-11-18,06:37,MUM006,2800,765,27.3,Low
MUM-LI-OCC00660,2024-11-18,06:11,MUM001,2800,1833,65.5,Medium
MUM-LI-OCC00660,2024-11-18,06:12,MUM002,2800,630,22.5,Low
MUM-LI-OCC00660,2024-11-18,06:51,MUM007,2800,2387,85.3,High
MUM-LI-OCC00660,2024-11-18,06:47,MUM012,2800,1889,67.5,Medium
MUM-LI-OCC00660,2024-11-18,06:28,MUM008,2800,591,21.1,Low
MUM-LI-OCC00661,2024-11-22,06:02,MUM012,3040,1518,49.9,Medium
MUM-LI-OCC00661,2024-11-22,06:14,MUM002,3040,541,17.8,Low
MUM-LI-OCC00661,2024-11-22,06:32,MUM004,3040,541,17.8,Low
MUM-LI-OCC00661,2024-11-22,06:58,MUM005,3040,827,27.2,Low
MUM-LI-OCC00661,2024-11-22,06:52,MUM008,3040,835,27.5,Low
MUM-LI-OCC00662,2024-11-22,09:51,MUM005,2280,1765,77.4,Medium
MUM-LI-OCC00662,2024-11-22,09:35,MUM002,2280,1929,84.6,High
MUM-LI-OCC00662,2024-11-22,09:21,MUM004,2280,2800,122.8,Critical
MUM-LI-OCC00662,2024-11-22,09:51,MUM001,2280,1756,77.1,Medium
MUM-LI-OCC00663,2024-11-22,08:12,MUM002,2560,1985,77.6,Medium
MUM-LI-OCC00663,2024-11-22,08:22,MUM009,2560,2861,111.8,Critical
MUM-LI-OCC00663,2024-11-22,08:38,MUM012,2560,3584,140,Critical
MUM-LI-OCC00663,2024-11-22,08:52,MUM007,2560,2939,114.8,Critical
MUM-LI-OCC00663,2024-11-22,08:26,MUM005,2560,3273,127.9,Critical
MUM-LI-OCC00663,2024-11-22,08:59,MUM008,2560,2386,93.2,High
MUM-LI-OCC00664,2024-11-26,17:15,MUM010,3040,2980,98.0,High
MUM-LI-OCC00664,2024-11-26,17:29,MUM006,3040,1894,62.3,Medium
MUM-LI-OCC00664,2024-11-26,17:57,MUM003,3040,1927,63.4,Medium
MUM-LI-OCC00664,2024-11-26,17:06,MUM009,3040,2320,76.3,Medium
MUM-LI-OCC00664,2024-11-26,17:38,MUM007,3040,2243,73.8,Medium
MUM-LI-OCC00665,2024-11-26,18:54,MUM012,1920,1393,72.6,Medium
MUM-LI-OCC00665,2024-11-26,18:26,MUM001,1920,1870,97.4,High
MUM-LI-OCC00665,2024-11-26,18:15,MUM005,1920,1765,91.9,High
MUM-LI-OCC00665,2024-11-26,18:16,MUM009,1920,1567,81.7,High
MUM-LI-OCC00666,2024-11-26,14:16,MUM009,1920,842,43.9,Low
MUM-LI-OCC00666,2024-11-26,14:27,MUM006,1920,1088,56.7,Medium
MUM-LI-OCC00666,2024-11-26,14:32,MUM005,1920,332,17.3,Low
MUM-LI-OCC00666,2024-11-26,14:34,MUM007,1920,1697,88.4,High
MUM-LI-OCC00666,2024-11-26,14:14,MUM008,1920,999,52.1,Medium
MUM-LI-OCC00666,2024-11-26,14:34,MUM011,1920,345,18.0,Low
MUM-LI-OCC00667,2024-11-30,18:06,MUM012,1920,1856,96.7,High
MUM-LI-OCC00667,2024-11-30,18:57,MUM003,1920,1923,100.2,High
MUM-LI-OCC00667,2024-11-30,18:04,MUM004,1920,1485,77.4,Medium
MUM-LI-OCC00667,2024-11-30,18:14,MUM008,1920,1569,81.8,High
MUM-LI-OCC00668,2024-11-30,18:00,MUM006,1920,1898,98.9,High
MUM-LI-OCC00668,2024-11-30,18:36,MUM011,1920,2288,119.2,Critical
MUM-LI-OCC00668,2024-11-30,18:50,MUM003,1920,1836,95.7,High
MUM-LI-OCC00668,2024-11-30,18:29,MUM005,1920,1888,98.4,High
MUM-LI-OCC00668,2024-11-30,18:52,MUM004,1920,1910,99.5,High
MUM-LI-OCC00669,2024-11-30,09:50,MUM006,1920,1961,102.2,High
MUM-LI-OCC00669,2024-11-30,09:07,MUM003,1920,2122,110.5,Critical
MUM-LI-OCC00669,2024-11-30,09:03,MUM001,1920,1137,59.2,Medium
MUM-LI-OCC00669,2024-11-30,09:42,MUM010,1920,1334,69.5,Medium
MUM-LI-OCC00669,2024-11-30,09:31,MUM009,1920,1732,90.2,High
MUM-LI-OCC00669,2024-11-30,09:23,MUM007,1920,2276,118.6,Critical
MUM-LI-OCC00670,2024-12-04,09:09,MUM001,2560,2357,92.1,High
MUM-LI-OCC00670,2024-12-04,09:56,MUM006,2560,2538,99.2,High
MUM-LI-OCC00670,2024-12-04,09:17,MUM011,2560,2890,112.9,Critical
MUM-LI-OCC00670,2024-12-04,09:26,MUM005,2560,1971,77.0,Medium
MUM-LI-OCC00670,2024-12-04,09:55,MUM010,2560,2779,108.6,Critical
MUM-LI-OCC00670,2024-12-04,09:23,MUM009,2560,2188,85.5,High
MUM-LI-OCC00671,2024-12-04,08:26,MUM006,2800,3006,107.4,Critical
MUM-LI-OCC00671,2024-12-04,08:21,MUM012,2800,2708,96.7,High
MUM-LI-OCC00671,2024-12-04,08:40,MUM007,2800,2625,93.8,High
MUM-LI-OCC00671,2024-12-04,08:42,MUM001,2800,3920,140,Critical
MUM-LI-OCC00671,2024-12-04,08:49,MUM002,2800,2961,105.8,Critical
MUM-LI-OCC00672,2024-12-04,20:43,MUM004,1920,1791,93.3,High
MUM-LI-OCC00672,2024-12-04,20:59,MUM002,1920,1953,101.7,High
MUM-LI-OCC00672,2024-12-04,20:09,MUM001,1920,1106,57.6,Medium
MUM-LI-OCC00672,2024-12-04,20:42,MUM011,1920,2112,110.0,Critical
MUM-LI-OCC00673,2024-12-08,09:51,MUM004,2100,2305,109.8,Critical
MUM-LI-OCC00673,2024-12-08,09:13,MUM002,2100,1992,94.9,High
MUM-LI-OCC00673,2024-12-08,09:04,MUM003,2100,1924,91.6,High
MUM-LI-OCC00674,2024-12-08,23:21,MUM005,2560,273,10.7,Low
MUM-LI-OCC00674,2024-12-08,23:17,MUM010,2560,208,8.2,Low
MUM-LI-OCC00674,2024-12-08,23:05,MUM003,2560,430,16.8,Low
MUM-LI-OCC00675,2024-12-08,10:06,MUM001,3040,1469,48.3,Medium
MUM-LI-OCC00675,2024-12-08,10:54,MUM009,3040,2197,72.3,Medium
MUM-LI-OCC00675,2024-12-08,10:16,MUM007,3040,2721,89.5,High
MUM-LI-OCC00676,2024-12-12,18:46,MUM005,2100,2696,128.4,Critical
MUM-LI-OCC00676,2024-12-12,18:55,MUM007,2100,2823,134.4,Critical
MUM-LI-OCC00676,2024-12-12,18:28,MUM012,2100,2182,103.9,High
MUM-LI-OCC00676,2024-12-12,18:23,MUM011,2100,1799,85.7,High
MUM-LI-OCC00676,2024-12-12,18:33,MUM006,2100,1714,81.7,High
MUM-LI-OCC00677,2024-12-12,08:08,MUM006,2560,1712,66.9,Medium
MUM-LI-OCC00677,2024-12-12,08:03,MUM001,2560,3335,130.3,Critical
MUM-LI-OCC00677,2024-12-12,08:48,MUM012,2560,3535,138.1,Critical
MUM-LI-OCC00677,2024-12-12,08:22,MUM008,2560,2446,95.6,High
MUM-LI-OCC00677,2024-12-12,08:03,MUM005,2560,2068,80.8,High
MUM-LI-OCC00678,2024-12-12,12:56,MUM008,3040,1483,48.8,Medium
MUM-LI-OCC00678,2024-12-12,12:31,MUM009,3040,1114,36.7,Low
MUM-LI-OCC00678,2024-12-12,12:46,MUM003,3040,1306,43.0,Low
MUM-LI-OCC00678,2024-12-12,12:30,MUM012,3040,961,31.6,Low
MUM-LI-OCC00679,2024-12-16,17:39,MUM006,3040,2900,95.4,High
MUM-LI-OCC00679,2024-12-16,17:51,MUM011,3040,1993,65.6,Medium
MUM-LI-OCC00679,2024-12-16,17:12,MUM004,3040,2797,92.0,High
MUM-LI-OCC00679,2024-12-16,17:24,MUM005,3040,1839,60.5,Medium
MUM-LI-OCC00679,2024-12-16,17:33,MUM007,3040,3070,101.0,High
MUM-LI-OCC00679,2024-12-16,17:56,MUM010,3040,2387,78.5,Medium
MUM-LI-OCC00680,2024-12-16,20:26,MUM007,1920,2428,126.5,Critical
MUM-LI-OCC00680,2024-12-16,20:46,MUM006,1920,1846,96.2,High
MUM-LI-OCC00680,2024-12-16,20:28,MUM008,1920,1480,77.1,Medium
MUM-LI-OCC00680,2024-12-16,20:32,MUM001,1920,822,42.8,Low
MUM-LI-OCC00681,2024-12-16,06:41,MUM001,2800,1432,51.1,Medium
MUM-LI-OCC00681,2024-12-16,06:13,MUM008,2800,750,26.8,Low
MUM-LI-OCC00681,2024-12-16,06:26,MUM003,2800,723,25.9,Low
MUM-LI-OCC00681,2024-12-16,06:40,MUM006,2800,482,17.2,Low
MUM-LI-OCC00681,2024-12-16,06:57,MUM007,2800,2688,96.0,High
MUM-LI-OCC00682,2024-12-20,17:52,MUM008,2280,2223,97.5,High
MUM-LI-OCC00682,2024-12-20,17:04,MUM001,2280,1929,84.6,High
MUM-LI-OCC00682,2024-12-20,17:54,MUM004,2280,1469,64.4,Medium
MUM-LI-OCC00682,2024-12-20,17:22,MUM010,2280,1831,80.3,High
MUM-LI-OCC00682,2024-12-20,17:46,MUM007,2280,2186,95.9,High
MUM-LI-OCC00682,2024-12-20,17:15,MUM005,2280,1718,75.4,Medium
MUM-LI-OCC00683,2024-12-20,07:12,MUM001,2800,2471,88.3,High
MUM-LI-OCC00683,2024-12-20,07:23,MUM004,2800,1415,50.5,Medium
MUM-LI-OCC00683,2024-12-20,07:49,MUM012,2800,3007,107.4,Critical
MUM-LI-OCC00683,2024-12-20,07:48,MUM005,2800,2301,82.2,High
MUM-LI-OCC00683,2024-12-20,07:02,MUM011,2800,2220,79.3,Medium
MUM-LI-OCC00684,2024-12-20,05:51,MUM005,2280,294,12.9,Low
MUM-LI-OCC00684,2024-12-20,05:01,MUM004,2280,196,8.6,Low
MUM-LI-OCC00684,2024-12-20,05:35,MUM002,2280,274,12.1,Low
MUM-LI-OCC00684,2024-12-20,05:18,MUM008,2280,280,12.3,Low
MUM-LI-OCC00685,2024-12-24,08:14,MUM002,2280,1598,70.1,Medium
MUM-LI-OCC00685,2024-12-24,08:14,MUM004,2280,2100,92.1,High
MUM-LI-OCC00685,2024-12-24,08:55,MUM012,2280,1998,87.7,High
MUM-LI-OCC00685,2024-12-24,08:57,MUM003,2280,2090,91.7,High
MUM-LI-OCC00685,2024-12-24,08:01,MUM009,2280,2186,95.9,High
MUM-LI-OCC00685,2024-12-24,08:35,MUM010,2280,2764,121.2,Critical
MUM-LI-OCC00686,2024-12-24,23:47,MUM011,2280,290,12.7,Low
MUM-LI-OCC00686,2024-12-24,23:17,MUM003,2280,563,24.7,Low
MUM-LI-OCC00686,2024-12-24,23:34,MUM012,2280,192,8.5,Low
MUM-LI-OCC00687,2024-12-24,08:50,MUM011,2280,2378,104.3,High
MUM-LI-OCC00687,2024-12-24,08:13,MUM003,2280,2036,89.3,High
MUM-LI-OCC00687,2024-12-24,08:38,MUM004,2280,1526,67.0,Medium
MUM-LI-OCC00688,2024-12-28,08:51,MUM008,3040,2536,83.4,High
MUM-LI-OCC00688,2024-12-28,08:59,MUM007,3040,3251,107.0,Critical
MUM-LI-OCC00688,2024-12-28,08:50,MUM002,3040,2479,81.6,High
MUM-LI-OCC00688,2024-12-28,08:17,MUM004,3040,1726,56.8,Medium
MUM-LI-OCC00689,2024-12-28,19:50,MUM006,2560,3166,123.7,Critical
MUM-LI-OCC00689,2024-12-28,19:57,MUM007,2560,2093,81.8,High
MUM-LI-OCC00689,2024-12-28,19:30,MUM004,2560,3303,129.0,Critical
MUM-LI-OCC00689,2024-12-28,19:55,MUM011,2560,2248,87.8,High
MUM-LI-OCC00690,2024-12-28,19:14,MUM006,2100,2667,127.0,Critical
MUM-LI-OCC00690,2024-12-28,19:53,MUM001,2100,2342,111.5,Critical
MUM-LI-OCC00690,2024-12-28,19:47,MUM008,2100,2609,124.3,Critical
MUM-LI-OCC00690,2024-12-28,19:26,MUM005,2100,2909,138.5,Critical
MUM-LI-OCC00690,2024-12-28,19:07,MUM002,2100,2726,129.8,Critical
MUM-LI-OCC00690,2024-12-28,19:35,MUM011,2100,2661,126.7,Critical
MUM-LI-OCC00691,2024-10-01,10:38,MUM025,2280,2089,91.6,High
MUM-LI-OCC00691,2024-10-01,10:03,MUM021,2280,2353,103.2,High
MUM-LI-OCC00691,2024-10-01,10:14,MUM023,2280,1134,49.8,Medium
MUM-LI-OCC00692,2024-10-01,19:52,MUM022,2100,2917,139.0,Critical
MUM-LI-OCC00692,2024-10-01,19:55,MUM026,2100,1959,93.3,High
MUM-LI-OCC00692,2024-10-01,19:42,MUM027,2100,2190,104.3,High
MUM-LI-OCC00693,2024-10-01,20:02,MUM021,2280,1685,73.9,Medium
MUM-LI-OCC00693,2024-10-01,20:10,MUM014,2280,2443,107.2,Critical
MUM-LI-OCC00693,2024-10-01,20:36,MUM028,2280,2429,106.5,Critical
MUM-LI-OCC00693,2024-10-01,20:53,MUM016,2280,2012,88.3,High
MUM-LI-OCC00693,2024-10-01,20:14,MUM026,2280,1474,64.7,Medium
MUM-LI-OCC00694,2024-10-05,19:38,MUM028,2800,3117,111.3,Critical
MUM-LI-OCC00694,2024-10-05,19:08,MUM002,2800,3601,128.6,Critical
MUM-LI-OCC00694,2024-10-05,19:35,MUM023,2800,3920,140,Critical
MUM-LI-OCC00694,2024-10-05,19:59,MUM022,2800,3817,136.3,Critical
MUM-LI-OCC00695,2024-10-05,20:56,MUM014,3040,2546,83.8,High
MUM-LI-OCC00695,2024-10-05,20:22,MUM026,3040,2075,68.3,Medium
MUM-LI-OCC00695,2024-10-05,20:53,MUM013,3040,2225,73.2,Medium
MUM-LI-OCC00695,2024-10-05,20:20,MUM027,3040,2700,88.8,High
MUM-LI-OCC00696,2024-10-05,13:47,MUM002,2560,1054,41.2,Low
MUM-LI-OCC00696,2024-10-05,13:40,MUM023,2560,523,20.4,Low
MUM-LI-OCC00696,2024-10-05,13:04,MUM018,2560,541,21.2,Low
MUM-LI-OCC00696,2024-10-05,13:51,MUM022,2560,1289,50.4,Medium
MUM-LI-OCC00696,2024-10-05,13:16,MUM014,2560,610,23.9,Low
MUM-LI-OCC00696,2024-10-05,13:48,MUM025,2560,1148,44.9,Low
MUM-LI-OCC00697,2024-10-09,22:10,MUM022,1920,588,30.7,Low
MUM-LI-OCC00697,2024-10-09,22:37,MUM018,1920,812,42.3,Low
MUM-LI-OCC00697,2024-10-09,22:16,MUM019,1920,258,13.5,Low
MUM-LI-OCC00697,2024-10-09,22:41,MUM002,1920,607,31.6,Low
MUM-LI-OCC00698,2024-10-09,18:30,MUM024,2100,2636,125.5,Critical
MUM-LI-OCC00698,2024-10-09,18:37,MUM017,2100,1745,83.1,High
MUM-LI-OCC00698,2024-10-09,18:04,MUM020,2100,1843,87.8,High
MUM-LI-OCC00698,2024-10-09,18:20,MUM023,2100,2145,102.2,High
MUM-LI-OCC00699,2024-10-09,08:19,MUM022,2280,2510,110.1,Critical
MUM-LI-OCC00699,2024-10-09,08:15,MUM027,2280,2755,120.8,Critical
MUM-LI-OCC00699,2024-10-09,08:50,MUM002,2280,1691,74.2,Medium
MUM-LI-OCC00699,2024-10-09,08:56,MUM018,2280,3192,140,Critical
MUM-LI-OCC00699,2024-10-09,08:54,MUM023,2280,2260,99.1,High
MUM-LI-OCC00699,2024-10-09,08:15,MUM021,2280,1798,78.9,Medium
MUM-LI-OCC00700,2024-10-13,08:04,MUM002,2100,2257,107.5,Critical
MUM-LI-OCC00700,2024-10-13,08:45,MUM018,2100,2237,106.5,Critical
MUM-LI-OCC00700,2024-10-13,08:01,MUM023,2100,2426,115.5,Critical
MUM-LI-OCC00700,2024-10-13,08:50,MUM016,2100,1480,70.5,Medium
MUM-LI-OCC00700,2024-10-13,08:06,MUM021,2100,2203,104.9,High
MUM-LI-OCC00701,2024-10-13,18:42,MUM018,2100,2451,116.8,Critical
MUM-LI-OCC00701,2024-10-13,18:50,MUM024,2100,2048,97.5,High
MUM-LI-OCC00701,2024-10-13,18:50,MUM015,2100,1901,90.5,High
MUM-LI-OCC00701,2024-10-13,18:00,MUM016,2100,1569,74.8,Medium
MUM-LI-OCC00701,2024-10-13,18:35,MUM013,2100,1687,80.4,High
MUM-LI-OCC00701,2024-10-13,18:02,MUM014,2100,2077,98.9,High
MUM-LI-OCC00702,2024-10-13,10:50,MUM024,2280,1871,82.1,High
MUM-LI-OCC00702,2024-10-13,10:08,MUM017,2280,1295,56.8,Medium
MUM-LI-OCC00702,2024-10-13,10:03,MUM018,2280,1006,44.1,Low
MUM-LI-OCC00702,2024-10-13,10:08,MUM026,2280,1188,52.1,Medium
MUM-LI-OCC00702,2024-10-13,10:03,MUM028,2280,2320,101.8,High
MUM-LI-OCC00702,2024-10-13,10:39,MUM013,2280,1264,55.4,Medium
MUM-LI-OCC00703,2024-10-17,17:29,MUM022,2800,2118,75.7,Medium
MUM-LI-OCC00703,2024-10-17,17:30,MUM020,2800,1565,55.9,Medium
MUM-LI-OCC00703,2024-10-17,17:42,MUM016,2800,1597,57.0,Medium
MUM-LI-OCC00703,2024-10-17,17:35,MUM021,2800,2065,73.8,Medium
MUM-LI-OCC00703,2024-10-17,17:01,MUM023,2800,1590,56.8,Medium
MUM-LI-OCC00704,2024-10-17,12:55,MUM027,3040,536,17.6,Low
MUM-LI-OCC00704,2024-10-17,12:52,MUM014,3040,619,20.4,Low
MUM-LI-OCC00704,2024-10-17,12:16,MUM016,3040,1309,43.1,Low
MUM-LI-OCC00704,2024-10-17,12:13,MUM002,3040,1289,42.4,Low
MUM-LI-OCC00704,2024-10-17,12:39,MUM021,3040,1725,56.7,Medium
MUM-LI-OCC00705,2024-10-17,05:37,MUM027,2100,210,10.0,Low
MUM-LI-OCC00705,2024-10-17,05:12,MUM013,2100,257,12.2,Low
MUM-LI-OCC00705,2024-10-17,05:08,MUM018,2100,257,12.3,Low
MUM-LI-OCC00706,2024-10-21,14:14,MUM017,3040,672,22.1,Low
MUM-LI-OCC00706,2024-10-21,14:54,MUM026,3040,1647,54.2,Medium
MUM-LI-OCC00706,2024-10-21,14:35,MUM020,3040,619,20.4,Low
MUM-LI-OCC00706,2024-10-21,14:37,MUM015,3040,1221,40.2,Low
MUM-LI-OCC00706,2024-10-21,14:35,MUM013,3040,491,16.2,Low
MUM-LI-OCC00706,2024-10-21,14:00,MUM028,3040,1158,38.1,Low
MUM-LI-OCC00707,2024-10-21,17:03,MUM014,2280,1783,78.2,Medium
MUM-LI-OCC00707,2024-10-21,17:26,MUM028,2280,1935,84.9,High
MUM-LI-OCC00707,2024-10-21,17:19,MUM019,2280,1901,83.4,High
MUM-LI-OCC00707,2024-10-21,17:55,MUM023,2280,1176,51.6,Medium
MUM-LI-OCC00707,2024-10-21,17:17,MUM022,2280,1805,79.2,Medium
MUM-LI-OCC00707,2024-10-21,17:57,MUM025,2280,1373,60.2,Medium
MUM-LI-OCC00708,2024-10-21,05:30,MUM024,1920,179,9.4,Low
MUM-LI-OCC00708,2024-10-21,05:45,MUM023,1920,214,11.2,Low
MUM-LI-OCC00708,2024-10-21,05:11,MUM028,1920,248,13.0,Low
MUM-LI-OCC00708,2024-10-21,05:35,MUM016,1920,267,14.0,Low
MUM-LI-OCC00709,2024-10-25,23:42,MUM015,3040,846,27.8,Low
MUM-LI-OCC00709,2024-10-25,23:49,MUM025,3040,802,26.4,Low
MUM-LI-OCC00709,2024-10-25,23:31,MUM014,3040,380,12.5,Low
MUM-LI-OCC00709,2024-10-25,23:52,MUM024,3040,679,22.4,Low
MUM-LI-OCC00709,2024-10-25,23:51,MUM020,3040,340,11.2,Low
MUM-LI-OCC00710,2024-10-25,10:25,MUM026,3040,1294,42.6,Low
MUM-LI-OCC00710,2024-10-25,10:22,MUM014,3040,1374,45.2,Medium
MUM-LI-OCC00710,2024-10-25,10:12,MUM024,3040,3311,108.9,Critical
MUM-LI-OCC00710,2024-10-25,10:50,MUM015,3040,1998,65.7,Medium
MUM-LI-OCC00710,2024-10-25,10:41,MUM025,3040,3339,109.9,Critical
MUM-LI-OCC00711,2024-10-25,07:06,MUM019,2280,1874,82.2,High
MUM-LI-OCC00711,2024-10-25,07:37,MUM013,2280,2143,94.0,High
MUM-LI-OCC00711,2024-10-25,07:20,MUM002,2280,867,38.1,Low
MUM-LI-OCC00711,2024-10-25,07:11,MUM024,2280,1033,45.3,Medium
MUM-LI-OCC00712,2024-10-29,10:12,MUM015,2100,1698,80.9,High
MUM-LI-OCC00712,2024-10-29,10:48,MUM016,2100,1966,93.6,High
MUM-LI-OCC00712,2024-10-29,10:35,MUM022,2100,1535,73.1,Medium
MUM-LI-OCC00713,2024-10-29,12:51,MUM023,1920,394,20.5,Low
MUM-LI-OCC00713,2024-10-29,12:58,MUM022,1920,666,34.7,Low
MUM-LI-OCC00713,2024-10-29,12:57,MUM017,1920,372,19.4,Low
MUM-LI-OCC00713,2024-10-29,12:20,MUM028,1920,666,34.7,Low
MUM-LI-OCC00713,2024-10-29,12:54,MUM024,1920,986,51.4,Medium
MUM-LI-OCC00714,2024-10-29,09:45,MUM026,1920,1766,92.0,High
MUM-LI-OCC00714,2024-10-29,09:52,MUM027,1920,1614,84.1,High
MUM-LI-OCC00714,2024-10-29,09:16,MUM016,1920,2244,116.9,Critical
MUM-LI-OCC00714,2024-10-29,09:49,MUM028,1920,2454,127.9,Critical
MUM-LI-OCC00715,2024-11-02,12:33,MUM015,2800,1323,47.3,Medium
MUM-LI-OCC00715,2024-11-02,12:09,MUM018,2800,710,25.4,Low
MUM-LI-OCC00715,2024-11-02,12:42,MUM025,2800,1291,46.1,Medium
MUM-LI-OCC00715,2024-11-02,12:20,MUM016,2800,1600,57.2,Medium
MUM-LI-OCC00716,2024-11-02,11:54,MUM013,2560,782,30.6,Low
MUM-LI-OCC00716,2024-11-02,11:03,MUM018,2560,645,25.2,Low
MUM-LI-OCC00716,2024-11-02,11:58,MUM021,2560,1122,43.9,Low
MUM-LI-OCC00717,2024-11-02,15:17,MUM021,1920,700,36.5,Low
MUM-LI-OCC00717,2024-11-02,15:52,MUM017,1920,786,40.9,Low
MUM-LI-OCC00717,2024-11-02,15:22,MUM018,1920,512,26.7,Low
MUM-LI-OCC00717,2024-11-02,15:13,MUM023,1920,492,25.7,Low
MUM-LI-OCC00718,2024-11-06,19:26,MUM027,1920,2077,108.2,Critical
MUM-LI-OCC00718,2024-11-06,19:55,MUM025,1920,2395,124.8,Critical
MUM-LI-OCC00718,2024-11-06,19:30,MUM013,1920,2657,138.4,Critical
MUM-LI-OCC00718,2024-11-06,19:26,MUM028,1920,2619,136.4,Critical
MUM-LI-OCC00718,2024-11-06,19:06,MUM016,1920,2378,123.9,Critical
MUM-LI-OCC00719,2024-11-06,21:01,MUM027,2800,1866,66.7,Medium
MUM-LI-OCC00719,2024-11-06,21:51,MUM025,2800,1686,60.2,Medium
MUM-LI-OCC00719,2024-11-06,21:16,MUM021,2800,1298,46.4,Medium
MUM-LI-OCC00719,2024-11-06,21:24,MUM026,2800,904,32.3,Low
MUM-LI-OCC00719,2024-11-06,21:11,MUM013,2800,1944,69.4,Medium
MUM-LI-OCC00719,2024-11-06,21:43,MUM015,2800,1484,53.0,Medium
MUM-LI-OCC00720,2024-11-06,13:15,MUM025,2280,902,39.6,Low
MUM-LI-OCC00720,2024-11-06,13:38,MUM014,2280,536,23.5,Low
MUM-LI-OCC00720,2024-11-06,13:53,MUM016,2280,1108,48.6,Medium
MUM-LI-OCC00721,2024-11-10,08:47,MUM015,2800,2280,81.4,High
MUM-LI-OCC00721,2024-11-10,08:14,MUM002,2800,3216,114.9,Critical
MUM-LI-OCC00721,2024-11-10,08:25,MUM026,2800,2710,96.8,High
MUM-LI-OCC00721,2024-11-10,08:45,MUM027,2800,2612,93.3,High
MUM-LI-OCC00721,2024-11-10,08:16,MUM018,2800,3860,137.9,Critical
MUM-LI-OCC00722,2024-11-10,09:56,MUM016,2800,2532,90.5,High
MUM-LI-OCC00722,2024-11-10,09:54,MUM025,2800,3222,115.1,Critical
MUM-LI-OCC00722,2024-11-10,09:25,MUM021,2800,3014,107.6,Critical
MUM-LI-OCC00722,2024-11-10,09:55,MUM023,2800,2123,75.8,Medium
MUM-LI-OCC00722,2024-11-10,09:40,MUM026,2800,2470,88.2,High
MUM-LI-OCC00722,2024-11-10,09:15,MUM020,2800,3003,107.3,Critical
MUM-LI-OCC00723,2024-11-10,18:42,MUM002,2800,2619,93.6,High
MUM-LI-OCC00723,2024-11-10,18:29,MUM019,2800,2090,74.7,Medium
MUM-LI-OCC00723,2024-11-10,18:25,MUM014,2800,2818,100.7,High
MUM-LI-OCC00723,2024-11-10,18:34,MUM020,2800,3581,127.9,Critical
MUM-LI-OCC00723,2024-11-10,18:17,MUM025,2800,3038,108.5,Critical
MUM-LI-OCC00723,2024-11-10,18:54,MUM021,2800,2908,103.9,High
MUM-LI-OCC00724,2024-11-14,14:37,MUM013,2280,632,27.8,Low
MUM-LI-OCC00724,2024-11-14,14:27,MUM028,2280,1006,44.1,Low
MUM-LI-OCC00724,2024-11-14,14:51,MUM018,2280,474,20.8,Low
MUM-LI-OCC00724,2024-11-14,14:23,MUM002,2280,1274,55.9,Medium
MUM-LI-OCC00724,2024-11-14,14:11,MUM026,2280,1255,55.1,Medium
MUM-LI-OCC00725,2024-11-14,16:53,MUM023,2560,1216,47.5,Medium
MUM-LI-OCC00725,2024-11-14,16:20,MUM028,2560,1748,68.3,Medium
MUM-LI-OCC00725,2024-11-14,16:45,MUM002,2560,1598,62.4,Medium
MUM-LI-OCC00725,2024-11-14,16:20,MUM022,2560,1551,60.6,Medium
MUM-LI-OCC00726,2024-11-14,10:18,MUM017,2100,1286,61.3,Medium
MUM-LI-OCC00726,2024-11-14,10:15,MUM015,2100,1826,87.0,High
MUM-LI-OCC00726,2024-11-14,10:32,MUM020,2100,1262,60.1,Medium
MUM-LI-OCC00726,2024-11-14,10:24,MUM021,2100,1501,71.5,Medium
MUM-LI-OCC00726,2024-11-14,10:40,MUM027,2100,1186,56.5,Medium
MUM-LI-OCC00727,2024-11-18,16:59,MUM014,3040,1327,43.7,Low
MUM-LI-OCC00727,2024-11-18,16:47,MUM017,3040,1563,51.4,Medium
MUM-LI-OCC00727,2024-11-18,16:44,MUM015,3040,1574,51.8,Medium
MUM-LI-OCC00727,2024-11-18,16:44,MUM018,3040,1374,45.2,Medium
MUM-LI-OCC00727,2024-11-18,16:25,MUM021,3040,1811,59.6,Medium
MUM-LI-OCC00727,2024-11-18,16:29,MUM022,3040,1562,51.4,Medium
MUM-LI-OCC00728,2024-11-18,18:11,MUM017,1920,1465,76.3,Medium
MUM-LI-OCC00728,2024-11-18,18:53,MUM021,1920,2272,118.4,Critical
MUM-LI-OCC00728,2024-11-18,18:23,MUM014,1920,1740,90.7,High
MUM-LI-OCC00728,2024-11-18,18:37,MUM015,1920,2392,124.6,Critical
MUM-LI-OCC00728,2024-11-18,18:19,MUM024,1920,2326,121.2,Critical
MUM-LI-OCC00729,2024-11-18,08:14,MUM020,2560,2148,83.9,High
MUM-LI-OCC00729,2024-11-18,08:40,MUM024,2560,2675,104.5,High
MUM-LI-OCC00729,2024-11-18,08:05,MUM028,2560,2840,111.0,Critical
MUM-LI-OCC00729,2024-11-18,08:45,MUM023,2560,2529,98.8,High
MUM-LI-OCC00729,2024-11-18,08:23,MUM026,2560,2529,98.8,High
MUM-LI-OCC00730,2024-11-22,09:02,MUM024,2560,3440,134.4,Critical
MUM-LI-OCC00730,2024-11-22,09:05,MUM013,2560,2046,79.9,Medium
MUM-LI-OCC00730,2024-11-22,09:12,MUM019,2560,2661,104.0,High
MUM-LI-OCC00731,2024-11-22,23:37,MUM027,2800,282,10.1,Low
MUM-LI-OCC00731,2024-11-22,23:09,MUM026,2800,313,11.2,Low
MUM-LI-OCC00731,2024-11-22,23:51,MUM021,2800,760,27.2,Low
MUM-LI-OCC00731,2024-11-22,23:00,MUM018,2800,316,11.3,Low
MUM-LI-OCC00732,2024-11-22,20:11,MUM021,2560,2942,114.9,Critical
MUM-LI-OCC00732,2024-11-22,20:15,MUM016,2560,1651,64.5,Medium
MUM-LI-OCC00732,2024-11-22,20:11,MUM018,2560,1967,76.9,Medium
MUM-LI-OCC00732,2024-11-22,20:48,MUM017,2560,2711,105.9,Critical
MUM-LI-OCC00732,2024-11-22,20:56,MUM026,2560,1530,59.8,Medium
MUM-LI-OCC00733,2024-11-26,16:05,MUM002,3040,1974,65.0,Medium
MUM-LI-OCC00733,2024-11-26,16:52,MUM016,3040,1905,62.7,Medium
MUM-LI-OCC00733,2024-11-26,16:30,MUM025,3040,1550,51.0,Medium
MUM-LI-OCC00733,2024-11-26,16:55,MUM017,3040,1083,35.6,Low
MUM-LI-OCC00734,2024-11-26,06:35,MUM014,3040,749,24.7,Low
MUM-LI-OCC00734,2024-11-26,06:10,MUM023,3040,1099,36.2,Low
MUM-LI-OCC00734,2024-11-26,06:21,MUM020,3040,999,32.9,Low
MUM-LI-OCC00735,2024-11-26,18:20,MUM014,2100,2214,105.5,Critical
MUM-LI-OCC00735,2024-11-26,18:53,MUM002,2100,1883,89.7,High
MUM-LI-OCC00735,2024-11-26,18:55,MUM021,2100,2024,96.4,High
MUM-LI-OCC00735,2024-11-26,18:49,MUM020,2100,1806,86.0,High
MUM-LI-OCC00736,2024-11-30,19:00,MUM026,2800,2918,104.2,High
MUM-LI-OCC00736,2024-11-30,19:41,MUM022,2800,2744,98.0,High
MUM-LI-OCC00736,2024-11-30,19:35,MUM014,2800,3920,140,Critical
MUM-LI-OCC00736,2024-11-30,19:05,MUM020,2800,2460,87.9,High
MUM-LI-OCC00736,2024-11-30,19:12,MUM016,2800,3443,123.0,Critical
MUM-LI-OCC00737,2024-11-30,12:21,MUM024,2100,917,43.7,Low
MUM-LI-OCC00737,2024-11-30,12:55,MUM015,2100,876,41.8,Low
MUM-LI-OCC00737,2024-11-30,12:03,MUM014,2100,596,28.4,Low
MUM-LI-OCC00737,2024-11-30,12:55,MUM028,2100,809,38.5,Low
MUM-LI-OCC00737,2024-11-30,12:00,MUM026,2100,689,32.8,Low
MUM-LI-OCC00737,2024-11-30,12:58,MUM019,2100,899,42.8,Low
MUM-LI-OCC00738,2024-11-30,13:46,MUM025,2800,1593,56.9,Medium
MUM-LI-OCC00738,2024-11-30,13:14,MUM017,2800,468,16.7,Low
MUM-LI-OCC00738,2024-11-30,13:23,MUM013,2800,573,20.5,Low
MUM-LI-OCC00738,2024-11-30,13:49,MUM015,2800,1056,37.7,Low
MUM-LI-OCC00738,2024-11-30,13:32,MUM002,2800,1184,42.3,Low
MUM-LI-OCC00739,2024-12-04,20:57,MUM019,2280,833,36.6,Low
MUM-LI-OCC00739,2024-12-04,20:32,MUM002,2280,1733,76.1,Medium
MUM-LI-OCC00739,2024-12-04,20:25,MUM014,2280,2217,97.3,High
MUM-LI-OCC00739,2024-12-04,20:57,MUM015,2280,1683,73.9,Medium
MUM-LI-OCC00740,2024-12-04,06:53,MUM017,2560,820,32.0,Low
MUM-LI-OCC00740,2024-12-04,06:46,MUM026,2560,1382,54.0,Medium
MUM-LI-OCC00740,2024-12-04,06:35,MUM028,2560,660,25.8,Low
MUM-LI-OCC00741,2024-12-04,18:30,MUM002,2800,3398,121.4,Critical
MUM-LI-OCC00741,2024-12-04,18:27,MUM021,2800,2787,99.5,High
MUM-LI-OCC00741,2024-12-04,18:47,MUM027,2800,2528,90.3,High
MUM-LI-OCC00741,2024-12-04,18:17,MUM013,2800,3063,109.4,Critical
MUM-LI-OCC00741,2024-12-04,18:45,MUM028,2800,3175,113.4,Critical
MUM-LI-OCC00742,2024-12-08,07:52,MUM017,3040,2817,92.7,High
MUM-LI-OCC00742,2024-12-08,07:50,MUM020,3040,2076,68.3,Medium
MUM-LI-OCC00742,2024-12-08,07:45,MUM022,3040,1627,53.6,Medium
MUM-LI-OCC00742,2024-12-08,07:11,MUM016,3040,1241,40.8,Low
MUM-LI-OCC00743,2024-12-08,15:57,MUM002,2280,1164,51.1,Medium
MUM-LI-OCC00743,2024-12-08,15:34,MUM024,2280,1193,52.4,Medium
MUM-LI-OCC00743,2024-12-08,15:04,MUM027,2280,767,33.7,Low
MUM-LI-OCC00743,2024-12-08,15:41,MUM028,2280,894,39.2,Low
MUM-LI-OCC00743,2024-12-08,15:30,MUM013,2280,608,26.7,Low
MUM-LI-OCC00743,2024-12-08,15:50,MUM022,2280,1138,49.9,Medium
MUM-LI-OCC00744,2024-12-08,10:01,MUM020,3040,1909,62.8,Medium
MUM-LI-OCC00744,2024-12-08,10:32,MUM014,3040,1873,61.6,Medium
MUM-LI-OCC00744,2024-12-08,10:09,MUM026,3040,1116,36.7,Low
MUM-LI-OCC00744,2024-12-08,10:45,MUM024,3040,2777,91.4,High
MUM-LI-OCC00745,2024-12-12,15:02,MUM027,2100,809,38.6,Low
MUM-LI-OCC00745,2024-12-12,15:37,MUM024,2100,754,35.9,Low
MUM-LI-OCC00745,2024-12-12,15:43,MUM014,2100,839,40.0,Low
MUM-LI-OCC00745,2024-12-12,15:42,MUM022,2100,836,39.8,Low
MUM-LI-OCC00745,2024-12-12,15:33,MUM018,2100,509,24.3,Low
MUM-LI-OCC00745,2024-12-12,15:59,MUM026,2100,1041,49.6,Medium
MUM-LI-OCC00746,2024-12-12,18:02,MUM020,2800,2305,82.3,High
MUM-LI-OCC00746,2024-12-12,18:13,MUM013,2800,2526,90.2,High
MUM-LI-OCC00746,2024-12-12,18:35,MUM028,2800,3544,126.6,Critical
MUM-LI-OCC00747,2024-12-12,12:53,MUM016,2100,1016,48.4,Medium
MUM-LI-OCC00747,2024-12-12,12:28,MUM021,2100,994,47.4,Medium
MUM-LI-OCC00747,2024-12-12,12:59,MUM028,2100,801,38.1,Low
MUM-LI-OCC00748,2024-12-16,20:45,MUM015,2800,1979,70.7,Medium
MUM-LI-OCC00748,2024-12-16,20:56,MUM014,2800,1846,65.9,Medium
MUM-LI-OCC00748,2024-12-16,20:43,MUM027,2800,2404,85.9,High
MUM-LI-OCC00748,2024-12-16,20:25,MUM026,2800,1723,61.6,Medium
MUM-LI-OCC00749,2024-12-16,19:10,MUM015,2100,2055,97.9,High
MUM-LI-OCC00749,2024-12-16,19:10,MUM026,2100,1898,90.4,High
MUM-LI-OCC00749,2024-12-16,19:47,MUM018,2100,2940,140,Critical
MUM-LI-OCC00749,2024-12-16,19:29,MUM017,2100,2566,122.2,Critical
MUM-LI-OCC00749,2024-12-16,19:05,MUM024,2100,2735,130.2,Critical
MUM-LI-OCC00750,2024-12-16,16:31,MUM002,1920,1089,56.7,Medium
MUM-LI-OCC00750,2024-12-16,16:34,MUM018,1920,850,44.3,Low
MUM-LI-OCC00750,2024-12-16,16:40,MUM025,1920,836,43.6,Low
MUM-LI-OCC00750,2024-12-16,16:15,MUM022,1920,1314,68.5,Medium
MUM-LI-OCC00751,2024-12-20,20:41,MUM028,2560,2783,108.7,Critical
MUM-LI-OCC00751,2024-12-20,20:51,MUM015,2560,2767,108.1,Critical
MUM-LI-OCC00751,2024-12-20,20:21,MUM025,2560,1658,64.8,Medium
MUM-LI-OCC00752,2024-12-20,10:32,MUM002,2280,2351,103.2,High
MUM-LI-OCC00752,2024-12-20,10:29,MUM018,2280,1550,68.0,Medium
MUM-LI-OCC00752,2024-12-20,10:32,MUM025,2280,2586,113.5,Critical
MUM-LI-OCC00752,2024-12-20,10:08,MUM027,2280,923,40.5,Low
MUM-LI-OCC00752,2024-12-20,10:46,MUM017,2280,1099,48.2,Medium
MUM-LI-OCC00752,2024-12-20,10:59,MUM028,2280,2442,107.1,Critical
MUM-LI-OCC00753,2024-12-20,14:34,MUM019,2100,1171,55.8,Medium
MUM-LI-OCC00753,2024-12-20,14:18,MUM027,2100,493,23.5,Low
MUM-LI-OCC00753,2024-12-20,14:34,MUM014,2100,477,22.7,Low
MUM-LI-OCC00754,2024-12-24,18:13,MUM002,2800,3137,112.0,Critical
MUM-LI-OCC00754,2024-12-24,18:22,MUM027,2800,2311,82.6,High
MUM-LI-OCC00754,2024-12-24,18:52,MUM026,2800,2333,83.4,High
MUM-LI-OCC00754,2024-12-24,18:22,MUM016,2800,2166,77.4,Medium
MUM-LI-OCC00754,2024-12-24,18:19,MUM017,2800,3522,125.8,Critical
MUM-LI-OCC00754,2024-12-24,18:29,MUM025,2800,3088,110.3,Critical
MUM-LI-OCC00755,2024-12-24,08:06,MUM014,2800,2776,99.1,High
MUM-LI-OCC00755,2024-12-24,08:41,MUM013,2800,3019,107.8,Critical
MUM-LI-OCC00755,2024-12-24,08:21,MUM024,2800,2357,84.2,High
MUM-LI-OCC00756,2024-12-24,23:27,MUM019,1920,177,9.3,Low
MUM-LI-OCC00756,2024-12-24,23:53,MUM002,1920,441,23.0,Low
MUM-LI-OCC00756,2024-12-24,23:12,MUM017,1920,202,10.5,Low
MUM-LI-OCC00756,2024-12-24,23:35,MUM028,1920,547,28.5,Low
MUM-LI-OCC00756,2024-12-24,23:06,MUM016,1920,453,23.6,Low
MUM-LI-OCC00757,2024-12-28,08:24,MUM017,2280,3025,132.7,Critical
MUM-LI-OCC00757,2024-12-28,08:05,MUM014,2280,2667,117.0,Critical
MUM-LI-OCC00757,2024-12-28,08:06,MUM026,2280,2405,105.5,Critical
MUM-LI-OCC00758,2024-12-28,12:55,MUM017,2280,514,22.6,Low
MUM-LI-OCC00758,2024-12-28,12:09,MUM026,2280,600,26.3,Low
MUM-LI-OCC00758,2024-12-28,12:16,MUM018,2280,381,16.7,Low
MUM-LI-OCC00758,2024-12-28,12:22,MUM019,2280,916,40.2,Low
MUM-LI-OCC00758,2024-12-28,12:04,MUM024,2280,956,41.9,Low
MUM-LI-OCC00759,2024-12-28,15:34,MUM024,2800,1356,48.5,Medium
MUM-LI-OCC00759,2024-12-28,15:34,MUM013,2800,872,31.1,Low
MUM-LI-OCC00759,2024-12-28,15:24,MUM025,2800,1287,46.0,Medium
MUM-LI-OCC00759,2024-12-28,15:07,MUM023,2800,1156,41.3,Low
MUM-LI-OCC00759,2024-12-28,15:05,MUM021,2800,1262,45.1,Medium
MUM-LI-OCC00759,2024-12-28,15:00,MUM028,2800,1511,54.0,Medium
MUM-LI-OCC00760,2024-10-01,05:36,MUM013,2280,295,13.0,Low
MUM-LI-OCC00760,2024-10-01,05:21,MUM038,2280,402,17.6,Low
MUM-LI-OCC00760,2024-10-01,05:04,MUM036,2280,307,13.5,Low
MUM-LI-OCC00761,2024-10-01,22:47,MUM039,2100,713,34.0,Low
MUM-LI-OCC00761,2024-10-01,22:42,MUM013,2100,737,35.1,Low
MUM-LI-OCC00761,2024-10-01,22:57,MUM030,2100,868,41.3,Low
MUM-LI-OCC00761,2024-10-01,22:02,MUM031,2100,533,25.4,Low
MUM-LI-OCC00761,2024-10-01,22:11,MUM041,2100,777,37.0,Low
MUM-LI-OCC00761,2024-10-01,22:53,MUM038,2100,556,26.5,Low
MUM-LI-OCC00762,2024-10-01,20:38,MUM031,1920,1414,73.7,Medium
MUM-LI-OCC00762,2024-10-01,20:56,MUM037,1920,884,46.1,Medium
MUM-LI-OCC00762,2024-10-01,20:28,MUM039,1920,2114,110.1,Critical
MUM-LI-OCC00762,2024-10-01,20:18,MUM030,1920,1750,91.2,High
MUM-LI-OCC00762,2024-10-01,20:14,MUM041,1920,1803,93.9,High
MUM-LI-OCC00762,2024-10-01,20:11,MUM040,1920,2151,112.1,Critical
MUM-LI-OCC00763,2024-10-05,18:31,MUM038,2560,2503,97.8,High
MUM-LI-OCC00763,2024-10-05,18:53,MUM030,2560,3087,120.6,Critical
MUM-LI-OCC00763,2024-10-05,18:32,MUM029,2560,2516,98.3,High
MUM-LI-OCC00764,2024-10-05,21:37,MUM033,3040,1840,60.5,Medium
MUM-LI-OCC00764,2024-10-05,21:41,MUM041,3040,1968,64.8,Medium
MUM-LI-OCC00764,2024-10-05,21:45,MUM038,3040,872,28.7,Low
MUM-LI-OCC00765,2024-10-05,17:20,MUM032,3040,2591,85.2,High
MUM-LI-OCC00765,2024-10-05,17:38,MUM038,3040,2879,94.7,High
MUM-LI-OCC00765,2024-10-05,17:57,MUM031,3040,2226,73.2,Medium
MUM-LI-OCC00765,2024-10-05,17:17,MUM033,3040,1652,54.4,Medium
MUM-LI-OCC00766,2024-10-09,06:23,MUM029,1920,657,34.2,Low
MUM-LI-OCC00766,2024-10-09,06:01,MUM036,1920,490,25.6,Low
MUM-LI-OCC00766,2024-10-09,06:23,MUM013,1920,780,40.7,Low
MUM-LI-OCC00766,2024-10-09,06:55,MUM030,1920,549,28.6,Low
MUM-LI-OCC00766,2024-10-09,06:25,MUM040,1920,665,34.7,Low
MUM-LI-OCC00767,2024-10-09,19:28,MUM039,3040,2795,91.9,High
MUM-LI-OCC00767,2024-10-09,19:06,MUM038,3040,3097,101.9,High
MUM-LI-OCC00767,2024-10-09,19:43,MUM029,3040,2592,85.3,High
MUM-LI-OCC00767,2024-10-09,19:56,MUM033,3040,4092,134.6,Critical
MUM-LI-OCC00768,2024-10-09,21:26,MUM034,2560,1739,67.9,Medium
MUM-LI-OCC00768,2024-10-09,21:13,MUM033,2560,1251,48.9,Medium
MUM-LI-OCC00768,2024-10-09,21:46,MUM013,2560,1606,62.7,Medium
MUM-LI-OCC00768,2024-10-09,21:20,MUM032,2560,1089,42.6,Low
MUM-LI-OCC00768,2024-10-09,21:33,MUM040,2560,1632,63.8,Medium
MUM-LI-OCC00769,2024-10-13,10:39,MUM041,2100,1047,49.9,Medium
MUM-LI-OCC00769,2024-10-13,10:52,MUM029,2100,1025,48.8,Medium
MUM-LI-OCC00769,2024-10-13,10:50,MUM031,2100,1613,76.9,Medium
MUM-LI-OCC00770,2024-10-13,13:15,MUM038,2560,1138,44.5,Low
MUM-LI-OCC00770,2024-10-13,13:39,MUM029,2560,670,26.2,Low
MUM-LI-OCC00770,2024-10-13,13:45,MUM036,2560,1046,40.9,Low
MUM-LI-OCC00770,2024-10-13,13:33,MUM031,2560,1286,50.3,Medium
MUM-LI-OCC00771,2024-10-13,05:13,MUM036,2800,354,12.7,Low
MUM-LI-OCC00771,2024-10-13,05:04,MUM031,2800,300,10.7,Low
MUM-LI-OCC00771,2024-10-13,05:02,MUM040,2800,256,9.2,Low
MUM-LI-OCC00771,2024-10-13,05:04,MUM038,2800,721,25.8,Low
MUM-LI-OCC00772,2024-10-17,10:25,MUM040,2100,971,46.3,Medium
MUM-LI-OCC00772,2024-10-17,10:37,MUM033,2100,1154,55.0,Medium
MUM-LI-OCC00772,2024-10-17,10:42,MUM036,2100,1435,68.3,Medium
MUM-LI-OCC00772,2024-10-17,10:02,MUM034,2100,1642,78.2,Medium
MUM-LI-OCC00772,2024-10-17,10:36,MUM031,2100,2089,99.5,High
MUM-LI-OCC00772,2024-10-17,10:42,MUM032,2100,1055,50.3,Medium
MUM-LI-OCC00773,2024-10-17,23:00,MUM039,2560,288,11.3,Low
MUM-LI-OCC00773,2024-10-17,23:31,MUM013,2560,363,14.2,Low
MUM-LI-OCC00773,2024-10-17,23:58,MUM037,2560,264,10.3,Low
MUM-LI-OCC00774,2024-10-17,11:34,MUM030,2280,853,37.4,Low
MUM-LI-OCC00774,2024-10-17,11:20,MUM039,2280,743,32.6,Low
MUM-LI-OCC00774,2024-10-17,11:57,MUM033,2280,555,24.4,Low
MUM-LI-OCC00774,2024-10-17,11:02,MUM035,2280,761,33.4,Low
MUM-LI-OCC00774,2024-10-17,11:34,MUM034,2280,1291,56.6,Medium
MUM-LI-OCC00774,2024-10-17,11:21,MUM031,2280,941,41.3,Low
MUM-LI-OCC00775,2024-10-21,08:23,MUM033,3040,4167,137.1,Critical
MUM-LI-OCC00775,2024-10-21,08:01,MUM040,3040,2882,94.8,High
MUM-LI-OCC00775,2024-10-21,08:48,MUM036,3040,2748,90.4,High
MUM-LI-OCC00775,2024-10-21,08:36,MUM013,3040,4231,139.2,Critical
MUM-LI-OCC00776,2024-10-21,23:46,MUM037,3040,358,11.8,Low
MUM-LI-OCC00776,2024-10-21,23:16,MUM038,3040,416,13.7,Low
MUM-LI-OCC00776,2024-10-21,23:42,MUM033,3040,279,9.2,Low
MUM-LI-OCC00777,2024-10-21,21:41,MUM034,2100,1472,70.1,Medium
MUM-LI-OCC00777,2024-10-21,21:02,MUM013,2100,1051,50.1,Medium
MUM-LI-OCC00777,2024-10-21,21:35,MUM039,2100,1426,67.9,Medium
MUM-LI-OCC00777,2024-10-21,21:12,MUM031,2100,1442,68.7,Medium
MUM-LI-OCC00777,2024-10-21,21:16,MUM041,2100,1282,61.1,Medium
MUM-LI-OCC00778,2024-10-25,09:30,MUM034,3040,3242,106.7,Critical
MUM-LI-OCC00778,2024-10-25,09:56,MUM013,3040,2494,82.1,High
MUM-LI-OCC00778,2024-10-25,09:50,MUM029,3040,2430,79.9,Medium
MUM-LI-OCC00778,2024-10-25,09:47,MUM035,3040,2985,98.2,High
MUM-LI-OCC00778,2024-10-25,09:52,MUM030,3040,2781,91.5,High
MUM-LI-OCC00778,2024-10-25,09:16,MUM037,3040,2267,74.6,Medium
MUM-LI-OCC00779,2024-10-25,14:04,MUM038,1920,677,35.3,Low
MUM-LI-OCC00779,2024-10-25,14:31,MUM040,1920,512,26.7,Low
MUM-LI-OCC00779,2024-10-25,14:35,MUM039,1920,385,20.1,Low
MUM-LI-OCC00779,2024-10-25,14:01,MUM036,1920,799,41.7,Low
MUM-LI-OCC00779,2024-10-25,14:29,MUM041,1920,428,22.3,Low
MUM-LI-OCC00779,2024-10-25,14:32,MUM033,1920,419,21.8,Low
MUM-LI-OCC00780,2024-10-25,16:24,MUM035,3040,1342,44.2,Low
MUM-LI-OCC00780,2024-10-25,16:21,MUM040,3040,979,32.2,Low
MUM-LI-OCC00780,2024-10-25,16:45,MUM037,3040,1815,59.7,Medium
MUM-LI-OCC00780,2024-10-25,16:35,MUM034,3040,1730,56.9,Medium
MUM-LI-OCC00780,2024-10-25,16:05,MUM033,3040,1431,47.1,Medium
MUM-LI-OCC00781,2024-10-29,18:39,MUM038,2280,1838,80.6,High
MUM-LI-OCC00781,2024-10-29,18:05,MUM032,2280,1754,76.9,Medium
MUM-LI-OCC00781,2024-10-29,18:50,MUM036,2280,1911,83.8,High
MUM-LI-OCC00781,2024-10-29,18:39,MUM030,2280,2907,127.5,Critical
MUM-LI-OCC00781,2024-10-29,18:27,MUM039,2280,2419,106.1,Critical
MUM-LI-OCC00781,2024-10-29,18:21,MUM031,2280,2288,100.4,High
MUM-LI-OCC00782,2024-10-29,18:50,MUM040,3040,2321,76.4,Medium
MUM-LI-OCC00782,2024-10-29,18:33,MUM035,3040,3714,122.2,Critical
MUM-LI-OCC00782,2024-10-29,18:06,MUM036,3040,2695,88.7,High
MUM-LI-OCC00782,2024-10-29,18:14,MUM039,3040,3162,104.0,High
MUM-LI-OCC00782,2024-10-29,18:26,MUM030,3040,3005,98.9,High
MUM-LI-OCC00783,2024-10-29,22:35,MUM041,2800,939,33.6,Low
MUM-LI-OCC00783,2024-10-29,22:14,MUM031,2800,942,33.7,Low
MUM-LI-OCC00783,2024-10-29,22:23,MUM034,2800,1133,40.5,Low
MUM-LI-OCC00783,2024-10-29,22:29,MUM040,2800,1148,41.0,Low
MUM-LI-OCC00783,2024-10-29,22:53,MUM035,2800,728,26.0,Low
MUM-LI-OCC00784,2024-11-02,18:41,MUM038,2800,3185,113.8,Critical
MUM-LI-OCC00784,2024-11-02,18:45,MUM039,2800,2869,102.5,High
MUM-LI-OCC00784,2024-11-02,18:07,MUM033,2800,3052,109.0,Critical
MUM-LI-OCC00784,2024-11-02,18:26,MUM034,2800,3399,121.4,Critical
MUM-LI-OCC00784,2024-11-02,18:25,MUM041,2800,2463,88.0,High
MUM-LI-OCC00784,2024-11-02,18:07,MUM030,2800,3006,107.4,Critical
MUM-LI-OCC00785,2024-11-02,22:15,MUM013,2100,561,26.7,Low
MUM-LI-OCC00785,2024-11-02,22:21,MUM033,2100,667,31.8,Low
MUM-LI-OCC00785,2024-11-02,22:20,MUM041,2100,788,37.6,Low
MUM-LI-OCC00786,2024-11-02,07:11,MUM035,2280,1548,67.9,Medium
MUM-LI-OCC00786,2024-11-02,07:29,MUM034,2280,923,40.5,Low
MUM-LI-OCC00786,2024-11-02,07:29,MUM013,2280,1819,79.8,Medium
MUM-LI-OCC00786,2024-11-02,07:05,MUM040,2280,2217,97.3,High
MUM-LI-OCC00786,2024-11-02,07:48,MUM038,2280,1747,76.6,Medium
MUM-LI-OCC00787,2024-11-06,05:14,MUM013,3040,354,11.7,Low
MUM-LI-OCC00787,2024-11-06,05:29,MUM041,3040,383,12.6,Low
MUM-LI-OCC00787,2024-11-06,05:33,MUM040,3040,308,10.1,Low
MUM-LI-OCC00787,2024-11-06,05:18,MUM034,3040,344,11.3,Low
MUM-LI-OCC00788,2024-11-06,10:46,MUM036,2560,2144,83.8,High
MUM-LI-OCC00788,2024-11-06,10:39,MUM039,2560,1682,65.7,Medium
MUM-LI-OCC00788,2024-11-06,10:36,MUM029,2560,1756,68.6,Medium
MUM-LI-OCC00788,2024-11-06,10:46,MUM038,2560,1354,52.9,Medium
MUM-LI-OCC00788,2024-11-06,10:22,MUM033,2560,1189,46.5,Medium
MUM-LI-OCC00789,2024-11-06,20:29,MUM038,3040,2049,67.4,Medium
MUM-LI-OCC00789,2024-11-06,20:26,MUM033,3040,3087,101.5,High
MUM-LI-OCC00789,2024-11-06,20:50,MUM032,3040,2822,92.8,High
MUM-LI-OCC00789,2024-11-06,20:18,MUM013,3040,1959,64.5,Medium
MUM-LI-OCC00789,2024-11-06,20:45,MUM029,3040,2097,69.0,Medium
MUM-LI-OCC00790,2024-11-10,23:45,MUM040,2280,308,13.5,Low
MUM-LI-OCC00790,2024-11-10,23:12,MUM029,2280,193,8.5,Low
MUM-LI-OCC00790,2024-11-10,23:50,MUM034,2280,433,19.0,Low
MUM-LI-OCC00790,2024-11-10,23:49,MUM038,2280,263,11.5,Low
MUM-LI-OCC00790,2024-11-10,23:08,MUM037,2280,236,10.4,Low
MUM-LI-OCC00790,2024-11-10,23:45,MUM041,2280,185,8.2,Low
MUM-LI-OCC00791,2024-11-10,17:14,MUM013,3040,1880,61.9,Medium
MUM-LI-OCC00791,2024-11-10,17:09,MUM029,3040,1637,53.9,Medium
MUM-LI-OCC00791,2024-11-10,17:33,MUM039,3040,1826,60.1,Medium
MUM-LI-OCC00792,2024-11-10,17:46,MUM029,2100,1753,83.5,High
MUM-LI-OCC00792,2024-11-10,17:07,MUM034,2100,1603,76.3,Medium
MUM-LI-OCC00792,2024-11-10,17:09,MUM030,2100,1532,73.0,Medium
MUM-LI-OCC00793,2024-11-14,15:22,MUM033,1920,687,35.8,Low
MUM-LI-OCC00793,2024-11-14,15:06,MUM036,1920,651,34.0,Low
MUM-LI-OCC00793,2024-11-14,15:49,MUM013,1920,751,39.2,Low
MUM-LI-OCC00793,2024-11-14,15:30,MUM040,1920,584,30.5,Low
MUM-LI-OCC00794,2024-11-14,06:06,MUM030,3040,1041,34.3,Low
MUM-LI-OCC00794,2024-11-14,06:43,MUM034,3040,533,17.6,Low
MUM-LI-OCC00794,2024-11-14,06:59,MUM038,3040,1919,63.1,Medium
MUM-LI-OCC00795,2024-11-14,09:28,MUM036,1920,2671,139.1,Critical
MUM-LI-OCC00795,2024-11-14,09:01,MUM040,1920,1999,104.1,High
MUM-LI-OCC00795,2024-11-14,09:56,MUM041,1920,1920,100.0,High
MUM-LI-OCC00795,2024-11-14,09:26,MUM035,1920,2182,113.7,Critical
MUM-LI-OCC00796,2024-11-18,19:32,MUM041,2560,2538,99.2,High
MUM-LI-OCC00796,2024-11-18,19:07,MUM037,2560,2740,107.1,Critical
MUM-LI-OCC00796,2024-11-18,19:49,MUM036,2560,2835,110.8,Critical
MUM-LI-OCC00797,2024-11-18,19:33,MUM040,3040,3265,107.4,Critical
MUM-LI-OCC00797,2024-11-18,19:16,MUM036,3040,3337,109.8,Critical
MUM-LI-OCC00797,2024-11-18,19:08,MUM032,3040,3558,117.1,Critical
MUM-LI-OCC00797,2024-11-18,19:32,MUM035,3040,3398,111.8,Critical
MUM-LI-OCC00797,2024-11-18,19:06,MUM039,3040,4256,140,Critical
MUM-LI-OCC00797,2024-11-18,19:13,MUM041,3040,3920,129.0,Critical
MUM-LI-OCC00798,2024-11-18,13:25,MUM038,2280,988,43.3,Low
MUM-LI-OCC00798,2024-11-18,13:33,MUM035,2280,622,27.3,Low
MUM-LI-OCC00798,2024-11-18,13:54,MUM033,2280,577,25.3,Low
MUM-LI-OCC00799,2024-11-22,10:50,MUM032,2800,1868,66.7,Medium
MUM-LI-OCC00799,2024-11-22,10:37,MUM034,2800,2601,92.9,High
MUM-LI-OCC00799,2024-11-22,10:22,MUM038,2800,1514,54.1,Medium
MUM-LI-OCC00799,2024-11-22,10:28,MUM039,2800,1641,58.6,Medium
MUM-LI-OCC00799,2024-11-22,10:07,MUM031,2800,2342,83.7,High
MUM-LI-OCC00799,2024-11-22,10:16,MUM030,2800,1865,66.6,Medium
MUM-LI-OCC00800,2024-11-22,14:37,MUM034,2100,1146,54.6,Medium
MUM-LI-OCC00800,2024-11-22,14:31,MUM033,2100,507,24.2,Low
MUM-LI-OCC00800,2024-11-22,14:29,MUM040,2100,603,28.7,Low
MUM-LI-OCC00801,2024-11-22,19:44,MUM035,2800,3807,136.0,Critical
MUM-LI-OCC00801,2024-11-22,19:25,MUM033,2800,3836,137.0,Critical
MUM-LI-OCC00801,2024-11-22,19:12,MUM034,2800,3115,111.3,Critical
MUM-LI-OCC00801,2024-11-22,19:53,MUM038,2800,2090,74.7,Medium
MUM-LI-OCC00802,2024-11-26,20:28,MUM035,2280,2575,113.0,Critical
MUM-LI-OCC00802,2024-11-26,20:34,MUM032,2280,2001,87.8,High
MUM-LI-OCC00802,2024-11-26,20:29,MUM029,2280,2432,106.7,Critical
MUM-LI-OCC00802,2024-11-26,20:13,MUM031,2280,1689,74.1,Medium
MUM-LI-OCC00802,2024-11-26,20:59,MUM037,2280,1105,48.5,Medium
MUM-LI-OCC00803,2024-11-26,08:11,MUM035,3040,3620,119.1,Critical
MUM-LI-OCC00803,2024-11-26,08:54,MUM031,3040,3039,100.0,High
MUM-LI-OCC00803,2024-11-26,08:47,MUM034,3040,2194,72.2,Medium
MUM-LI-OCC00804,2024-11-26,18:19,MUM037,2800,2872,102.6,High
MUM-LI-OCC00804,2024-11-26,18:04,MUM035,2800,2686,95.9,High
MUM-LI-OCC00804,2024-11-26,18:55,MUM041,2800,3140,112.2,Critical
MUM-LI-OCC00804,2024-11-26,18:57,MUM034,2800,2758,98.5,High
MUM-LI-OCC00805,2024-11-30,08:05,MUM038,1920,1759,91.6,High
MUM-LI-OCC00805,2024-11-30,08:52,MUM036,1920,1403,73.1,Medium
MUM-LI-OCC00805,2024-11-30,08:07,MUM041,1920,1649,85.9,High
MUM-LI-OCC00805,2024-11-30,08:46,MUM039,1920,1924,100.2,High
MUM-LI-OCC00805,2024-11-30,08:51,MUM032,1920,1977,103.0,High
MUM-LI-OCC00806,2024-11-30,11:40,MUM030,1920,731,38.1,Low
MUM-LI-OCC00806,2024-11-30,11:53,MUM033,1920,788,41.1,Low
MUM-LI-OCC00806,2024-11-30,11:36,MUM035,1920,745,38.8,Low
MUM-LI-OCC00807,2024-11-30,09:24,MUM029,2280,2462,108.0,Critical
MUM-LI-OCC00807,2024-11-30,09:25,MUM038,2280,1721,75.5,Medium
MUM-LI-OCC00807,2024-11-30,09:48,MUM013,2280,2840,124.6,Critical
MUM-LI-OCC00807,2024-11-30,09:37,MUM031,2280,2060,90.4,High
MUM-LI-OCC00807,2024-11-30,09:21,MUM039,2280,2261,99.2,High
MUM-LI-OCC00807,2024-11-30,09:54,MUM041,2280,1896,83.2,High
MUM-LI-OCC00808,2024-12-04,19:34,MUM041,2100,2886,137.4,Critical
MUM-LI-OCC00808,2024-12-04,19:34,MUM035,2100,2854,135.9,Critical
MUM-LI-OCC00808,2024-12-04,19:40,MUM037,2100,2179,103.8,High
MUM-LI-OCC00809,2024-12-04,08:53,MUM030,2280,1963,86.1,High
MUM-LI-OCC00809,2024-12-04,08:45,MUM039,2280,2317,101.6,High
MUM-LI-OCC00809,2024-12-04,08:33,MUM035,2280,1866,81.9,High
MUM-LI-OCC00810,2024-12-04,23:56,MUM040,2280,307,13.5,Low
MUM-LI-OCC00810,2024-12-04,23:24,MUM038,2280,190,8.4,Low
MUM-LI-OCC00810,2024-12-04,23:21,MUM039,2280,203,8.9,Low
MUM-LI-OCC00811,2024-12-08,23:18,MUM029,3040,258,8.5,Low
MUM-LI-OCC00811,2024-12-08,23:37,MUM032,3040,422,13.9,Low
MUM-LI-OCC00811,2024-12-08,23:23,MUM034,3040,588,19.4,Low
MUM-LI-OCC00812,2024-12-08,14:29,MUM035,2560,421,16.5,Low
MUM-LI-OCC00812,2024-12-08,14:09,MUM040,2560,664,25.9,Low
MUM-LI-OCC00812,2024-12-08,14:05,MUM041,2560,495,19.4,Low
MUM-LI-OCC00812,2024-12-08,14:38,MUM013,2560,491,19.2,Low
MUM-LI-OCC00812,2024-12-08,14:16,MUM039,2560,678,26.5,Low
MUM-LI-OCC00813,2024-12-08,23:40,MUM029,2800,244,8.7,Low
MUM-LI-OCC00813,2024-12-08,23:00,MUM030,2800,243,8.7,Low
MUM-LI-OCC00813,2024-12-08,23:49,MUM039,2800,308,11.0,Low
MUM-LI-OCC00813,2024-12-08,23:52,MUM033,2800,328,11.7,Low
MUM-LI-OCC00813,2024-12-08,23:06,MUM031,2800,801,28.6,Low
MUM-LI-OCC00813,2024-12-08,23:56,MUM034,2800,462,16.5,Low
MUM-LI-OCC00814,2024-12-12,19:15,MUM033,2100,2417,115.1,Critical
MUM-LI-OCC00814,2024-12-12,19:46,MUM030,2100,1846,87.9,High
MUM-LI-OCC00814,2024-12-12,19:08,MUM039,2100,2685,127.9,Critical
MUM-LI-OCC00814,2024-12-12,19:20,MUM029,2100,2877,137.0,Critical
MUM-LI-OCC00814,2024-12-12,19:04,MUM032,2100,2036,97.0,High
MUM-LI-OCC00814,2024-12-12,19:21,MUM041,2100,1706,81.3,High
MUM-LI-OCC00815,2024-12-12,08:46,MUM031,2560,1663,65.0,Medium
MUM-LI-OCC00815,2024-12-12,08:53,MUM036,2560,1656,64.7,Medium
MUM-LI-OCC00815,2024-12-12,08:52,MUM040,2560,3329,130.0,Critical
MUM-LI-OCC00815,2024-12-12,08:36,MUM038,2560,2130,83.2,High
MUM-LI-OCC00815,2024-12-12,08:39,MUM033,2560,2626,102.6,High
MUM-LI-OCC00815,2024-12-12,08:07,MUM035,2560,2139,83.6,High
MUM-LI-OCC00816,2024-12-12,10:51,MUM031,1920,1963,102.3,High
MUM-LI-OCC00816,2024-12-12,10:38,MUM040,1920,1230,64.1,Medium
MUM-LI-OCC00816,2024-12-12,10:48,MUM030,1920,854,44.5,Low
MUM-LI-OCC00816,2024-12-12,10:39,MUM038,1920,1082,56.4,Medium
MUM-LI-OCC00816,2024-12-12,10:23,MUM036,1920,1414,73.7,Medium
MUM-LI-OCC00816,2024-12-12,10:41,MUM013,1920,900,46.9,Medium
MUM-LI-OCC00817,2024-12-16,09:52,MUM036,2100,1876,89.3,High
MUM-LI-OCC00817,2024-12-16,09:41,MUM034,2100,2140,101.9,High
MUM-LI-OCC00817,2024-12-16,09:53,MUM030,2100,2451,116.7,Critical
MUM-LI-OCC00818,2024-12-16,19:25,MUM031,3040,3211,105.7,Critical
MUM-LI-OCC00818,2024-12-16,19:14,MUM038,3040,2505,82.4,High
MUM-LI-OCC00818,2024-12-16,19:11,MUM013,3040,2867,94.3,High
MUM-LI-OCC00818,2024-12-16,19:52,MUM032,3040,3302,108.6,Critical
MUM-LI-OCC00818,2024-12-16,19:14,MUM033,3040,2705,89.0,High
MUM-LI-OCC00819,2024-12-16,10:16,MUM037,2560,1390,54.3,Medium
MUM-LI-OCC00819,2024-12-16,10:56,MUM029,2560,1477,57.7,Medium
MUM-LI-OCC00819,2024-12-16,10:33,MUM032,2560,1082,42.3,Low
MUM-LI-OCC00819,2024-12-16,10:31,MUM030,2560,1795,70.2,Medium
MUM-LI-OCC00819,2024-12-16,10:22,MUM036,2560,2022,79.0,Medium
MUM-LI-OCC00819,2024-12-16,10:34,MUM033,2560,1660,64.9,Medium
MUM-LI-OCC00820,2024-12-20,21:16,MUM037,2560,719,28.1,Low
MUM-LI-OCC00820,2024-12-20,21:02,MUM038,2560,1042,40.7,Low
MUM-LI-OCC00820,2024-12-20,21:27,MUM030,2560,1097,42.9,Low
MUM-LI-OCC00820,2024-12-20,21:39,MUM036,2560,1258,49.2,Medium
MUM-LI-OCC00821,2024-12-20,19:57,MUM031,2800,3345,119.5,Critical
MUM-LI-OCC00821,2024-12-20,19:47,MUM037,2800,2840,101.4,High
MUM-LI-OCC00821,2024-12-20,19:10,MUM029,2800,3005,107.3,Critical
MUM-LI-OCC00822,2024-12-20,19:47,MUM029,1920,2266,118.0,Critical
MUM-LI-OCC00822,2024-12-20,19:41,MUM030,1920,1750,91.2,High
MUM-LI-OCC00822,2024-12-20,19:24,MUM031,1920,1978,103.1,High
MUM-LI-OCC00822,2024-12-20,19:33,MUM013,1920,2184,113.8,Critical
MUM-LI-OCC00823,2024-12-24,16:22,MUM033,1920,735,38.3,Low
MUM-LI-OCC00823,2024-12-24,16:27,MUM040,1920,1018,53.0,Medium
MUM-LI-OCC00823,2024-12-24,16:18,MUM030,1920,882,46.0,Medium
MUM-LI-OCC00823,2024-12-24,16:04,MUM037,1920,1270,66.2,Medium
MUM-LI-OCC00823,2024-12-24,16:16,MUM034,1920,1227,63.9,Medium
MUM-LI-OCC00823,2024-12-24,16:22,MUM036,1920,1358,70.7,Medium
MUM-LI-OCC00824,2024-12-24,15:26,MUM037,2280,830,36.4,Low
MUM-LI-OCC00824,2024-12-24,15:56,MUM033,2280,622,27.3,Low
MUM-LI-OCC00824,2024-12-24,15:40,MUM029,2280,850,37.3,Low
MUM-LI-OCC00824,2024-12-24,15:41,MUM035,2280,788,34.6,Low
MUM-LI-OCC00824,2024-12-24,15:20,MUM040,2280,726,31.8,Low
MUM-LI-OCC00824,2024-12-24,15:07,MUM038,2280,1260,55.3,Medium
MUM-LI-OCC00825,2024-12-24,13:51,MUM038,2560,1087,42.5,Low
MUM-LI-OCC00825,2024-12-24,13:45,MUM037,2560,925,36.2,Low
MUM-LI-OCC00825,2024-12-24,13:51,MUM033,2560,719,28.1,Low
MUM-LI-OCC00826,2024-12-28,09:57,MUM041,2560,2325,90.8,High
MUM-LI-OCC00826,2024-12-28,09:47,MUM031,2560,3320,129.7,Critical
MUM-LI-OCC00826,2024-12-28,09:00,MUM029,2560,3026,118.2,Critical
MUM-LI-OCC00826,2024-12-28,09:12,MUM039,2560,2648,103.5,High
MUM-LI-OCC00827,2024-12-28,19:44,MUM038,2800,2705,96.6,High
MUM-LI-OCC00827,2024-12-28,19:08,MUM037,2800,2665,95.2,High
MUM-LI-OCC00827,2024-12-28,19:07,MUM041,2800,2934,104.8,High
MUM-LI-OCC00827,2024-12-28,19:57,MUM036,2800,3871,138.3,Critical
MUM-LI-OCC00827,2024-12-28,19:17,MUM039,2800,3691,131.8,Critical
MUM-LI-OCC00827,2024-12-28,19:41,MUM032,2800,3026,108.1,Critical
MUM-LI-OCC00828,2024-12-28,09:36,MUM038,2800,2311,82.6,High
MUM-LI-OCC00828,2024-12-28,09:08,MUM029,2800,3568,127.5,Critical
MUM-LI-OCC00828,2024-12-28,09:08,MUM037,2800,2229,79.6,Medium
MUM-LI-OCC00828,2024-12-28,09:19,MUM033,2800,2248,80.3,High
MUM-LI-OCC00828,2024-12-28,09:12,MUM031,2800,2256,80.6,High
MUM-LI-OCC00828,2024-12-28,09:51,MUM036,2800,2550,91.1,High
MUM-LI-OCC00829,2024-10-01,08:32,MUM049,3040,2930,96.4,High
MUM-LI-OCC00829,2024-10-01,08:10,MUM063,3040,3118,102.6,High
MUM-LI-OCC00829,2024-10-01,08:35,MUM065,3040,4256,140,Critical
MUM-LI-OCC00829,2024-10-01,08:30,MUM047,3040,2334,76.8,Medium
MUM-LI-OCC00830,2024-10-01,06:59,MUM060,3040,1237,40.7,Low
MUM-LI-OCC00830,2024-10-01,06:09,MUM065,3040,1523,50.1,Medium
MUM-LI-OCC00830,2024-10-01,06:30,MUM061,3040,851,28.0,Low
MUM-LI-OCC00830,2024-10-01,06:09,MUM044,3040,989,32.6,Low
MUM-LI-OCC00830,2024-10-01,06:43,MUM054,3040,567,18.7,Low
MUM-LI-OCC00831,2024-10-01,11:50,MUM043,2280,805,35.3,Low
MUM-LI-OCC00831,2024-10-01,11:31,MUM008,2280,1624,71.2,Medium
MUM-LI-OCC00831,2024-10-01,11:09,MUM050,2280,1922,84.3,High
MUM-LI-OCC00832,2024-10-05,08:22,MUM053,2560,2617,102.3,High
MUM-LI-OCC00832,2024-10-05,08:19,MUM051,2560,3188,124.5,Critical
MUM-LI-OCC00832,2024-10-05,08:39,MUM056,2560,2488,97.2,High
MUM-LI-OCC00833,2024-10-05,20:42,MUM052,2100,2079,99.0,High
MUM-LI-OCC00833,2024-10-05,20:52,MUM058,2100,2370,112.9,Critical
MUM-LI-OCC00833,2024-10-05,20:12,MUM064,2100,1775,84.6,High
MUM-LI-OCC00834,2024-10-05,14:02,MUM064,2100,2152,102.5,High
MUM-LI-OCC00834,2024-10-05,14:09,MUM050,2100,1934,92.1,High
MUM-LI-OCC00834,2024-10-05,14:28,MUM058,2100,515,24.5,Low
MUM-LI-OCC00834,2024-10-05,14:25,MUM063,2100,345,16.4,Low
MUM-LI-OCC00834,2024-10-05,14:05,MUM045,2100,496,23.6,Low
MUM-LI-OCC00834,2024-10-05,14:30,MUM042,2100,907,43.2,Low
MUM-LI-OCC00835,2024-10-09,20:14,MUM042,2800,1797,64.2,Medium
MUM-LI-OCC00835,2024-10-09,20:52,MUM053,2800,2230,79.7,Medium
MUM-LI-OCC00835,2024-10-09,20:23,MUM055,2800,3151,112.5,Critical
MUM-LI-OCC00835,2024-10-09,20:56,MUM051,2800,1990,71.1,Medium
MUM-LI-OCC00835,2024-10-09,20:23,MUM045,2800,2364,84.4,High
MUM-LI-OCC00835,2024-10-09,20:29,MUM043,2800,877,31.3,Low
MUM-LI-OCC00836,2024-10-09,12:30,MUM060,1920,418,21.8,Low
MUM-LI-OCC00836,2024-10-09,12:11,MUM065,1920,755,39.3,Low
MUM-LI-OCC00836,2024-10-09,12:25,MUM066,1920,947,49.3,Medium
MUM-LI-OCC00836,2024-10-09,12:53,MUM064,1920,1887,98.3,High
MUM-LI-OCC00836,2024-10-09,12:20,MUM045,1920,549,28.6,Low
MUM-LI-OCC00836,2024-10-09,12:39,MUM051,1920,694,36.2,Low
MUM-LI-OCC00837,2024-10-09,14:58,MUM064,2280,2197,96.4,High
MUM-LI-OCC00837,2024-10-09,14:31,MUM047,2280,936,41.1,Low
MUM-LI-OCC00837,2024-10-09,14:52,MUM044,2280,1162,51.0,Medium
MUM-LI-OCC00837,2024-10-09,14:05,MUM059,2280,404,17.7,Low
MUM-LI-OCC00837,2024-10-09,14:43,MUM008,2280,1016,44.6,Low
MUM-LI-OCC00837,2024-10-09,14:56,MUM045,2280,461,20.2,Low
MUM-LI-OCC00838,2024-10-13,09:33,MUM057,2100,1280,61.0,Medium
MUM-LI-OCC00838,2024-10-13,09:58,MUM047,2100,1977,94.2,High
MUM-LI-OCC00838,2024-10-13,09:04,MUM056,2100,1868,89.0,High
MUM-LI-OCC00838,2024-10-13,09:16,MUM062,2100,2423,115.4,Critical
MUM-LI-OCC00839,2024-10-13,19:42,MUM058,2560,2323,90.8,High
MUM-LI-OCC00839,2024-10-13,19:55,MUM055,2560,3532,138.0,Critical
MUM-LI-OCC00839,2024-10-13,19:11,MUM052,2560,3356,131.1,Critical
MUM-LI-OCC00840,2024-10-13,08:01,MUM060,2800,2399,85.7,High
MUM-LI-OCC00840,2024-10-13,08:23,MUM052,2800,2281,81.5,High
MUM-LI-OCC00840,2024-10-13,08:44,MUM045,2800,2821,100.8,High
MUM-LI-OCC00840,2024-10-13,08:28,MUM061,2800,2950,105.4,Critical
MUM-LI-OCC00841,2024-10-17,09:43,MUM054,2280,1865,81.8,High
MUM-LI-OCC00841,2024-10-17,09:03,MUM062,2280,1909,83.7,High
MUM-LI-OCC00841,2024-10-17,09:28,MUM051,2280,1435,63.0,Medium
MUM-LI-OCC00841,2024-10-17,09:16,MUM053,2280,1780,78.1,Medium
MUM-LI-OCC00841,2024-10-17,09:48,MUM050,2280,2593,113.7,Critical
MUM-LI-OCC00841,2024-10-17,09:43,MUM060,2280,2717,119.2,Critical
MUM-LI-OCC00842,2024-10-17,20:00,MUM047,2800,2486,88.8,High
MUM-LI-OCC00842,2024-10-17,20:21,MUM045,2800,2727,97.4,High
MUM-LI-OCC00842,2024-10-17,20:41,MUM065,2800,1433,51.2,Medium
MUM-LI-OCC00842,2024-10-17,20:53,MUM057,2800,1403,50.1,Medium
MUM-LI-OCC00843,2024-10-17,06:09,MUM058,3040,1207,39.7,Low
MUM-LI-OCC00843,2024-10-17,06:49,MUM044,3040,1074,35.3,Low
MUM-LI-OCC00843,2024-10-17,06:25,MUM062,3040,2484,81.7,High
MUM-LI-OCC00843,2024-10-17,06:05,MUM043,3040,1059,34.8,Low
MUM-LI-OCC00843,2024-10-17,06:05,MUM066,3040,709,23.3,Low
MUM-LI-OCC00843,2024-10-17,06:23,MUM063,3040,1118,36.8,Low
MUM-LI-OCC00844,2024-10-21,10:55,MUM053,3040,1687,55.5,Medium
MUM-LI-OCC00844,2024-10-21,10:06,MUM047,3040,3723,122.5,Critical
MUM-LI-OCC00844,2024-10-21,10:40,MUM008,3040,3462,113.9,Critical
MUM-LI-OCC00844,2024-10-21,10:12,MUM066,3040,2231,73.4,Medium
MUM-LI-OCC00845,2024-10-21,18:28,MUM045,2560,2565,100.2,High
MUM-LI-OCC00845,2024-10-21,18:07,MUM052,2560,2926,114.3,Critical
MUM-LI-OCC00845,2024-10-21,18:40,MUM064,2560,3300,128.9,Critical
MUM-LI-OCC00845,2024-10-21,18:41,MUM066,2560,2486,97.1,High
MUM-LI-OCC00845,2024-10-21,18:28,MUM063,2560,2374,92.7,High
MUM-LI-OCC00846,2024-10-21,19:39,MUM053,2800,3685,131.6,Critical
MUM-LI-OCC00846,2024-10-21,19:24,MUM067,2800,3764,134.4,Critical
MUM-LI-OCC00846,2024-10-21,19:25,MUM054,2800,3857,137.8,Critical
MUM-LI-OCC00846,2024-10-21,19:38,MUM065,2800,2003,71.6,Medium
MUM-LI-OCC00846,2024-10-21,19:50,MUM044,2800,1022,36.5,Low
MUM-LI-OCC00847,2024-10-25,10:03,MUM062,2280,1435,62.9,Medium
MUM-LI-OCC00847,2024-10-25,10:19,MUM051,2280,1163,51.0,Medium
MUM-LI-OCC00847,2024-10-25,10:33,MUM064,2280,2158,94.7,High
MUM-LI-OCC00848,2024-10-25,09:17,MUM066,2280,2688,117.9,Critical
MUM-LI-OCC00848,2024-10-25,09:58,MUM063,2280,2764,121.3,Critical
MUM-LI-OCC00848,2024-10-25,09:38,MUM045,2280,2213,97.1,High
MUM-LI-OCC00849,2024-10-25,17:36,MUM065,2100,1349,64.3,Medium
MUM-LI-OCC00849,2024-10-25,17:44,MUM063,2100,1724,82.1,High
MUM-LI-OCC00849,2024-10-25,17:26,MUM057,2100,1229,58.5,Medium
MUM-LI-OCC00849,2024-10-25,17:07,MUM008,2100,1537,73.2,Medium
MUM-LI-OCC00849,2024-10-25,17:04,MUM045,2100,1072,51.1,Medium
MUM-LI-OCC00850,2024-10-29,18:36,MUM049,1920,1927,100.4,High
MUM-LI-OCC00850,2024-10-29,18:31,MUM051,1920,2262,117.8,Critical
MUM-LI-OCC00850,2024-10-29,18:40,MUM044,1920,998,52.0,Medium
MUM-LI-OCC00850,2024-10-29,18:25,MUM063,1920,1514,78.9,Medium
MUM-LI-OCC00850,2024-10-29,18:57,MUM053,1920,1392,72.5,Medium
MUM-LI-OCC00851,2024-10-29,12:17,MUM063,2560,520,20.3,Low
MUM-LI-OCC00851,2024-10-29,12:30,MUM054,2560,1239,48.4,Medium
MUM-LI-OCC00851,2024-10-29,12:11,MUM056,2560,1408,55.0,Medium
MUM-LI-OCC00851,2024-10-29,12:34,MUM047,2560,1291,50.5,Medium
MUM-LI-OCC00851,2024-10-29,12:48,MUM008,2560,1393,54.4,Medium
MUM-LI-OCC00851,2024-10-29,12:04,MUM046,2560,540,21.1,Low
MUM-LI-OCC00852,2024-10-29,09:44,MUM067,1920,2414,125.8,Critical
MUM-LI-OCC00852,2024-10-29,09:41,MUM061,1920,2302,119.9,Critical
MUM-LI-OCC00852,2024-10-29,09:39,MUM043,1920,1620,84.4,High
MUM-LI-OCC00852,2024-10-29,09:08,MUM058,1920,1488,77.5,Medium
MUM-LI-OCC00852,2024-10-29,09:22,MUM059,1920,2291,119.3,Critical
MUM-LI-OCC00852,2024-10-29,09:05,MUM063,1920,2142,111.6,Critical
MUM-LI-OCC00853,2024-11-02,20:55,MUM048,2800,2162,77.2,Medium
MUM-LI-OCC00853,2024-11-02,20:30,MUM045,2800,2237,79.9,Medium
MUM-LI-OCC00853,2024-11-02,20:14,MUM058,2800,2289,81.8,High
MUM-LI-OCC00853,2024-11-02,20:41,MUM050,2800,2624,93.7,High
MUM-LI-OCC00854,2024-11-02,12:30,MUM067,2560,1436,56.1,Medium
MUM-LI-OCC00854,2024-11-02,12:30,MUM042,2560,1013,39.6,Low
MUM-LI-OCC00854,2024-11-02,12:08,MUM064,2560,2294,89.6,High
MUM-LI-OCC00855,2024-11-02,08:00,MUM063,1920,1731,90.2,High
MUM-LI-OCC00855,2024-11-02,08:50,MUM055,1920,2116,110.2,Critical
MUM-LI-OCC00855,2024-11-02,08:16,MUM051,1920,2088,108.8,Critical
MUM-LI-OCC00856,2024-11-06,05:14,MUM063,2100,173,8.3,Low
MUM-LI-OCC00856,2024-11-06,05:40,MUM008,2100,279,13.3,Low
MUM-LI-OCC00856,2024-11-06,05:58,MUM057,2100,561,26.7,Low
MUM-LI-OCC00857,2024-11-06,22:26,MUM054,2560,793,31.0,Low
MUM-LI-OCC00857,2024-11-06,22:14,MUM055,2560,745,29.1,Low
MUM-LI-OCC00857,2024-11-06,22:52,MUM043,2560,259,10.1,Low
MUM-LI-OCC00857,2024-11-06,22:50,MUM051,2560,442,17.3,Low
MUM-LI-OCC00858,2024-11-06,09:51,MUM056,1920,1794,93.5,High
MUM-LI-OCC00858,2024-11-06,09:46,MUM057,1920,1142,59.5,Medium
MUM-LI-OCC00858,2024-11-06,09:17,MUM052,1920,2688,140,Critical
MUM-LI-OCC00859,2024-11-10,19:13,MUM059,2560,2316,90.5,High
MUM-LI-OCC00859,2024-11-10,19:24,MUM055,2560,2575,100.6,High
MUM-LI-OCC00859,2024-11-10,19:16,MUM053,2560,3584,140,Critical
MUM-LI-OCC00859,2024-11-10,19:28,MUM044,2560,1242,48.5,Medium
MUM-LI-OCC00859,2024-11-10,19:45,MUM045,2560,2937,114.8,Critical
MUM-LI-OCC00860,2024-11-10,21:06,MUM044,2560,588,23.0,Low
MUM-LI-OCC00860,2024-11-10,21:02,MUM061,2560,1249,48.8,Medium
MUM-LI-OCC00860,2024-11-10,21:24,MUM049,2560,1314,51.4,Medium
MUM-LI-OCC00860,2024-11-10,21:25,MUM050,2560,2068,80.8,High
MUM-LI-OCC00860,2024-11-10,21:48,MUM047,2560,1353,52.9,Medium
MUM-LI-OCC00860,2024-11-10,21:29,MUM053,2560,1156,45.2,Medium
MUM-LI-OCC00861,2024-11-10,17:59,MUM047,3040,1887,62.1,Medium
MUM-LI-OCC00861,2024-11-10,17:51,MUM060,3040,2268,74.6,Medium
MUM-LI-OCC00861,2024-11-10,17:53,MUM054,3040,1863,61.3,Medium
MUM-LI-OCC00861,2024-11-10,17:11,MUM048,3040,2071,68.2,Medium
MUM-LI-OCC00861,2024-11-10,17:48,MUM058,3040,2294,75.5,Medium
MUM-LI-OCC00861,2024-11-10,17:30,MUM057,3040,1739,57.2,Medium
MUM-LI-OCC00862,2024-11-14,09:00,MUM053,2280,2370,104.0,High
MUM-LI-OCC00862,2024-11-14,09:21,MUM055,2280,2579,113.1,Critical
MUM-LI-OCC00862,2024-11-14,09:01,MUM044,2280,1898,83.3,High
MUM-LI-OCC00863,2024-11-14,09:44,MUM049,2800,3740,133.6,Critical
MUM-LI-OCC00863,2024-11-14,09:34,MUM050,2800,3384,120.9,Critical
MUM-LI-OCC00863,2024-11-14,09:17,MUM058,2800,2794,99.8,High
MUM-LI-OCC00864,2024-11-14,16:27,MUM049,3040,1224,40.3,Low
MUM-LI-OCC00864,2024-11-14,16:31,MUM064,3040,3588,118.0,Critical
MUM-LI-OCC00864,2024-11-14,16:49,MUM053,3040,1716,56.5,Medium
MUM-LI-OCC00864,2024-11-14,16:08,MUM066,3040,1301,42.8,Low
MUM-LI-OCC00864,2024-11-14,16:47,MUM065,3040,2150,70.7,Medium
MUM-LI-OCC00865,2024-11-18,08:05,MUM044,1920,1726,89.9,High
MUM-LI-OCC00865,2024-11-18,08:11,MUM065,1920,2460,128.2,Critical
MUM-LI-OCC00865,2024-11-18,08:21,MUM062,1920,2341,121.9,Critical
MUM-LI-OCC00865,2024-11-18,08:56,MUM061,1920,2164,112.8,Critical
MUM-LI-OCC00866,2024-11-18,13:35,MUM050,2560,1653,64.6,Medium
MUM-LI-OCC00866,2024-11-18,13:24,MUM053,2560,675,26.4,Low
MUM-LI-OCC00866,2024-11-18,13:43,MUM063,2560,451,17.6,Low
MUM-LI-OCC00866,2024-11-18,13:49,MUM008,2560,971,37.9,Low
MUM-LI-OCC00866,2024-11-18,13:41,MUM065,2560,1158,45.3,Medium
MUM-LI-OCC00867,2024-11-18,09:27,MUM052,2100,1902,90.6,High
MUM-LI-OCC00867,2024-11-18,09:43,MUM064,2100,1798,85.6,High
MUM-LI-OCC00867,2024-11-18,09:22,MUM061,2100,2336,111.3,Critical
MUM-LI-OCC00867,2024-11-18,09:57,MUM046,2100,1649,78.6,Medium
MUM-LI-OCC00867,2024-11-18,09:32,MUM065,2100,1793,85.4,High
MUM-LI-OCC00868,2024-11-22,19:08,MUM048,3040,3759,123.7,Critical
MUM-LI-OCC00868,2024-11-22,19:53,MUM045,3040,4203,138.3,Critical
MUM-LI-OCC00868,2024-11-22,19:58,MUM052,3040,2467,81.2,High
MUM-LI-OCC00868,2024-11-22,19:14,MUM042,3040,2570,84.5,High
MUM-LI-OCC00868,2024-11-22,19:24,MUM064,3040,4153,136.6,Critical
MUM-LI-OCC00868,2024-11-22,19:20,MUM044,3040,1534,50.5,Medium
MUM-LI-OCC00869,2024-11-22,19:52,MUM051,2280,1661,72.9,Medium
MUM-LI-OCC00869,2024-11-22,19:34,MUM052,2280,2176,95.5,High
MUM-LI-OCC00869,2024-11-22,19:54,MUM044,2280,1029,45.2,Medium
MUM-LI-OCC00869,2024-11-22,19:01,MUM061,2280,2714,119.0,Critical
MUM-LI-OCC00869,2024-11-22,19:54,MUM047,2280,2958,129.8,Critical
MUM-LI-OCC00870,2024-11-22,13:11,MUM054,1920,643,33.5,Low
MUM-LI-OCC00870,2024-11-22,13:32,MUM063,1920,452,23.6,Low
MUM-LI-OCC00870,2024-11-22,13:59,MUM047,1920,642,33.5,Low
MUM-LI-OCC00870,2024-11-22,13:01,MUM052,1920,1017,53.0,Medium
MUM-LI-OCC00870,2024-11-22,13:20,MUM053,1920,479,25.0,Low
MUM-LI-OCC00871,2024-11-26,10:26,MUM059,3040,1224,40.3,Low
MUM-LI-OCC00871,2024-11-26,10:08,MUM008,3040,2468,81.2,High
MUM-LI-OCC00871,2024-11-26,10:11,MUM056,3040,2236,73.6,Medium
MUM-LI-OCC00871,2024-11-26,10:28,MUM065,3040,1660,54.6,Medium
MUM-LI-OCC00871,2024-11-26,10:37,MUM053,3040,1595,52.5,Medium
MUM-LI-OCC00871,2024-11-26,10:59,MUM067,3040,3208,105.6,Critical
MUM-LI-OCC00872,2024-11-26,18:24,MUM052,2280,2856,125.3,Critical
MUM-LI-OCC00872,2024-11-26,18:07,MUM047,2280,2186,95.9,High
MUM-LI-OCC00872,2024-11-26,18:55,MUM057,2280,2392,104.9,High
MUM-LI-OCC00872,2024-11-26,18:42,MUM063,2280,2572,112.8,Critical
MUM-LI-OCC00873,2024-11-26,10:06,MUM057,2280,736,32.3,Low
MUM-LI-OCC00873,2024-11-26,10:53,MUM044,2280,1141,50.0,Medium
MUM-LI-OCC00873,2024-11-26,10:32,MUM060,2280,1478,64.8,Medium
MUM-LI-OCC00874,2024-11-30,10:18,MUM044,2100,719,34.3,Low
MUM-LI-OCC00874,2024-11-30,10:37,MUM050,2100,1566,74.6,Medium
MUM-LI-OCC00874,2024-11-30,10:07,MUM064,2100,1824,86.9,High
MUM-LI-OCC00875,2024-11-30,21:00,MUM044,2100,529,25.2,Low
MUM-LI-OCC00875,2024-11-30,21:27,MUM058,2100,1500,71.4,Medium
MUM-LI-OCC00875,2024-11-30,21:37,MUM060,2100,928,44.2,Low
MUM-LI-OCC00875,2024-11-30,21:12,MUM047,2100,1424,67.9,Medium
MUM-LI-OCC00876,2024-11-30,06:49,MUM067,1920,485,25.3,Low
MUM-LI-OCC00876,2024-11-30,06:40,MUM057,1920,1131,58.9,Medium
MUM-LI-OCC00876,2024-11-30,06:15,MUM050,1920,1635,85.2,High
MUM-LI-OCC00877,2024-12-04,09:06,MUM060,3040,2877,94.7,High
MUM-LI-OCC00877,2024-12-04,09:51,MUM065,3040,1854,61.0,Medium
MUM-LI-OCC00877,2024-12-04,09:51,MUM052,3040,2565,84.4,High
MUM-LI-OCC00877,2024-12-04,09:39,MUM049,3040,4256,140,Critical
MUM-LI-OCC00877,2024-12-04,09:17,MUM050,3040,4256,140,Critical
MUM-LI-OCC00877,2024-12-04,09:06,MUM063,3040,3895,128.1,Critical
MUM-LI-OCC00878,2024-12-04,08:04,MUM049,2560,2764,108.0,Critical
MUM-LI-OCC00878,2024-12-04,08:18,MUM067,2560,2674,104.5,High
MUM-LI-OCC00878,2024-12-04,08:56,MUM060,2560,3070,119.9,Critical
MUM-LI-OCC00878,2024-12-04,08:24,MUM056,2560,2731,106.7,Critical
MUM-LI-OCC00878,2024-12-04,08:49,MUM048,2560,2349,91.8,High
MUM-LI-OCC00878,2024-12-04,08:53,MUM061,2560,1824,71.3,Medium
MUM-LI-OCC00879,2024-12-04,08:25,MUM048,2100,1811,86.3,High
MUM-LI-OCC00879,2024-12-04,08:52,MUM063,2100,1795,85.5,High
MUM-LI-OCC00879,2024-12-04,08:17,MUM049,2100,1872,89.2,High
MUM-LI-OCC00879,2024-12-04,08:11,MUM059,2100,1713,81.6,High
MUM-LI-OCC00879,2024-12-04,08:50,MUM052,2100,2161,102.9,High
MUM-LI-OCC00879,2024-12-04,08:40,MUM055,2100,2135,101.7,High
MUM-LI-OCC00880,2024-12-08,10:24,MUM064,2560,2165,84.6,High
MUM-LI-OCC00880,2024-12-08,10:18,MUM044,2560,910,35.6,Low
MUM-LI-OCC00880,2024-12-08,10:14,MUM055,2560,1174,45.9,Medium
MUM-LI-OCC00880,2024-12-08,10:44,MUM045,2560,1610,62.9,Medium
MUM-LI-OCC00881,2024-12-08,09:39,MUM066,2800,2681,95.8,High
MUM-LI-OCC00881,2024-12-08,09:15,MUM061,2800,3533,126.2,Critical
MUM-LI-OCC00881,2024-12-08,09:58,MUM048,2800,3880,138.6,Critical
MUM-LI-OCC00882,2024-12-08,20:31,MUM052,2800,2582,92.2,High
MUM-LI-OCC00882,2024-12-08,20:54,MUM063,2800,2392,85.4,High
MUM-LI-OCC00882,2024-12-08,20:01,MUM048,2800,1913,68.4,Medium
MUM-LI-OCC00882,2024-12-08,20:55,MUM051,2800,1894,67.7,Medium
MUM-LI-OCC00882,2024-12-08,20:47,MUM046,2800,1944,69.4,Medium
MUM-LI-OCC00883,2024-12-12,10:41,MUM049,2280,2409,105.7,Critical
MUM-LI-OCC00883,2024-12-12,10:11,MUM048,2280,1554,68.2,Medium
MUM-LI-OCC00883,2024-12-12,10:35,MUM057,2280,1029,45.1,Medium
MUM-LI-OCC00883,2024-12-12,10:35,MUM067,2280,1676,73.5,Medium
MUM-LI-OCC00883,2024-12-12,10:54,MUM050,2280,1638,71.8,Medium
MUM-LI-OCC00884,2024-12-12,23:14,MUM063,2100,275,13.1,Low
MUM-LI-OCC00884,2024-12-12,23:22,MUM052,2100,347,16.6,Low
MUM-LI-OCC00884,2024-12-12,23:59,MUM064,2100,1228,58.5,Medium
MUM-LI-OCC00884,2024-12-12,23:29,MUM050,2100,860,41.0,Low
MUM-LI-OCC00884,2024-12-12,23:11,MUM045,2100,219,10.4,Low
MUM-LI-OCC00884,2024-12-12,23:59,MUM048,2100,462,22.0,Low
MUM-LI-OCC00885,2024-12-12,20:17,MUM058,1920,1725,89.9,High
MUM-LI-OCC00885,2024-12-12,20:04,MUM053,1920,1923,100.2,High
MUM-LI-OCC00885,2024-12-12,20:42,MUM046,1920,1258,65.5,Medium
MUM-LI-OCC00885,2024-12-12,20:24,MUM049,1920,1257,65.5,Medium
MUM-LI-OCC00886,2024-12-16,19:47,MUM051,2800,3090,110.4,Critical
MUM-LI-OCC00886,2024-12-16,19:59,MUM050,2800,2306,82.4,High
MUM-LI-OCC00886,2024-12-16,19:13,MUM044,2800,1284,45.9,Medium
MUM-LI-OCC00886,2024-12-16,19:01,MUM008,2800,3220,115.0,Critical
MUM-LI-OCC00886,2024-12-16,19:42,MUM061,2800,2638,94.2,High
MUM-LI-OCC00886,2024-12-16,19:48,MUM057,2800,1905,68.1,Medium
MUM-LI-OCC00887,2024-12-16,20:01,MUM050,1920,1694,88.2,High
MUM-LI-OCC00887,2024-12-16,20:42,MUM061,1920,1585,82.6,High
MUM-LI-OCC00887,2024-12-16,20:14,MUM054,1920,1645,85.7,High
MUM-LI-OCC00888,2024-12-16,23:11,MUM059,3040,337,11.1,Low
MUM-LI-OCC00888,2024-12-16,23:37,MUM054,3040,849,27.9,Low
MUM-LI-OCC00888,2024-12-16,23:23,MUM053,3040,416,13.7,Low
MUM-LI-OCC00889,2024-12-20,15:51,MUM062,2560,2491,97.3,High
MUM-LI-OCC00889,2024-12-20,15:16,MUM042,2560,1143,44.7,Low
MUM-LI-OCC00889,2024-12-20,15:55,MUM065,2560,914,35.7,Low
MUM-LI-OCC00889,2024-12-20,15:23,MUM067,2560,1288,50.3,Medium
MUM-LI-OCC00890,2024-12-20,19:08,MUM054,3040,4157,136.8,Critical
MUM-LI-OCC00890,2024-12-20,19:37,MUM047,3040,3995,131.4,Critical
MUM-LI-OCC00890,2024-12-20,19:05,MUM050,3040,4113,135.3,Critical
MUM-LI-OCC00890,2024-12-20,19:06,MUM044,3040,1619,53.3,Medium
MUM-LI-OCC00890,2024-12-20,19:52,MUM061,3040,3474,114.3,Critical
MUM-LI-OCC00890,2024-12-20,19:29,MUM060,3040,4067,133.8,Critical
MUM-LI-OCC00891,2024-12-20,18:45,MUM063,2280,2803,123.0,Critical
MUM-LI-OCC00891,2024-12-20,18:17,MUM008,2280,2034,89.3,High
MUM-LI-OCC00891,2024-12-20,18:43,MUM065,2280,2817,123.6,Critical
MUM-LI-OCC00891,2024-12-20,18:08,MUM053,2280,1818,79.8,Medium
MUM-LI-OCC00891,2024-12-20,18:23,MUM067,2280,2594,113.8,Critical
MUM-LI-OCC00892,2024-12-24,19:30,MUM065,2280,2059,90.3,High
MUM-LI-OCC00892,2024-12-24,19:30,MUM054,2280,2817,123.6,Critical
MUM-LI-OCC00892,2024-12-24,19:59,MUM045,2280,2230,97.8,High
MUM-LI-OCC00892,2024-12-24,19:06,MUM044,2280,1177,51.6,Medium
MUM-LI-OCC00893,2024-12-24,12:49,MUM061,3040,1310,43.1,Low
MUM-LI-OCC00893,2024-12-24,12:59,MUM043,3040,922,30.3,Low
MUM-LI-OCC00893,2024-12-24,12:14,MUM047,3040,1012,33.3,Low
MUM-LI-OCC00893,2024-12-24,12:30,MUM067,3040,1378,45.3,Medium
MUM-LI-OCC00893,2024-12-24,12:49,MUM008,3040,1163,38.3,Low
MUM-LI-OCC00893,2024-12-24,12:29,MUM050,3040,2506,82.4,High
MUM-LI-OCC00894,2024-12-24,20:32,MUM053,1920,1547,80.6,High
MUM-LI-OCC00894,2024-12-24,20:06,MUM051,1920,1307,68.1,Medium
MUM-LI-OCC00894,2024-12-24,20:28,MUM059,1920,1383,72.1,Medium
MUM-LI-OCC00894,2024-12-24,20:32,MUM067,1920,1384,72.1,Medium
MUM-LI-OCC00894,2024-12-24,20:22,MUM062,1920,2228,116.1,Critical
MUM-LI-OCC00895,2024-12-28,13:43,MUM008,2560,1013,39.6,Low
MUM-LI-OCC00895,2024-12-28,13:44,MUM045,2560,456,17.8,Low
MUM-LI-OCC00895,2024-12-28,13:00,MUM059,2560,603,23.6,Low
MUM-LI-OCC00895,2024-12-28,13:18,MUM066,2560,924,36.1,Low
MUM-LI-OCC00896,2024-12-28,19:44,MUM059,3040,4183,137.6,Critical
MUM-LI-OCC00896,2024-12-28,19:26,MUM048,3040,2639,86.8,High
MUM-LI-OCC00896,2024-12-28,19:59,MUM044,3040,1283,42.2,Low
MUM-LI-OCC00897,2024-12-28,05:45,MUM048,2800,315,11.3,Low
MUM-LI-OCC00897,2024-12-28,05:01,MUM043,2800,289,10.3,Low
MUM-LI-OCC00897,2024-12-28,05:34,MUM061,2800,315,11.3,Low
MUM-LI-OCC00897,2024-12-28,05:49,MUM046,2800,402,14.4,Low
MUM-LI-OCC00897,2024-12-28,05:34,MUM050,2800,1198,42.8,Low
PUN-PU-OCC00898,2024-10-01,05:27,PUN012,840,76,9.1,Low
PUN-PU-OCC00898,2024-10-01,05:14,PUN008,840,71,8.5,Low
PUN-PU-OCC00898,2024-10-01,05:06,PUN013,840,75,9.0,Low
PUN-PU-OCC00899,2024-10-01,18:37,PUN012,840,605,72.1,Medium
PUN-PU-OCC00899,2024-10-01,18:13,PUN001,840,638,76.0,Medium
PUN-PU-OCC00899,2024-10-01,18:49,PUN003,840,880,104.8,High
PUN-PU-OCC00899,2024-10-01,18:30,PUN005,840,827,98.5,High
PUN-PU-OCC00899,2024-10-01,18:23,PUN013,840,666,79.3,Medium
PUN-PU-OCC00900,2024-10-01,16:39,PUN009,840,459,54.7,Medium
PUN-PU-OCC00900,2024-10-01,16:58,PUN002,840,339,40.5,Low
PUN-PU-OCC00900,2024-10-01,16:28,PUN007,840,394,47.0,Medium
PUN-PU-OCC00901,2024-10-05,09:14,PUN010,900,993,110.4,Critical
PUN-PU-OCC00901,2024-10-05,09:11,PUN001,900,767,85.3,High
PUN-PU-OCC00901,2024-10-05,09:13,PUN003,900,692,77.0,Medium
PUN-PU-OCC00901,2024-10-05,09:28,PUN008,900,862,95.8,High
PUN-PU-OCC00902,2024-10-05,09:47,PUN008,840,564,67.2,Medium
PUN-PU-OCC00902,2024-10-05,09:31,PUN005,840,1000,119.1,Critical
PUN-PU-OCC00902,2024-10-05,09:27,PUN007,840,718,85.6,High
PUN-PU-OCC00903,2024-10-05,05:24,PUN012,840,61,7.3,Low
PUN-PU-OCC00903,2024-10-05,05:55,PUN009,840,69,8.3,Low
PUN-PU-OCC00903,2024-10-05,05:45,PUN014,840,93,11.1,Low
PUN-PU-OCC00903,2024-10-05,05:00,PUN007,840,73,8.8,Low
PUN-PU-OCC00903,2024-10-05,05:00,PUN003,840,87,10.4,Low
PUN-PU-OCC00903,2024-10-05,05:46,PUN010,840,76,9.2,Low
PUN-PU-OCC00904,2024-10-09,18:03,PUN010,1200,1158,96.5,High
PUN-PU-OCC00904,2024-10-09,18:53,PUN009,1200,1200,100.1,High
PUN-PU-OCC00904,2024-10-09,18:20,PUN008,1200,793,66.1,Medium
PUN-PU-OCC00904,2024-10-09,18:47,PUN013,1200,1036,86.4,High
PUN-PU-OCC00904,2024-10-09,18:06,PUN011,1200,1325,110.5,Critical
PUN-PU-OCC00905,2024-10-09,18:04,PUN001,900,941,104.6,High
PUN-PU-OCC00905,2024-10-09,18:31,PUN005,900,960,106.8,Critical
PUN-PU-OCC00905,2024-10-09,18:41,PUN003,900,678,75.4,Medium
PUN-PU-OCC00905,2024-10-09,18:40,PUN010,900,800,88.9,High
PUN-PU-OCC00905,2024-10-09,18:54,PUN006,900,468,52.0,Medium
PUN-PU-OCC00905,2024-10-09,18:27,PUN004,900,576,64.1,Medium
PUN-PU-OCC00906,2024-10-09,20:12,PUN009,840,688,82.0,High
PUN-PU-OCC00906,2024-10-09,20:23,PUN001,840,586,69.8,Medium
PUN-PU-OCC00906,2024-10-09,20:59,PUN005,840,670,79.8,Medium
PUN-PU-OCC00906,2024-10-09,20:44,PUN006,840,191,22.8,Low
PUN-PU-OCC00907,2024-10-13,21:45,PUN004,900,524,58.2,Medium
PUN-PU-OCC00907,2024-10-13,21:19,PUN011,900,358,39.8,Low
PUN-PU-OCC00907,2024-10-13,21:14,PUN003,900,388,43.2,Low
PUN-PU-OCC00907,2024-10-13,21:21,PUN009,900,389,43.3,Low
PUN-PU-OCC00907,2024-10-13,21:25,PUN007,900,404,44.9,Low
PUN-PU-OCC00907,2024-10-13,21:51,PUN002,900,513,57.1,Medium
PUN-PU-OCC00908,2024-10-13,11:12,PUN014,1200,295,24.7,Low
PUN-PU-OCC00908,2024-10-13,11:05,PUN002,1200,325,27.1,Low
PUN-PU-OCC00908,2024-10-13,11:39,PUN010,1200,259,21.6,Low
PUN-PU-OCC00908,2024-10-13,11:12,PUN013,1200,667,55.6,Medium
PUN-PU-OCC00909,2024-10-13,13:03,PUN003,840,337,40.1,Low
PUN-PU-OCC00909,2024-10-13,13:07,PUN009,840,328,39.1,Low
PUN-PU-OCC00909,2024-10-13,13:55,PUN013,840,288,34.3,Low
PUN-PU-OCC00909,2024-10-13,13:33,PUN001,840,242,28.9,Low
PUN-PU-OCC00909,2024-10-13,13:02,PUN006,840,292,34.8,Low
PUN-PU-OCC00910,2024-10-17,19:26,PUN004,1120,1149,102.7,High
PUN-PU-OCC00910,2024-10-17,19:55,PUN003,1120,1040,92.9,High
PUN-PU-OCC00910,2024-10-17,19:58,PUN005,1120,984,87.9,High
PUN-PU-OCC00910,2024-10-17,19:21,PUN007,1120,803,71.8,Medium
PUN-PU-OCC00911,2024-10-17,13:16,PUN001,900,363,40.4,Low
PUN-PU-OCC00911,2024-10-17,13:55,PUN011,900,199,22.2,Low
PUN-PU-OCC00911,2024-10-17,13:26,PUN007,900,315,35.1,Low
PUN-PU-OCC00911,2024-10-17,13:43,PUN013,900,327,36.4,Low
PUN-PU-OCC00911,2024-10-17,13:02,PUN008,900,149,16.6,Low
PUN-PU-OCC00911,2024-10-17,13:26,PUN009,900,435,48.4,Medium
PUN-PU-OCC00912,2024-10-17,05:03,PUN009,900,96,10.8,Low
PUN-PU-OCC00912,2024-10-17,05:22,PUN001,900,78,8.8,Low
PUN-PU-OCC00912,2024-10-17,05:33,PUN008,900,67,7.5,Low
PUN-PU-OCC00912,2024-10-17,05:00,PUN003,900,72,8.1,Low
PUN-PU-OCC00913,2024-10-21,09:25,PUN012,900,668,74.2,Medium
PUN-PU-OCC00913,2024-10-21,09:36,PUN010,900,714,79.4,Medium
PUN-PU-OCC00913,2024-10-21,09:10,PUN007,900,1031,114.6,Critical
PUN-PU-OCC00913,2024-10-21,09:49,PUN013,900,954,106.1,Critical
PUN-PU-OCC00914,2024-10-21,20:10,PUN013,900,554,61.6,Medium
PUN-PU-OCC00914,2024-10-21,20:34,PUN006,900,246,27.4,Low
PUN-PU-OCC00914,2024-10-21,20:51,PUN014,900,767,85.2,High
PUN-PU-OCC00914,2024-10-21,20:07,PUN008,900,657,73.0,Medium
PUN-PU-OCC00914,2024-10-21,20:45,PUN003,900,855,95.0,High
PUN-PU-OCC00914,2024-10-21,20:12,PUN001,900,528,58.7,Medium
PUN-PU-OCC00915,2024-10-21,10:07,PUN005,900,776,86.3,High
PUN-PU-OCC00915,2024-10-21,10:17,PUN006,900,373,41.5,Low
PUN-PU-OCC00915,2024-10-21,10:17,PUN013,900,695,77.2,Medium
PUN-PU-OCC00916,2024-10-25,22:53,PUN003,840,199,23.8,Low
PUN-PU-OCC00916,2024-10-25,22:19,PUN007,840,237,28.3,Low
PUN-PU-OCC00916,2024-10-25,22:47,PUN011,840,243,29.0,Low
PUN-PU-OCC00916,2024-10-25,22:19,PUN013,840,251,30.0,Low
PUN-PU-OCC00916,2024-10-25,22:07,PUN005,840,251,29.9,Low
PUN-PU-OCC00916,2024-10-25,22:10,PUN012,840,222,26.5,Low
PUN-PU-OCC00917,2024-10-25,08:02,PUN010,840,1022,121.7,Critical
PUN-PU-OCC00917,2024-10-25,08:11,PUN012,840,500,59.6,Medium
PUN-PU-OCC00917,2024-10-25,08:17,PUN004,840,1001,119.2,Critical
PUN-PU-OCC00917,2024-10-25,08:14,PUN005,840,598,71.2,Medium
PUN-PU-OCC00917,2024-10-25,08:48,PUN001,840,727,86.6,High
PUN-PU-OCC00918,2024-10-25,10:47,PUN005,840,648,77.2,Medium
PUN-PU-OCC00918,2024-10-25,10:58,PUN002,840,498,59.3,Medium
PUN-PU-OCC00918,2024-10-25,10:12,PUN013,840,744,88.7,High
PUN-PU-OCC00918,2024-10-25,10:46,PUN006,840,242,28.9,Low
PUN-PU-OCC00919,2024-10-29,15:40,PUN008,1120,385,34.4,Low
PUN-PU-OCC00919,2024-10-29,15:17,PUN005,1120,378,33.8,Low
PUN-PU-OCC00919,2024-10-29,15:52,PUN003,1120,540,48.2,Medium
PUN-PU-OCC00920,2024-10-29,09:06,PUN003,1200,1406,117.2,Critical
PUN-PU-OCC00920,2024-10-29,09:44,PUN010,1200,916,76.4,Medium
PUN-PU-OCC00920,2024-10-29,09:55,PUN009,1200,943,78.6,Medium
PUN-PU-OCC00921,2024-10-29,23:16,PUN004,900,95,10.7,Low
PUN-PU-OCC00921,2024-10-29,23:42,PUN010,900,80,8.9,Low
PUN-PU-OCC00921,2024-10-29,23:39,PUN011,900,93,10.4,Low
PUN-PU-OCC00921,2024-10-29,23:48,PUN012,900,186,20.7,Low
PUN-PU-OCC00921,2024-10-29,23:14,PUN002,900,64,7.2,Low
PUN-PU-OCC00922,2024-11-02,17:17,PUN012,840,482,57.4,Medium
PUN-PU-OCC00922,2024-11-02,17:01,PUN010,840,454,54.1,Medium
PUN-PU-OCC00922,2024-11-02,17:03,PUN008,840,521,62.1,Medium
PUN-PU-OCC00922,2024-11-02,17:01,PUN003,840,576,68.7,Medium
PUN-PU-OCC00922,2024-11-02,17:29,PUN006,840,511,60.9,Medium
PUN-PU-OCC00922,2024-11-02,17:31,PUN005,840,692,82.5,High
PUN-PU-OCC00923,2024-11-02,20:17,PUN002,1200,991,82.7,High
PUN-PU-OCC00923,2024-11-02,20:59,PUN013,1200,730,60.9,Medium
PUN-PU-OCC00923,2024-11-02,20:52,PUN003,1200,889,74.1,Medium
PUN-PU-OCC00923,2024-11-02,20:02,PUN001,1200,839,70.0,Medium
PUN-PU-OCC00923,2024-11-02,20:52,PUN006,1200,276,23.0,Low
PUN-PU-OCC00923,2024-11-02,20:28,PUN004,1200,783,65.3,Medium
PUN-PU-OCC00924,2024-11-02,08:06,PUN001,840,557,66.4,Medium
PUN-PU-OCC00924,2024-11-02,08:28,PUN006,840,942,112.2,Critical
PUN-PU-OCC00924,2024-11-02,08:17,PUN014,840,1037,123.6,Critical
PUN-PU-OCC00925,2024-11-06,11:40,PUN002,900,237,26.4,Low
PUN-PU-OCC00925,2024-11-06,11:41,PUN001,900,444,49.4,Medium
PUN-PU-OCC00925,2024-11-06,11:57,PUN008,900,247,27.5,Low
PUN-PU-OCC00925,2024-11-06,11:05,PUN010,900,280,31.2,Low
PUN-PU-OCC00926,2024-11-06,06:58,PUN013,900,170,18.9,Low
PUN-PU-OCC00926,2024-11-06,06:39,PUN010,900,249,27.7,Low
PUN-PU-OCC00926,2024-11-06,06:01,PUN007,900,129,14.4,Low
PUN-PU-OCC00926,2024-11-06,06:25,PUN004,900,310,34.5,Low
PUN-PU-OCC00926,2024-11-06,06:56,PUN005,900,133,14.8,Low
PUN-PU-OCC00927,2024-11-06,08:21,PUN011,900,765,85.0,High
PUN-PU-OCC00927,2024-11-06,08:15,PUN003,900,694,77.2,Medium
PUN-PU-OCC00927,2024-11-06,08:17,PUN007,900,732,81.4,High
PUN-PU-OCC00928,2024-11-10,09:14,PUN002,1200,1137,94.8,High
PUN-PU-OCC00928,2024-11-10,09:10,PUN008,1200,866,72.2,Medium
PUN-PU-OCC00928,2024-11-10,09:09,PUN010,1200,972,81.1,High
PUN-PU-OCC00928,2024-11-10,09:52,PUN009,1200,1445,120.5,Critical
PUN-PU-OCC00928,2024-11-10,09:33,PUN012,1200,1376,114.7,Critical
PUN-PU-OCC00929,2024-11-10,13:22,PUN011,840,197,23.5,Low
PUN-PU-OCC00929,2024-11-10,13:06,PUN010,840,162,19.4,Low
PUN-PU-OCC00929,2024-11-10,13:43,PUN014,840,208,24.9,Low
PUN-PU-OCC00929,2024-11-10,13:19,PUN005,840,245,29.2,Low
PUN-PU-OCC00930,2024-11-10,08:50,PUN011,840,1013,120.6,Critical
PUN-PU-OCC00930,2024-11-10,08:44,PUN005,840,663,79.0,Medium
PUN-PU-OCC00930,2024-11-10,08:17,PUN014,840,1031,122.9,Critical
PUN-PU-OCC00931,2024-11-14,19:42,PUN013,840,902,107.4,Critical
PUN-PU-OCC00931,2024-11-14,19:17,PUN012,840,968,115.2,Critical
PUN-PU-OCC00931,2024-11-14,19:59,PUN009,840,1002,119.4,Critical
PUN-PU-OCC00931,2024-11-14,19:27,PUN011,840,980,116.8,Critical
PUN-PU-OCC00931,2024-11-14,19:21,PUN003,840,1031,122.8,Critical
PUN-PU-OCC00932,2024-11-14,22:20,PUN005,1120,414,37.0,Low
PUN-PU-OCC00932,2024-11-14,22:31,PUN011,1120,241,21.5,Low
PUN-PU-OCC00932,2024-11-14,22:49,PUN007,1120,348,31.1,Low
PUN-PU-OCC00933,2024-11-14,21:35,PUN004,900,484,53.9,Medium
PUN-PU-OCC00933,2024-11-14,21:18,PUN013,900,357,39.7,Low
PUN-PU-OCC00933,2024-11-14,21:13,PUN007,900,393,43.7,Low
PUN-PU-OCC00934,2024-11-18,08:32,PUN011,840,914,108.9,Critical
PUN-PU-OCC00934,2024-11-18,08:36,PUN013,840,493,58.7,Medium
PUN-PU-OCC00934,2024-11-18,08:25,PUN014,840,785,93.5,High
PUN-PU-OCC00934,2024-11-18,08:31,PUN009,840,591,70.5,Medium
PUN-PU-OCC00934,2024-11-18,08:13,PUN002,840,923,110.0,Critical
PUN-PU-OCC00935,2024-11-18,09:48,PUN002,840,689,82.1,High
PUN-PU-OCC00935,2024-11-18,09:53,PUN007,840,1005,119.7,Critical
PUN-PU-OCC00935,2024-11-18,09:37,PUN005,840,907,108.0,Critical
PUN-PU-OCC00935,2024-11-18,09:48,PUN010,840,647,77.1,Medium
PUN-PU-OCC00936,2024-11-18,11:50,PUN006,900,203,22.6,Low
PUN-PU-OCC00936,2024-11-18,11:17,PUN005,900,449,49.9,Medium
PUN-PU-OCC00936,2024-11-18,11:15,PUN003,900,458,50.9,Medium
PUN-PU-OCC00936,2024-11-18,11:52,PUN002,900,206,23.0,Low
PUN-PU-OCC00936,2024-11-18,11:18,PUN009,900,353,39.3,Low
PUN-PU-OCC00936,2024-11-18,11:33,PUN004,900,250,27.8,Low
PUN-PU-OCC00937,2024-11-22,16:10,PUN002,1120,522,46.7,Medium
PUN-PU-OCC00937,2024-11-22,16:19,PUN004,1120,529,47.3,Medium
PUN-PU-OCC00937,2024-11-22,16:55,PUN009,1120,450,40.2,Low
PUN-PU-OCC00938,2024-11-22,19:30,PUN002,840,949,113.0,Critical
PUN-PU-OCC00938,2024-11-22,19:06,PUN010,840,936,111.4,Critical
PUN-PU-OCC00938,2024-11-22,19:36,PUN001,840,927,110.4,Critical
PUN-PU-OCC00939,2024-11-22,20:55,PUN004,900,639,71.1,Medium
PUN-PU-OCC00939,2024-11-22,20:40,PUN001,900,639,71.1,Medium
PUN-PU-OCC00939,2024-11-22,20:46,PUN014,900,881,97.9,High
PUN-PU-OCC00939,2024-11-22,20:27,PUN011,900,519,57.7,Medium
PUN-PU-OCC00940,2024-11-26,20:29,PUN005,900,607,67.5,Medium
PUN-PU-OCC00940,2024-11-26,20:39,PUN003,900,818,91.0,High
PUN-PU-OCC00940,2024-11-26,20:27,PUN002,900,702,78.1,Medium
PUN-PU-OCC00941,2024-11-26,08:33,PUN003,840,594,70.8,Medium
PUN-PU-OCC00941,2024-11-26,08:54,PUN004,840,873,104.0,High
PUN-PU-OCC00941,2024-11-26,08:15,PUN009,840,568,67.7,Medium
PUN-PU-OCC00941,2024-11-26,08:45,PUN006,840,592,70.6,Medium
PUN-PU-OCC00941,2024-11-26,08:23,PUN013,840,775,92.3,High
PUN-PU-OCC00941,2024-11-26,08:05,PUN010,840,714,85.1,High
PUN-PU-OCC00942,2024-11-26,15:50,PUN005,900,356,39.6,Low
PUN-PU-OCC00942,2024-11-26,15:20,PUN008,900,198,22.1,Low
PUN-PU-OCC00942,2024-11-26,15:43,PUN013,900,411,45.7,Medium
PUN-PU-OCC00943,2024-11-30,16:29,PUN001,1200,632,52.7,Medium
PUN-PU-OCC00943,2024-11-30,16:48,PUN003,1200,715,59.6,Medium
PUN-PU-OCC00943,2024-11-30,16:50,PUN014,1200,467,38.9,Low
PUN-PU-OCC00943,2024-11-30,16:21,PUN006,1200,1145,95.5,High
PUN-PU-OCC00943,2024-11-30,16:52,PUN009,1200,444,37.1,Low
PUN-PU-OCC00944,2024-11-30,18:59,PUN009,900,834,92.7,High
PUN-PU-OCC00944,2024-11-30,18:21,PUN006,900,475,52.9,Medium
PUN-PU-OCC00944,2024-11-30,18:06,PUN012,900,825,91.8,High
PUN-PU-OCC00944,2024-11-30,18:00,PUN001,900,728,80.9,High
PUN-PU-OCC00945,2024-11-30,09:56,PUN012,900,777,86.4,High
PUN-PU-OCC00945,2024-11-30,09:39,PUN001,900,937,104.2,High
PUN-PU-OCC00945,2024-11-30,09:28,PUN007,900,1085,120.6,Critical
PUN-PU-OCC00945,2024-11-30,09:44,PUN008,900,910,101.2,High
PUN-PU-OCC00945,2024-11-30,09:53,PUN010,900,592,65.8,Medium
PUN-PU-OCC00945,2024-11-30,09:29,PUN014,900,754,83.8,High
PUN-PU-OCC00946,2024-12-04,20:10,PUN004,900,539,60.0,Medium
PUN-PU-OCC00946,2024-12-04,20:39,PUN007,900,721,80.2,High
PUN-PU-OCC00946,2024-12-04,20:51,PUN005,900,872,96.9,High
PUN-PU-OCC00946,2024-12-04,20:12,PUN009,900,877,97.5,High
PUN-PU-OCC00946,2024-12-04,20:22,PUN011,900,608,67.6,Medium
PUN-PU-OCC00947,2024-12-04,10:45,PUN001,840,502,59.8,Medium
PUN-PU-OCC00947,2024-12-04,10:15,PUN011,840,515,61.4,Medium
PUN-PU-OCC00947,2024-12-04,10:07,PUN005,840,532,63.4,Medium
PUN-PU-OCC00948,2024-12-04,09:38,PUN003,900,827,92.0,High
PUN-PU-OCC00948,2024-12-04,09:38,PUN009,900,1065,118.4,Critical
PUN-PU-OCC00948,2024-12-04,09:55,PUN010,900,751,83.5,High
PUN-PU-OCC00948,2024-12-04,09:25,PUN008,900,974,108.3,Critical
PUN-PU-OCC00948,2024-12-04,09:19,PUN011,900,815,90.7,High
PUN-PU-OCC00948,2024-12-04,09:51,PUN012,900,909,101.1,High
PUN-PU-OCC00949,2024-12-08,08:25,PUN011,1120,1255,112.1,Critical
PUN-PU-OCC00949,2024-12-08,08:18,PUN010,1120,1399,124.9,Critical
PUN-PU-OCC00949,2024-12-08,08:46,PUN007,1120,959,85.6,High
PUN-PU-OCC00949,2024-12-08,08:25,PUN006,1120,812,72.6,Medium
PUN-PU-OCC00950,2024-12-08,19:07,PUN011,900,961,106.8,Critical
PUN-PU-OCC00950,2024-12-08,19:51,PUN009,900,685,76.2,Medium
PUN-PU-OCC00950,2024-12-08,19:28,PUN006,900,401,44.6,Low
PUN-PU-OCC00950,2024-12-08,19:15,PUN013,900,763,84.8,High
PUN-PU-OCC00950,2024-12-08,19:56,PUN004,900,705,78.4,Medium
PUN-PU-OCC00951,2024-12-08,19:26,PUN011,1120,1250,111.6,Critical
PUN-PU-OCC00951,2024-12-08,19:30,PUN008,1120,1300,116.2,Critical
PUN-PU-OCC00951,2024-12-08,19:07,PUN014,1120,978,87.3,High
PUN-PU-OCC00951,2024-12-08,19:28,PUN004,1120,1379,123.2,Critical
PUN-PU-OCC00951,2024-12-08,19:10,PUN001,1120,840,75.0,Medium
PUN-PU-OCC00952,2024-12-12,17:16,PUN009,1120,947,84.6,High
PUN-PU-OCC00952,2024-12-12,17:09,PUN003,1120,754,67.4,Medium
PUN-PU-OCC00952,2024-12-12,17:20,PUN013,1120,744,66.5,Medium
PUN-PU-OCC00952,2024-12-12,17:57,PUN008,1120,495,44.2,Low
PUN-PU-OCC00952,2024-12-12,17:05,PUN007,1120,880,78.6,Medium
PUN-PU-OCC00952,2024-12-12,17:47,PUN004,1120,543,48.6,Medium
PUN-PU-OCC00953,2024-12-12,10:54,PUN003,900,724,80.5,High
PUN-PU-OCC00953,2024-12-12,10:30,PUN006,900,443,49.3,Medium
PUN-PU-OCC00953,2024-12-12,10:46,PUN005,900,557,62.0,Medium
PUN-PU-OCC00953,2024-12-12,10:17,PUN007,900,922,102.5,High
PUN-PU-OCC00953,2024-12-12,10:47,PUN012,900,576,64.0,Medium
PUN-PU-OCC00953,2024-12-12,10:29,PUN013,900,522,58.0,Medium
PUN-PU-OCC00954,2024-12-12,09:02,PUN008,1200,1305,108.8,Critical
PUN-PU-OCC00954,2024-12-12,09:41,PUN010,1200,863,71.9,Medium
PUN-PU-OCC00954,2024-12-12,09:00,PUN001,1200,1264,105.3,Critical
PUN-PU-OCC00954,2024-12-12,09:00,PUN013,1200,1027,85.7,High
PUN-PU-OCC00954,2024-12-12,09:35,PUN002,1200,1118,93.2,High
PUN-PU-OCC00954,2024-12-12,09:43,PUN006,1200,854,71.2,Medium
PUN-PU-OCC00955,2024-12-16,10:24,PUN006,840,334,39.9,Low
PUN-PU-OCC00955,2024-12-16,10:44,PUN007,840,710,84.6,High
PUN-PU-OCC00955,2024-12-16,10:50,PUN001,840,601,71.6,Medium
PUN-PU-OCC00955,2024-12-16,10:53,PUN009,840,626,74.6,Medium
PUN-PU-OCC00956,2024-12-16,10:25,PUN004,1200,421,35.1,Low
PUN-PU-OCC00956,2024-12-16,10:30,PUN006,1200,552,46.0,Medium
PUN-PU-OCC00956,2024-12-16,10:38,PUN002,1200,618,51.5,Medium
PUN-PU-OCC00956,2024-12-16,10:57,PUN012,1200,883,73.6,Medium
PUN-PU-OCC00957,2024-12-16,06:37,PUN007,900,199,22.1,Low
PUN-PU-OCC00957,2024-12-16,06:29,PUN005,900,156,17.4,Low
PUN-PU-OCC00957,2024-12-16,06:22,PUN004,900,311,34.6,Low
PUN-PU-OCC00958,2024-12-20,09:52,PUN005,840,990,117.9,Critical
PUN-PU-OCC00958,2024-12-20,09:05,PUN011,840,626,74.6,Medium
PUN-PU-OCC00958,2024-12-20,09:34,PUN010,840,811,96.6,High
PUN-PU-OCC00958,2024-12-20,09:08,PUN008,840,861,102.5,High
PUN-PU-OCC00958,2024-12-20,09:12,PUN006,840,540,64.4,Medium
PUN-PU-OCC00959,2024-12-20,05:41,PUN001,840,102,12.2,Low
PUN-PU-OCC00959,2024-12-20,05:33,PUN012,840,101,12.1,Low
PUN-PU-OCC00959,2024-12-20,05:20,PUN002,840,83,9.9,Low
PUN-PU-OCC00959,2024-12-20,05:36,PUN009,840,89,10.7,Low
PUN-PU-OCC00960,2024-12-20,12:01,PUN006,900,282,31.4,Low
PUN-PU-OCC00960,2024-12-20,12:17,PUN002,900,129,14.4,Low
PUN-PU-OCC00960,2024-12-20,12:29,PUN001,900,331,36.8,Low
PUN-PU-OCC00960,2024-12-20,12:31,PUN004,900,146,16.2,Low
PUN-PU-OCC00960,2024-12-20,12:01,PUN009,900,421,46.9,Medium
PUN-PU-OCC00960,2024-12-20,12:18,PUN012,900,420,46.7,Medium
PUN-PU-OCC00961,2024-12-24,21:17,PUN004,840,445,53.0,Medium
PUN-PU-OCC00961,2024-12-24,21:42,PUN011,840,444,52.9,Medium
PUN-PU-OCC00961,2024-12-24,21:46,PUN006,840,209,25.0,Low
PUN-PU-OCC00961,2024-12-24,21:32,PUN002,840,457,54.5,Medium
PUN-PU-OCC00961,2024-12-24,21:26,PUN012,840,301,35.9,Low
PUN-PU-OCC00961,2024-12-24,21:52,PUN009,840,426,50.8,Medium
PUN-PU-OCC00962,2024-12-24,07:30,PUN009,840,389,46.3,Medium
PUN-PU-OCC00962,2024-12-24,07:56,PUN012,840,321,38.3,Low
PUN-PU-OCC00962,2024-12-24,07:54,PUN003,840,335,39.9,Low
PUN-PU-OCC00963,2024-12-24,13:37,PUN009,840,292,34.8,Low
PUN-PU-OCC00963,2024-12-24,13:17,PUN004,840,125,14.9,Low
PUN-PU-OCC00963,2024-12-24,13:44,PUN005,840,314,37.4,Low
PUN-PU-OCC00964,2024-12-28,19:23,PUN001,840,720,85.7,High
PUN-PU-OCC00964,2024-12-28,19:02,PUN008,840,1040,123.9,Critical
PUN-PU-OCC00964,2024-12-28,19:02,PUN013,840,808,96.2,High
PUN-PU-OCC00964,2024-12-28,19:43,PUN014,840,855,101.8,High
PUN-PU-OCC00964,2024-12-28,19:59,PUN012,840,832,99.1,High
PUN-PU-OCC00964,2024-12-28,19:34,PUN003,840,874,104.1,High
PUN-PU-OCC00965,2024-12-28,07:40,PUN002,840,485,57.8,Medium
PUN-PU-OCC00965,2024-12-28,07:01,PUN009,840,289,34.5,Low
PUN-PU-OCC00965,2024-12-28,07:56,PUN005,840,416,49.6,Medium
PUN-PU-OCC00965,2024-12-28,07:48,PUN008,840,482,57.4,Medium
PUN-PU-OCC00965,2024-12-28,07:44,PUN003,840,339,40.4,Low
PUN-PU-OCC00966,2024-12-28,17:24,PUN009,900,448,49.8,Medium
PUN-PU-OCC00966,2024-12-28,17:40,PUN003,900,629,69.9,Medium
PUN-PU-OCC00966,2024-12-28,17:03,PUN006,900,531,59.1,Medium
PUN-PU-OCC00966,2024-12-28,17:36,PUN007,900,489,54.4,Medium
PUN-PU-OCC00966,2024-12-28,17:27,PUN001,900,709,78.8,Medium
PUN-PU-OCC00966,2024-12-28,17:02,PUN013,900,785,87.3,High
PUN-AQ-OCC00967,2024-10-01,23:12,PUN029,900,99,11.0,Low
PUN-AQ-OCC00967,2024-10-01,23:15,PUN023,900,127,14.1,Low
PUN-AQ-OCC00967,2024-10-01,23:35,PUN027,900,102,11.3,Low
PUN-AQ-OCC00967,2024-10-01,23:32,PUN011,900,82,9.1,Low
PUN-AQ-OCC00967,2024-10-01,23:21,PUN018,900,90,10.1,Low
PUN-AQ-OCC00967,2024-10-01,23:54,PUN020,900,95,10.7,Low
PUN-AQ-OCC00968,2024-10-01,05:15,PUN016,1120,139,12.4,Low
PUN-AQ-OCC00968,2024-10-01,05:58,PUN024,1120,452,40.4,Low
PUN-AQ-OCC00968,2024-10-01,05:37,PUN025,1120,102,9.2,Low
PUN-AQ-OCC00968,2024-10-01,05:48,PUN017,1120,125,11.2,Low
PUN-AQ-OCC00968,2024-10-01,05:20,PUN015,1120,139,12.5,Low
PUN-AQ-OCC00968,2024-10-01,05:43,PUN027,1120,116,10.4,Low
PUN-AQ-OCC00969,2024-10-01,20:48,PUN026,900,656,72.9,Medium
PUN-AQ-OCC00969,2024-10-01,20:20,PUN029,900,739,82.2,High
PUN-AQ-OCC00969,2024-10-01,20:09,PUN023,900,701,78.0,Medium
PUN-AQ-OCC00969,2024-10-01,20:20,PUN011,900,806,89.6,High
PUN-AQ-OCC00970,2024-10-05,10:15,PUN021,840,387,46.2,Medium
PUN-AQ-OCC00970,2024-10-05,10:44,PUN018,840,404,48.1,Medium
PUN-AQ-OCC00970,2024-10-05,10:30,PUN026,840,729,86.8,High
PUN-AQ-OCC00970,2024-10-05,10:34,PUN019,840,406,48.4,Medium
PUN-AQ-OCC00970,2024-10-05,10:54,PUN027,840,358,42.7,Low
PUN-AQ-OCC00971,2024-10-05,12:16,PUN026,900,435,48.4,Medium
PUN-AQ-OCC00971,2024-10-05,12:09,PUN017,900,279,31.1,Low
PUN-AQ-OCC00971,2024-10-05,12:24,PUN023,900,316,35.2,Low
PUN-AQ-OCC00971,2024-10-05,12:15,PUN028,900,205,22.8,Low
PUN-AQ-OCC00972,2024-10-05,08:29,PUN023,900,658,73.2,Medium
PUN-AQ-OCC00972,2024-10-05,08:14,PUN011,900,747,83.0,High
PUN-AQ-OCC00972,2024-10-05,08:13,PUN018,900,663,73.7,Medium
PUN-AQ-OCC00972,2024-10-05,08:35,PUN019,900,869,96.6,High
PUN-AQ-OCC00973,2024-10-09,16:50,PUN011,900,289,32.1,Low
PUN-AQ-OCC00973,2024-10-09,16:15,PUN018,900,441,49.0,Medium
PUN-AQ-OCC00973,2024-10-09,16:32,PUN025,900,407,45.3,Medium
PUN-AQ-OCC00973,2024-10-09,16:28,PUN019,900,642,71.4,Medium
PUN-AQ-OCC00973,2024-10-09,16:02,PUN017,900,402,44.8,Low
PUN-AQ-OCC00974,2024-10-09,11:05,PUN015,840,615,73.2,Medium
PUN-AQ-OCC00974,2024-10-09,11:04,PUN011,840,230,27.4,Low
PUN-AQ-OCC00974,2024-10-09,11:58,PUN025,840,420,50.1,Medium
PUN-AQ-OCC00974,2024-10-09,11:57,PUN026,840,356,42.4,Low
PUN-AQ-OCC00974,2024-10-09,11:37,PUN029,840,198,23.6,Low
PUN-AQ-OCC00975,2024-10-09,14:53,PUN025,900,283,31.5,Low
PUN-AQ-OCC00975,2024-10-09,14:31,PUN026,900,389,43.3,Low
PUN-AQ-OCC00975,2024-10-09,14:21,PUN022,900,335,37.3,Low
PUN-AQ-OCC00975,2024-10-09,14:47,PUN029,900,212,23.6,Low
PUN-AQ-OCC00976,2024-10-13,07:17,PUN015,1120,521,46.5,Medium
PUN-AQ-OCC00976,2024-10-13,07:35,PUN021,1120,634,56.6,Medium
PUN-AQ-OCC00976,2024-10-13,07:25,PUN016,1120,360,32.2,Low
PUN-AQ-OCC00976,2024-10-13,07:38,PUN029,1120,552,49.4,Medium
PUN-AQ-OCC00976,2024-10-13,07:23,PUN024,1120,1013,90.4,High
PUN-AQ-OCC00977,2024-10-13,20:12,PUN020,900,862,95.9,High
PUN-AQ-OCC00977,2024-10-13,20:45,PUN017,900,654,72.8,Medium
PUN-AQ-OCC00977,2024-10-13,20:38,PUN018,900,713,79.3,Medium
PUN-AQ-OCC00977,2024-10-13,20:41,PUN024,900,686,76.3,Medium
PUN-AQ-OCC00978,2024-10-13,09:12,PUN021,900,777,86.3,High
PUN-AQ-OCC00978,2024-10-13,09:24,PUN029,900,659,73.3,Medium
PUN-AQ-OCC00978,2024-10-13,09:14,PUN020,900,986,109.7,Critical
PUN-AQ-OCC00978,2024-10-13,09:45,PUN018,900,923,102.6,High
PUN-AQ-OCC00978,2024-10-13,09:46,PUN025,900,849,94.4,High
PUN-AQ-OCC00979,2024-10-17,18:20,PUN018,1120,1063,95.0,High
PUN-AQ-OCC00979,2024-10-17,18:30,PUN020,1120,980,87.6,High
PUN-AQ-OCC00979,2024-10-17,18:12,PUN021,1120,672,60.1,Medium
PUN-AQ-OCC00980,2024-10-17,20:14,PUN027,900,880,97.8,High
PUN-AQ-OCC00980,2024-10-17,20:58,PUN018,900,678,75.4,Medium
PUN-AQ-OCC00980,2024-10-17,20:52,PUN017,900,756,84.1,High
PUN-AQ-OCC00981,2024-10-17,06:59,PUN025,900,158,17.6,Low
PUN-AQ-OCC00981,2024-10-17,06:54,PUN026,900,220,24.5,Low
PUN-AQ-OCC00981,2024-10-17,06:02,PUN021,900,194,21.6,Low
PUN-AQ-OCC00981,2024-10-17,06:35,PUN020,900,303,33.7,Low
PUN-AQ-OCC00982,2024-10-21,19:11,PUN029,1200,1061,88.4,High
PUN-AQ-OCC00982,2024-10-21,19:47,PUN015,1200,1122,93.5,High
PUN-AQ-OCC00982,2024-10-21,19:47,PUN016,1200,1417,118.1,Critical
PUN-AQ-OCC00982,2024-10-21,19:12,PUN027,1200,908,75.7,Medium
PUN-AQ-OCC00982,2024-10-21,19:45,PUN021,1200,358,29.9,Low
PUN-AQ-OCC00983,2024-10-21,23:23,PUN025,900,135,15.0,Low
PUN-AQ-OCC00983,2024-10-21,23:31,PUN026,900,208,23.1,Low
PUN-AQ-OCC00983,2024-10-21,23:33,PUN021,900,106,11.8,Low
PUN-AQ-OCC00983,2024-10-21,23:40,PUN029,900,98,11.0,Low
PUN-AQ-OCC00984,2024-10-21,10:00,PUN016,1120,745,66.6,Medium
PUN-AQ-OCC00984,2024-10-21,10:59,PUN022,1120,437,39.1,Low
PUN-AQ-OCC00984,2024-10-21,10:59,PUN025,1120,1157,103.3,High
PUN-AQ-OCC00984,2024-10-21,10:02,PUN019,1120,424,37.9,Low
PUN-AQ-OCC00984,2024-10-21,10:21,PUN011,1120,537,48.0,Medium
PUN-AQ-OCC00985,2024-10-25,23:09,PUN011,840,86,10.3,Low
PUN-AQ-OCC00985,2024-10-25,23:41,PUN025,840,178,21.2,Low
PUN-AQ-OCC00985,2024-10-25,23:06,PUN026,840,137,16.4,Low
PUN-AQ-OCC00985,2024-10-25,23:21,PUN018,840,65,7.8,Low
PUN-AQ-OCC00985,2024-10-25,23:28,PUN017,840,195,23.3,Low
PUN-AQ-OCC00986,2024-10-25,18:16,PUN029,840,868,103.4,High
PUN-AQ-OCC00986,2024-10-25,18:37,PUN015,840,882,105.1,Critical
PUN-AQ-OCC00986,2024-10-25,18:46,PUN021,840,514,61.3,Medium
PUN-AQ-OCC00986,2024-10-25,18:22,PUN022,840,390,46.5,Medium
PUN-AQ-OCC00986,2024-10-25,18:32,PUN020,840,631,75.2,Medium
PUN-AQ-OCC00987,2024-10-25,17:21,PUN021,1120,868,77.6,Medium
PUN-AQ-OCC00987,2024-10-25,17:13,PUN017,1120,963,86.0,High
PUN-AQ-OCC00987,2024-10-25,17:14,PUN015,1120,583,52.1,Medium
PUN-AQ-OCC00987,2024-10-25,17:22,PUN018,1120,732,65.4,Medium
PUN-AQ-OCC00987,2024-10-25,17:47,PUN024,1120,1149,102.6,High
PUN-AQ-OCC00988,2024-10-29,18:57,PUN017,840,897,106.9,Critical
PUN-AQ-OCC00988,2024-10-29,18:44,PUN029,840,570,67.9,Medium
PUN-AQ-OCC00988,2024-10-29,18:27,PUN022,840,555,66.1,Medium
PUN-AQ-OCC00988,2024-10-29,18:28,PUN019,840,436,51.9,Medium
PUN-AQ-OCC00988,2024-10-29,18:48,PUN027,840,821,97.8,High
PUN-AQ-OCC00989,2024-10-29,20:43,PUN026,900,864,96.1,High
PUN-AQ-OCC00989,2024-10-29,20:02,PUN022,900,268,29.8,Low
PUN-AQ-OCC00989,2024-10-29,20:09,PUN015,900,666,74.0,Medium
PUN-AQ-OCC00989,2024-10-29,20:39,PUN016,900,565,62.9,Medium
PUN-AQ-OCC00989,2024-10-29,20:59,PUN025,900,888,98.7,High
PUN-AQ-OCC00990,2024-10-29,19:21,PUN020,1200,966,80.5,High
PUN-AQ-OCC00990,2024-10-29,19:22,PUN016,1200,1094,91.2,High
PUN-AQ-OCC00990,2024-10-29,19:54,PUN017,1200,1108,92.4,High
PUN-AQ-OCC00990,2024-10-29,19:38,PUN025,1200,1400,116.7,Critical
PUN-AQ-OCC00990,2024-10-29,19:13,PUN029,1200,1258,104.8,High
PUN-AQ-OCC00991,2024-11-02,09:09,PUN028,900,702,78.1,Medium
PUN-AQ-OCC00991,2024-11-02,09:34,PUN027,900,834,92.7,High
PUN-AQ-OCC00991,2024-11-02,09:34,PUN018,900,636,70.7,Medium
PUN-AQ-OCC00991,2024-11-02,09:49,PUN017,900,749,83.2,High
PUN-AQ-OCC00992,2024-11-02,08:45,PUN011,900,776,86.3,High
PUN-AQ-OCC00992,2024-11-02,08:14,PUN015,900,606,67.3,Medium
PUN-AQ-OCC00992,2024-11-02,08:24,PUN017,900,675,75.1,Medium
PUN-AQ-OCC00992,2024-11-02,08:57,PUN022,900,1003,111.5,Critical
PUN-AQ-OCC00992,2024-11-02,08:00,PUN016,900,632,70.3,Medium
PUN-AQ-OCC00992,2024-11-02,08:00,PUN024,900,791,87.9,High
PUN-AQ-OCC00993,2024-11-02,16:15,PUN025,1120,560,50.1,Medium
PUN-AQ-OCC00993,2024-11-02,16:54,PUN020,1120,335,29.9,Low
PUN-AQ-OCC00993,2024-11-02,16:52,PUN022,1120,783,70.0,Medium
PUN-AQ-OCC00993,2024-11-02,16:26,PUN026,1120,678,60.5,Medium
PUN-AQ-OCC00993,2024-11-02,16:06,PUN023,1120,429,38.3,Low
PUN-AQ-OCC00993,2024-11-02,16:39,PUN021,1120,1052,94.0,High
PUN-AQ-OCC00994,2024-11-06,08:43,PUN027,1120,835,74.6,Medium
PUN-AQ-OCC00994,2024-11-06,08:15,PUN011,1120,1024,91.5,High
PUN-AQ-OCC00994,2024-11-06,08:33,PUN026,1120,1060,94.7,High
PUN-AQ-OCC00994,2024-11-06,08:50,PUN023,1120,898,80.2,High
PUN-AQ-OCC00995,2024-11-06,15:49,PUN018,900,320,35.6,Low
PUN-AQ-OCC00995,2024-11-06,15:36,PUN020,900,227,25.3,Low
PUN-AQ-OCC00995,2024-11-06,15:59,PUN016,900,335,37.3,Low
PUN-AQ-OCC00996,2024-11-06,18:59,PUN022,1120,726,64.8,Medium
PUN-AQ-OCC00996,2024-11-06,18:18,PUN018,1120,1177,105.1,Critical
PUN-AQ-OCC00996,2024-11-06,18:51,PUN026,1120,786,70.2,Medium
PUN-AQ-OCC00996,2024-11-06,18:17,PUN019,1120,473,42.3,Low
PUN-AQ-OCC00997,2024-11-10,07:27,PUN025,900,416,46.2,Medium
PUN-AQ-OCC00997,2024-11-10,07:18,PUN021,900,655,72.8,Medium
PUN-AQ-OCC00997,2024-11-10,07:08,PUN022,900,537,59.7,Medium
PUN-AQ-OCC00997,2024-11-10,07:51,PUN027,900,569,63.3,Medium
PUN-AQ-OCC00997,2024-11-10,07:28,PUN020,900,453,50.4,Medium
PUN-AQ-OCC00998,2024-11-10,09:13,PUN026,840,677,80.7,High
PUN-AQ-OCC00998,2024-11-10,09:02,PUN017,840,1029,122.6,Critical
PUN-AQ-OCC00998,2024-11-10,09:19,PUN029,840,754,89.8,High
PUN-AQ-OCC00998,2024-11-10,09:02,PUN023,840,818,97.5,High
PUN-AQ-OCC00999,2024-11-10,21:39,PUN027,840,478,57.0,Medium
PUN-AQ-OCC00999,2024-11-10,21:14,PUN019,840,190,22.7,Low
PUN-AQ-OCC00999,2024-11-10,21:06,PUN023,840,381,45.4,Medium
PUN-AQ-OCC00999,2024-11-10,21:45,PUN017,840,352,41.9,Low
PUN-AQ-OCC00999,2024-11-10,21:23,PUN022,840,208,24.8,Low
PUN-AQ-OCC01000,2024-11-14,07:35,PUN018,840,464,55.3,Medium
PUN-AQ-OCC01000,2024-11-14,07:24,PUN016,840,302,36.0,Low
PUN-AQ-OCC01000,2024-11-14,07:45,PUN020,840,421,50.2,Medium
PUN-AQ-OCC01000,2024-11-14,07:14,PUN029,840,486,57.9,Medium
PUN-AQ-OCC01001,2024-11-14,19:56,PUN020,840,1003,119.5,Critical
PUN-AQ-OCC01001,2024-11-14,19:52,PUN025,840,963,114.7,Critical
PUN-AQ-OCC01001,2024-11-14,19:19,PUN016,840,1027,122.3,Critical
PUN-AQ-OCC01002,2024-11-14,17:41,PUN016,900,549,61.0,Medium
PUN-AQ-OCC01002,2024-11-14,17:40,PUN028,900,430,47.8,Medium
PUN-AQ-OCC01002,2024-11-14,17:14,PUN019,900,765,85.0,High
PUN-AQ-OCC01002,2024-11-14,17:13,PUN029,900,606,67.3,Medium
PUN-AQ-OCC01002,2024-11-14,17:43,PUN011,900,593,65.9,Medium
PUN-AQ-OCC01003,2024-11-18,09:31,PUN024,900,995,110.6,Critical
PUN-AQ-OCC01003,2024-11-18,09:44,PUN015,900,1031,114.6,Critical
PUN-AQ-OCC01003,2024-11-18,09:37,PUN011,900,848,94.3,High
PUN-AQ-OCC01003,2024-11-18,09:27,PUN016,900,898,99.8,High
PUN-AQ-OCC01004,2024-11-18,16:30,PUN022,1200,772,64.4,Medium
PUN-AQ-OCC01004,2024-11-18,16:10,PUN029,1200,413,34.4,Low
PUN-AQ-OCC01004,2024-11-18,16:54,PUN011,1200,384,32.1,Low
PUN-AQ-OCC01005,2024-11-18,09:08,PUN021,1200,1058,88.2,High
PUN-AQ-OCC01005,2024-11-18,09:08,PUN029,1200,885,73.8,Medium
PUN-AQ-OCC01005,2024-11-18,09:15,PUN023,1200,1205,100.5,High
PUN-AQ-OCC01006,2024-11-22,19:52,PUN016,840,1043,124.2,Critical
PUN-AQ-OCC01006,2024-11-22,19:59,PUN028,840,831,99.0,High
PUN-AQ-OCC01006,2024-11-22,19:38,PUN020,840,1019,121.4,Critical
PUN-AQ-OCC01006,2024-11-22,19:20,PUN024,840,801,95.4,High
PUN-AQ-OCC01006,2024-11-22,19:16,PUN019,840,300,35.8,Low
PUN-AQ-OCC01006,2024-11-22,19:41,PUN021,840,398,47.5,Medium
PUN-AQ-OCC01007,2024-11-22,16:01,PUN026,1120,566,50.6,Medium
PUN-AQ-OCC01007,2024-11-22,16:04,PUN029,1120,351,31.4,Low
PUN-AQ-OCC01007,2024-11-22,16:40,PUN023,1120,554,49.5,Medium
PUN-AQ-OCC01008,2024-11-22,18:56,PUN019,840,381,45.4,Medium
PUN-AQ-OCC01008,2024-11-22,18:54,PUN029,840,759,90.4,High
PUN-AQ-OCC01008,2024-11-22,18:42,PUN017,840,757,90.2,High
PUN-AQ-OCC01008,2024-11-22,18:20,PUN024,840,1009,120.1,Critical
PUN-AQ-OCC01008,2024-11-22,18:35,PUN016,840,828,98.6,High
PUN-AQ-OCC01009,2024-11-26,10:09,PUN017,1120,930,83.0,High
PUN-AQ-OCC01009,2024-11-26,10:55,PUN026,1120,1046,93.4,High
PUN-AQ-OCC01009,2024-11-26,10:09,PUN011,1120,455,40.7,Low
PUN-AQ-OCC01009,2024-11-26,10:34,PUN025,1120,869,77.6,Medium
PUN-AQ-OCC01010,2024-11-26,07:37,PUN020,840,718,85.6,High
PUN-AQ-OCC01010,2024-11-26,07:22,PUN028,840,624,74.3,Medium
PUN-AQ-OCC01010,2024-11-26,07:35,PUN026,840,273,32.5,Low
PUN-AQ-OCC01011,2024-11-26,05:18,PUN019,900,107,11.9,Low
PUN-AQ-OCC01011,2024-11-26,05:30,PUN016,900,106,11.8,Low
PUN-AQ-OCC01011,2024-11-26,05:38,PUN015,900,86,9.6,Low
PUN-AQ-OCC01011,2024-11-26,05:10,PUN028,900,110,12.3,Low
PUN-AQ-OCC01011,2024-11-26,05:04,PUN026,900,108,12.0,Low
PUN-AQ-OCC01012,2024-11-30,16:12,PUN019,1120,983,87.8,High
PUN-AQ-OCC01012,2024-11-30,16:24,PUN017,1120,612,54.7,Medium
PUN-AQ-OCC01012,2024-11-30,16:20,PUN018,1120,537,48.0,Medium
PUN-AQ-OCC01012,2024-11-30,16:43,PUN015,1120,534,47.7,Medium
PUN-AQ-OCC01012,2024-11-30,16:06,PUN020,1120,467,41.8,Low
PUN-AQ-OCC01012,2024-11-30,16:39,PUN029,1120,419,37.5,Low
PUN-AQ-OCC01013,2024-11-30,23:14,PUN017,840,182,21.8,Low
PUN-AQ-OCC01013,2024-11-30,23:07,PUN022,840,104,12.5,Low
PUN-AQ-OCC01013,2024-11-30,23:32,PUN015,840,127,15.1,Low
PUN-AQ-OCC01013,2024-11-30,23:42,PUN027,840,82,9.8,Low
PUN-AQ-OCC01013,2024-11-30,23:56,PUN019,840,80,9.6,Low
PUN-AQ-OCC01014,2024-11-30,09:28,PUN015,1200,1402,116.9,Critical
PUN-AQ-OCC01014,2024-11-30,09:48,PUN025,1200,1455,121.3,Critical
PUN-AQ-OCC01014,2024-11-30,09:22,PUN019,1200,836,69.7,Medium
PUN-AQ-OCC01014,2024-11-30,09:02,PUN028,1200,858,71.5,Medium
PUN-AQ-OCC01015,2024-12-04,15:12,PUN023,900,267,29.8,Low
PUN-AQ-OCC01015,2024-12-04,15:26,PUN027,900,328,36.5,Low
PUN-AQ-OCC01015,2024-12-04,15:56,PUN017,900,427,47.5,Medium
PUN-AQ-OCC01015,2024-12-04,15:43,PUN026,900,294,32.8,Low
PUN-AQ-OCC01015,2024-12-04,15:06,PUN022,900,627,69.7,Medium
PUN-AQ-OCC01015,2024-12-04,15:54,PUN029,900,228,25.4,Low
PUN-AQ-OCC01016,2024-12-04,14:54,PUN017,900,357,39.7,Low
PUN-AQ-OCC01016,2024-12-04,14:58,PUN015,900,401,44.6,Low
PUN-AQ-OCC01016,2024-12-04,14:34,PUN027,900,132,14.7,Low
PUN-AQ-OCC01016,2024-12-04,14:15,PUN011,900,213,23.7,Low
PUN-AQ-OCC01016,2024-12-04,14:41,PUN029,900,181,20.1,Low
PUN-AQ-OCC01016,2024-12-04,14:41,PUN025,900,319,35.5,Low
PUN-AQ-OCC01017,2024-12-04,09:25,PUN023,840,1000,119.1,Critical
PUN-AQ-OCC01017,2024-12-04,09:01,PUN019,840,636,75.7,Medium
PUN-AQ-OCC01017,2024-12-04,09:11,PUN020,840,585,69.7,Medium
PUN-AQ-OCC01017,2024-12-04,09:30,PUN015,840,772,92.0,High
PUN-AQ-OCC01018,2024-12-08,08:11,PUN019,1200,1375,114.6,Critical
PUN-AQ-OCC01018,2024-12-08,08:46,PUN017,1200,817,68.1,Medium
PUN-AQ-OCC01018,2024-12-08,08:47,PUN022,1200,1367,114.0,Critical
PUN-AQ-OCC01018,2024-12-08,08:10,PUN029,1200,907,75.7,Medium
PUN-AQ-OCC01018,2024-12-08,08:11,PUN024,1200,1080,90.0,High
PUN-AQ-OCC01018,2024-12-08,08:41,PUN025,1200,642,53.6,Medium
PUN-AQ-OCC01019,2024-12-08,18:23,PUN016,1120,1164,104.0,High
PUN-AQ-OCC01019,2024-12-08,18:21,PUN015,1120,715,63.9,Medium
PUN-AQ-OCC01019,2024-12-08,18:09,PUN019,1120,644,57.5,Medium
PUN-AQ-OCC01019,2024-12-08,18:16,PUN023,1120,1239,110.6,Critical
PUN-AQ-OCC01019,2024-12-08,18:14,PUN024,1120,1072,95.7,High
PUN-AQ-OCC01020,2024-12-08,18:32,PUN016,1120,769,68.7,Medium
PUN-AQ-OCC01020,2024-12-08,18:50,PUN017,1120,710,63.4,Medium
PUN-AQ-OCC01020,2024-12-08,18:11,PUN027,1120,855,76.4,Medium
PUN-AQ-OCC01020,2024-12-08,18:23,PUN011,1120,1243,111.0,Critical
PUN-AQ-OCC01020,2024-12-08,18:57,PUN029,1120,1068,95.4,High
PUN-AQ-OCC01020,2024-12-08,18:34,PUN022,1120,474,42.4,Low
PUN-AQ-OCC01021,2024-12-12,19:55,PUN017,900,668,74.2,Medium
PUN-AQ-OCC01021,2024-12-12,19:32,PUN015,900,840,93.4,High
PUN-AQ-OCC01021,2024-12-12,19:09,PUN029,900,711,79.1,Medium
PUN-AQ-OCC01021,2024-12-12,19:09,PUN011,900,863,96.0,High
PUN-AQ-OCC01021,2024-12-12,19:12,PUN020,900,1018,113.2,Critical
PUN-AQ-OCC01022,2024-12-12,10:30,PUN022,840,283,33.8,Low
PUN-AQ-OCC01022,2024-12-12,10:53,PUN011,840,494,58.8,Medium
PUN-AQ-OCC01022,2024-12-12,10:07,PUN016,840,553,65.8,Medium
PUN-AQ-OCC01022,2024-12-12,10:42,PUN024,840,620,73.8,Medium
PUN-AQ-OCC01022,2024-12-12,10:21,PUN028,840,439,52.3,Medium
PUN-AQ-OCC01022,2024-12-12,10:10,PUN023,840,788,93.8,High
PUN-AQ-OCC01023,2024-12-12,19:19,PUN028,1120,857,76.5,Medium
PUN-AQ-OCC01023,2024-12-12,19:19,PUN022,1120,453,40.5,Low
PUN-AQ-OCC01023,2024-12-12,19:10,PUN017,1120,799,71.4,Medium
PUN-AQ-OCC01023,2024-12-12,19:43,PUN024,1120,1380,123.2,Critical
PUN-AQ-OCC01024,2024-12-16,23:54,PUN016,900,206,22.9,Low
PUN-AQ-OCC01024,2024-12-16,23:07,PUN023,900,219,24.4,Low
PUN-AQ-OCC01024,2024-12-16,23:33,PUN027,900,105,11.7,Low
PUN-AQ-OCC01024,2024-12-16,23:38,PUN019,900,78,8.7,Low
PUN-AQ-OCC01024,2024-12-16,23:25,PUN022,900,109,12.2,Low
PUN-AQ-OCC01025,2024-12-16,22:12,PUN025,840,253,30.1,Low
PUN-AQ-OCC01025,2024-12-16,22:59,PUN022,840,81,9.7,Low
PUN-AQ-OCC01025,2024-12-16,22:42,PUN019,840,68,8.1,Low
PUN-AQ-OCC01026,2024-12-16,20:37,PUN018,900,775,86.1,High
PUN-AQ-OCC01026,2024-12-16,20:43,PUN029,900,551,61.3,Medium
PUN-AQ-OCC01026,2024-12-16,20:46,PUN011,900,751,83.5,High
PUN-AQ-OCC01026,2024-12-16,20:21,PUN027,900,757,84.2,High
PUN-AQ-OCC01026,2024-12-16,20:36,PUN017,900,579,64.4,Medium
PUN-AQ-OCC01026,2024-12-16,20:37,PUN028,900,672,74.7,Medium
PUN-AQ-OCC01027,2024-12-20,05:23,PUN019,1120,81,7.3,Low
PUN-AQ-OCC01027,2024-12-20,05:11,PUN025,1120,132,11.8,Low
PUN-AQ-OCC01027,2024-12-20,05:53,PUN027,1120,107,9.6,Low
PUN-AQ-OCC01028,2024-12-20,21:46,PUN023,1120,627,56.0,Medium
PUN-AQ-OCC01028,2024-12-20,21:16,PUN017,1120,570,50.9,Medium
PUN-AQ-OCC01028,2024-12-20,21:06,PUN019,1120,201,17.9,Low
PUN-AQ-OCC01029,2024-12-20,20:17,PUN019,1120,335,30.0,Low
PUN-AQ-OCC01029,2024-12-20,20:05,PUN023,1120,1111,99.3,High
PUN-AQ-OCC01029,2024-12-20,20:55,PUN020,1120,1050,93.8,High
PUN-AQ-OCC01030,2024-12-24,20:26,PUN016,900,869,96.7,High
PUN-AQ-OCC01030,2024-12-24,20:38,PUN017,900,835,92.8,High
PUN-AQ-OCC01030,2024-12-24,20:59,PUN015,900,743,82.6,High
PUN-AQ-OCC01030,2024-12-24,20:25,PUN029,900,668,74.3,Medium
PUN-AQ-OCC01030,2024-12-24,20:16,PUN022,900,303,33.7,Low
PUN-AQ-OCC01031,2024-12-24,23:01,PUN017,900,222,24.7,Low
PUN-AQ-OCC01031,2024-12-24,23:13,PUN011,900,78,8.8,Low
PUN-AQ-OCC01031,2024-12-24,23:20,PUN029,900,93,10.3,Low
PUN-AQ-OCC01031,2024-12-24,23:15,PUN020,900,85,9.4,Low
PUN-AQ-OCC01032,2024-12-24,10:19,PUN027,840,345,41.1,Low
PUN-AQ-OCC01032,2024-12-24,10:18,PUN016,840,803,95.6,High
PUN-AQ-OCC01032,2024-12-24,10:23,PUN018,840,461,55.0,Medium
PUN-AQ-OCC01032,2024-12-24,10:55,PUN024,840,737,87.8,High
PUN-AQ-OCC01032,2024-12-24,10:17,PUN022,840,342,40.7,Low
PUN-AQ-OCC01033,2024-12-28,08:47,PUN021,900,966,107.4,Critical
PUN-AQ-OCC01033,2024-12-28,08:22,PUN023,900,882,98.0,High
PUN-AQ-OCC01033,2024-12-28,08:43,PUN027,900,1006,111.8,Critical
PUN-AQ-OCC01033,2024-12-28,08:02,PUN019,900,689,76.6,Medium
PUN-AQ-OCC01033,2024-12-28,08:44,PUN022,900,971,107.9,Critical
PUN-AQ-OCC01034,2024-12-28,16:44,PUN028,840,284,33.9,Low
PUN-AQ-OCC01034,2024-12-28,16:07,PUN016,840,502,59.8,Medium
PUN-AQ-OCC01034,2024-12-28,16:05,PUN020,840,289,34.4,Low
PUN-AQ-OCC01034,2024-12-28,16:57,PUN025,840,446,53.1,Medium
PUN-AQ-OCC01035,2024-12-28,21:20,PUN028,1200,591,49.3,Medium
PUN-AQ-OCC01035,2024-12-28,21:53,PUN016,1200,662,55.2,Medium
PUN-AQ-OCC01035,2024-12-28,21:43,PUN027,1200,532,44.4,Low
PUN-AQ-OCC01035,2024-12-28,21:51,PUN026,1200,669,55.8,Medium
PUN-AQ-OCC01035,2024-12-28,21:21,PUN025,1200,505,42.1,Low
NGP-OR-OCC01036,2024-10-01,08:17,NGP010,840,742,88.4,High
NGP-OR-OCC01036,2024-10-01,08:59,NGP012,840,536,63.9,Medium
NGP-OR-OCC01036,2024-10-01,08:32,NGP017,840,596,71.0,Medium
NGP-OR-OCC01036,2024-10-01,08:12,NGP015,840,778,92.6,High
NGP-OR-OCC01037,2024-10-01,19:10,NGP015,1200,1107,92.3,High
NGP-OR-OCC01037,2024-10-01,19:12,NGP018,1200,391,32.6,Low
NGP-OR-OCC01037,2024-10-01,19:37,NGP003,1200,434,36.2,Low
NGP-OR-OCC01037,2024-10-01,19:47,NGP005,1200,1306,108.9,Critical
NGP-OR-OCC01037,2024-10-01,19:35,NGP010,1200,343,28.6,Low
NGP-OR-OCC01037,2024-10-01,19:21,NGP012,1200,1239,103.3,High
NGP-OR-OCC01038,2024-10-01,20:52,NGP018,840,272,32.5,Low
NGP-OR-OCC01038,2024-10-01,20:23,NGP006,840,779,92.8,High
NGP-OR-OCC01038,2024-10-01,20:26,NGP001,840,309,36.8,Low
NGP-OR-OCC01039,2024-10-05,05:58,NGP009,900,83,9.3,Low
NGP-OR-OCC01039,2024-10-05,05:26,NGP014,900,81,9.1,Low
NGP-OR-OCC01039,2024-10-05,05:53,NGP004,900,94,10.5,Low
NGP-OR-OCC01039,2024-10-05,05:14,NGP005,900,73,8.2,Low
NGP-OR-OCC01039,2024-10-05,05:32,NGP012,900,93,10.4,Low
NGP-OR-OCC01039,2024-10-05,05:48,NGP007,900,105,11.8,Low
NGP-OR-OCC01040,2024-10-05,09:56,NGP012,840,794,94.6,High
NGP-OR-OCC01040,2024-10-05,09:43,NGP008,840,858,102.2,High
NGP-OR-OCC01040,2024-10-05,09:46,NGP015,840,533,63.5,Medium
NGP-OR-OCC01040,2024-10-05,09:56,NGP005,840,920,109.6,Critical
NGP-OR-OCC01040,2024-10-05,09:49,NGP013,840,604,71.9,Medium
NGP-OR-OCC01041,2024-10-05,06:42,NGP016,840,739,88.0,High
NGP-OR-OCC01041,2024-10-05,06:39,NGP009,840,179,21.3,Low
NGP-OR-OCC01041,2024-10-05,06:10,NGP011,840,277,33.1,Low
NGP-OR-OCC01042,2024-10-09,20:05,NGP002,840,698,83.1,High
NGP-OR-OCC01042,2024-10-09,20:36,NGP006,840,565,67.4,Medium
NGP-OR-OCC01042,2024-10-09,20:48,NGP008,840,759,90.5,High
NGP-OR-OCC01042,2024-10-09,20:21,NGP017,840,766,91.3,High
NGP-OR-OCC01043,2024-10-09,15:28,NGP002,900,367,40.8,Low
NGP-OR-OCC01043,2024-10-09,15:34,NGP001,900,450,50.1,Medium
NGP-OR-OCC01043,2024-10-09,15:24,NGP003,900,496,55.2,Medium
NGP-OR-OCC01043,2024-10-09,15:39,NGP004,900,656,73.0,Medium
NGP-OR-OCC01043,2024-10-09,15:30,NGP010,900,456,50.7,Medium
NGP-OR-OCC01043,2024-10-09,15:40,NGP011,900,233,26.0,Low
NGP-OR-OCC01044,2024-10-09,06:09,NGP004,900,215,23.9,Low
NGP-OR-OCC01044,2024-10-09,06:57,NGP006,900,246,27.4,Low
NGP-OR-OCC01044,2024-10-09,06:47,NGP002,900,152,17.0,Low
NGP-OR-OCC01044,2024-10-09,06:27,NGP011,900,276,30.7,Low
NGP-OR-OCC01044,2024-10-09,06:29,NGP015,900,756,84.0,High
NGP-OR-OCC01045,2024-10-13,20:35,NGP014,1120,293,26.2,Low
NGP-OR-OCC01045,2024-10-13,20:36,NGP006,1120,780,69.6,Medium
NGP-OR-OCC01045,2024-10-13,20:53,NGP004,1120,294,26.3,Low
NGP-OR-OCC01045,2024-10-13,20:46,NGP007,1120,908,81.1,High
NGP-OR-OCC01045,2024-10-13,20:53,NGP016,1120,1059,94.6,High
NGP-OR-OCC01045,2024-10-13,20:57,NGP002,1120,646,57.7,Medium
NGP-OR-OCC01046,2024-10-13,20:47,NGP004,900,192,21.3,Low
NGP-OR-OCC01046,2024-10-13,20:12,NGP014,900,335,37.3,Low
NGP-OR-OCC01046,2024-10-13,20:41,NGP008,900,590,65.6,Medium
NGP-OR-OCC01047,2024-10-13,10:03,NGP017,1120,772,69.0,Medium
NGP-OR-OCC01047,2024-10-13,10:45,NGP015,1120,727,64.9,Medium
NGP-OR-OCC01047,2024-10-13,10:06,NGP016,1120,639,57.1,Medium
NGP-OR-OCC01048,2024-10-17,15:55,NGP012,840,374,44.6,Low
NGP-OR-OCC01048,2024-10-17,15:02,NGP013,840,216,25.8,Low
NGP-OR-OCC01048,2024-10-17,15:20,NGP018,840,524,62.4,Medium
NGP-OR-OCC01049,2024-10-17,18:29,NGP017,1200,1209,100.8,High
NGP-OR-OCC01049,2024-10-17,18:35,NGP001,1200,849,70.8,Medium
NGP-OR-OCC01049,2024-10-17,18:03,NGP014,1200,687,57.3,Medium
NGP-OR-OCC01050,2024-10-17,18:38,NGP018,900,469,52.1,Medium
NGP-OR-OCC01050,2024-10-17,18:33,NGP001,900,461,51.3,Medium
NGP-OR-OCC01050,2024-10-17,18:01,NGP011,900,622,69.1,Medium
NGP-OR-OCC01050,2024-10-17,18:41,NGP017,900,762,84.8,High
NGP-OR-OCC01050,2024-10-17,18:42,NGP008,900,959,106.6,Critical
NGP-OR-OCC01050,2024-10-17,18:02,NGP010,900,558,62.1,Medium
NGP-OR-OCC01051,2024-10-21,05:16,NGP013,900,71,8.0,Low
NGP-OR-OCC01051,2024-10-21,05:16,NGP010,900,96,10.7,Low
NGP-OR-OCC01051,2024-10-21,05:55,NGP009,900,95,10.6,Low
NGP-OR-OCC01052,2024-10-21,09:58,NGP008,1200,1402,116.9,Critical
NGP-OR-OCC01052,2024-10-21,09:22,NGP009,1200,1058,88.2,High
NGP-OR-OCC01052,2024-10-21,09:54,NGP002,1200,1171,97.6,High
NGP-OR-OCC01052,2024-10-21,09:40,NGP007,1200,1173,97.8,High
NGP-OR-OCC01052,2024-10-21,09:35,NGP006,1200,757,63.2,Medium
NGP-OR-OCC01053,2024-10-21,08:09,NGP018,1200,923,77.0,Medium
NGP-OR-OCC01053,2024-10-21,08:45,NGP006,1200,1304,108.7,Critical
NGP-OR-OCC01053,2024-10-21,08:38,NGP001,1200,1158,96.5,High
NGP-OR-OCC01053,2024-10-21,08:35,NGP005,1200,922,76.9,Medium
NGP-OR-OCC01053,2024-10-21,08:34,NGP012,1200,831,69.3,Medium
NGP-OR-OCC01054,2024-10-25,10:32,NGP018,900,325,36.2,Low
NGP-OR-OCC01054,2024-10-25,10:50,NGP004,900,299,33.3,Low
NGP-OR-OCC01054,2024-10-25,10:20,NGP013,900,396,44.1,Low
NGP-OR-OCC01054,2024-10-25,10:49,NGP014,900,311,34.6,Low
NGP-OR-OCC01054,2024-10-25,10:48,NGP011,900,462,51.4,Medium
NGP-OR-OCC01055,2024-10-25,10:05,NGP004,840,383,45.7,Medium
NGP-OR-OCC01055,2024-10-25,10:03,NGP018,840,306,36.4,Low
NGP-OR-OCC01055,2024-10-25,10:50,NGP001,840,252,30.1,Low
NGP-OR-OCC01055,2024-10-25,10:33,NGP006,840,328,39.1,Low
NGP-OR-OCC01056,2024-10-25,18:52,NGP010,900,512,57.0,Medium
NGP-OR-OCC01056,2024-10-25,18:48,NGP006,900,614,68.3,Medium
NGP-OR-OCC01056,2024-10-25,18:12,NGP008,900,715,79.5,Medium
NGP-OR-OCC01057,2024-10-29,18:06,NGP010,840,583,69.5,Medium
NGP-OR-OCC01057,2024-10-29,18:40,NGP008,840,560,66.8,Medium
NGP-OR-OCC01057,2024-10-29,18:00,NGP013,840,712,84.8,High
NGP-OR-OCC01057,2024-10-29,18:13,NGP017,840,756,90.1,High
NGP-OR-OCC01057,2024-10-29,18:53,NGP001,840,511,60.9,Medium
NGP-OR-OCC01058,2024-10-29,07:51,NGP004,900,644,71.6,Medium
NGP-OR-OCC01058,2024-10-29,07:00,NGP008,900,444,49.4,Medium
NGP-OR-OCC01058,2024-10-29,07:35,NGP010,900,691,76.8,Medium
NGP-OR-OCC01059,2024-10-29,10:42,NGP018,1120,362,32.4,Low
NGP-OR-OCC01059,2024-10-29,10:24,NGP006,1120,595,53.2,Medium
NGP-OR-OCC01059,2024-10-29,10:55,NGP010,1120,514,45.9,Medium
NGP-OR-OCC01059,2024-10-29,10:59,NGP016,1120,881,78.7,Medium
NGP-OR-OCC01059,2024-10-29,10:04,NGP017,1120,888,79.3,Medium
NGP-OR-OCC01059,2024-10-29,10:00,NGP002,1120,892,79.7,Medium
NGP-OR-OCC01060,2024-11-02,23:32,NGP010,900,91,10.1,Low
NGP-OR-OCC01060,2024-11-02,23:22,NGP003,900,95,10.6,Low
NGP-OR-OCC01060,2024-11-02,23:53,NGP015,900,694,77.1,Medium
NGP-OR-OCC01060,2024-11-02,23:45,NGP006,900,93,10.4,Low
NGP-OR-OCC01060,2024-11-02,23:26,NGP013,900,87,9.7,Low
NGP-OR-OCC01060,2024-11-02,23:07,NGP011,900,90,10.0,Low
NGP-OR-OCC01061,2024-11-02,20:51,NGP009,900,852,94.8,High
NGP-OR-OCC01061,2024-11-02,20:57,NGP011,900,756,84.1,High
NGP-OR-OCC01061,2024-11-02,20:34,NGP006,900,632,70.2,Medium
NGP-OR-OCC01062,2024-11-02,19:45,NGP003,1120,516,46.1,Medium
NGP-OR-OCC01062,2024-11-02,19:12,NGP015,1120,1368,122.2,Critical
NGP-OR-OCC01062,2024-11-02,19:40,NGP005,1120,1157,103.3,High
NGP-OR-OCC01062,2024-11-02,19:04,NGP011,1120,967,86.4,High
NGP-OR-OCC01062,2024-11-02,19:46,NGP006,1120,805,71.9,Medium
NGP-OR-OCC01062,2024-11-02,19:26,NGP001,1120,538,48.1,Medium
NGP-OR-OCC01063,2024-11-06,08:14,NGP009,1120,845,75.5,Medium
NGP-OR-OCC01063,2024-11-06,08:36,NGP003,1120,1029,91.9,High
NGP-OR-OCC01063,2024-11-06,08:45,NGP004,1120,1317,117.6,Critical
NGP-OR-OCC01064,2024-11-06,10:34,NGP010,840,235,28.0,Low
NGP-OR-OCC01064,2024-11-06,10:16,NGP006,840,501,59.7,Medium
NGP-OR-OCC01064,2024-11-06,10:02,NGP009,840,891,106.1,Critical
NGP-OR-OCC01064,2024-11-06,10:42,NGP016,840,427,50.9,Medium
NGP-OR-OCC01064,2024-11-06,10:37,NGP017,840,693,82.5,High
NGP-OR-OCC01064,2024-11-06,10:43,NGP003,840,344,41.0,Low
NGP-OR-OCC01065,2024-11-06,18:06,NGP009,900,695,77.3,Medium
NGP-OR-OCC01065,2024-11-06,18:00,NGP017,900,850,94.5,High
NGP-OR-OCC01065,2024-11-06,18:54,NGP003,900,529,58.9,Medium
NGP-OR-OCC01066,2024-11-10,21:20,NGP005,840,443,52.8,Medium
NGP-OR-OCC01066,2024-11-10,21:59,NGP012,840,329,39.2,Low
NGP-OR-OCC01066,2024-11-10,21:46,NGP006,840,436,51.9,Medium
NGP-OR-OCC01067,2024-11-10,17:56,NGP001,900,699,77.7,Medium
NGP-OR-OCC01067,2024-11-10,17:45,NGP009,900,580,64.5,Medium
NGP-OR-OCC01067,2024-11-10,17:50,NGP014,900,681,75.7,Medium
NGP-OR-OCC01067,2024-11-10,17:15,NGP017,900,804,89.4,High
NGP-OR-OCC01067,2024-11-10,17:22,NGP006,900,598,66.5,Medium
NGP-OR-OCC01068,2024-11-10,10:43,NGP006,1120,694,62.0,Medium
NGP-OR-OCC01068,2024-11-10,10:26,NGP010,1120,466,41.7,Low
NGP-OR-OCC01068,2024-11-10,10:20,NGP005,1120,522,46.6,Medium
NGP-OR-OCC01069,2024-11-14,15:55,NGP005,1200,310,25.9,Low
NGP-OR-OCC01069,2024-11-14,15:33,NGP002,1200,348,29.0,Low
NGP-OR-OCC01069,2024-11-14,15:27,NGP011,1200,382,31.8,Low
NGP-OR-OCC01070,2024-11-14,18:28,NGP017,1120,1087,97.1,High
NGP-OR-OCC01070,2024-11-14,18:10,NGP013,1120,990,88.4,High
NGP-OR-OCC01070,2024-11-14,18:12,NGP018,1120,619,55.3,Medium
NGP-OR-OCC01071,2024-11-14,08:15,NGP004,1200,1000,83.4,High
NGP-OR-OCC01071,2024-11-14,08:38,NGP009,1200,733,61.2,Medium
NGP-OR-OCC01071,2024-11-14,08:26,NGP015,1200,1185,98.8,High
NGP-OR-OCC01072,2024-11-18,17:01,NGP003,900,621,69.0,Medium
NGP-OR-OCC01072,2024-11-18,17:26,NGP018,900,744,82.7,High
NGP-OR-OCC01072,2024-11-18,17:22,NGP013,900,524,58.3,Medium
NGP-OR-OCC01072,2024-11-18,17:00,NGP004,900,686,76.2,Medium
NGP-OR-OCC01072,2024-11-18,17:34,NGP007,900,606,67.3,Medium
NGP-OR-OCC01072,2024-11-18,17:23,NGP012,900,526,58.5,Medium
NGP-OR-OCC01073,2024-11-18,07:57,NGP017,900,888,98.7,High
NGP-OR-OCC01073,2024-11-18,07:54,NGP004,900,471,52.4,Medium
NGP-OR-OCC01073,2024-11-18,07:15,NGP015,900,570,63.4,Medium
NGP-OR-OCC01073,2024-11-18,07:41,NGP003,900,613,68.2,Medium
NGP-OR-OCC01074,2024-11-18,12:03,NGP008,1200,448,37.4,Low
NGP-OR-OCC01074,2024-11-18,12:53,NGP016,1200,982,81.9,High
NGP-OR-OCC01074,2024-11-18,12:20,NGP018,1200,327,27.3,Low
NGP-OR-OCC01074,2024-11-18,12:38,NGP003,1200,300,25.0,Low
NGP-OR-OCC01074,2024-11-18,12:19,NGP012,1200,347,29.0,Low
NGP-OR-OCC01074,2024-11-18,12:46,NGP013,1200,197,16.4,Low
NGP-OR-OCC01075,2024-11-22,12:46,NGP008,840,395,47.0,Medium
NGP-OR-OCC01075,2024-11-22,12:48,NGP013,840,163,19.4,Low
NGP-OR-OCC01075,2024-11-22,12:25,NGP016,840,527,62.7,Medium
NGP-OR-OCC01076,2024-11-22,23:49,NGP017,900,726,80.7,High
NGP-OR-OCC01076,2024-11-22,23:50,NGP014,900,88,9.9,Low
NGP-OR-OCC01076,2024-11-22,23:43,NGP008,900,127,14.2,Low
NGP-OR-OCC01076,2024-11-22,23:50,NGP010,900,67,7.5,Low
NGP-OR-OCC01076,2024-11-22,23:41,NGP007,900,94,10.5,Low
NGP-OR-OCC01076,2024-11-22,23:12,NGP011,900,82,9.2,Low
NGP-OR-OCC01077,2024-11-22,16:37,NGP005,840,353,42.1,Low
NGP-OR-OCC01077,2024-11-22,16:08,NGP002,840,422,50.3,Medium
NGP-OR-OCC01077,2024-11-22,16:54,NGP013,840,258,30.8,Low
NGP-OR-OCC01077,2024-11-22,16:31,NGP017,840,750,89.3,High
NGP-OR-OCC01077,2024-11-22,16:47,NGP009,840,422,50.3,Medium
NGP-OR-OCC01078,2024-11-26,05:20,NGP015,1120,520,46.4,Medium
NGP-OR-OCC01078,2024-11-26,05:01,NGP014,1120,84,7.6,Low
NGP-OR-OCC01078,2024-11-26,05:06,NGP008,1120,87,7.8,Low
NGP-OR-OCC01078,2024-11-26,05:07,NGP007,1120,121,10.8,Low
NGP-OR-OCC01079,2024-11-26,08:50,NGP001,1120,817,73.0,Medium
NGP-OR-OCC01079,2024-11-26,08:09,NGP005,1120,1250,111.6,Critical
NGP-OR-OCC01079,2024-11-26,08:06,NGP008,1120,881,78.7,Medium
NGP-OR-OCC01079,2024-11-26,08:48,NGP012,1120,724,64.7,Medium
NGP-OR-OCC01079,2024-11-26,08:09,NGP010,1120,1206,107.7,Critical
NGP-OR-OCC01079,2024-11-26,08:34,NGP014,1120,949,84.8,High
NGP-OR-OCC01080,2024-11-26,13:44,NGP015,900,476,53.0,Medium
NGP-OR-OCC01080,2024-11-26,13:27,NGP002,900,429,47.8,Medium
NGP-OR-OCC01080,2024-11-26,13:28,NGP009,900,294,32.7,Low
NGP-OR-OCC01081,2024-11-30,13:07,NGP001,900,264,29.4,Low
NGP-OR-OCC01081,2024-11-30,13:59,NGP018,900,375,41.7,Low
NGP-OR-OCC01081,2024-11-30,13:31,NGP004,900,359,39.9,Low
NGP-OR-OCC01082,2024-11-30,10:53,NGP003,840,313,37.3,Low
NGP-OR-OCC01082,2024-11-30,10:46,NGP007,840,414,49.4,Medium
NGP-OR-OCC01082,2024-11-30,10:31,NGP016,840,622,74.1,Medium
NGP-OR-OCC01082,2024-11-30,10:19,NGP015,840,668,79.5,Medium
NGP-OR-OCC01083,2024-11-30,06:56,NGP014,900,240,26.7,Low
NGP-OR-OCC01083,2024-11-30,06:33,NGP013,900,220,24.5,Low
NGP-OR-OCC01083,2024-11-30,06:19,NGP007,900,299,33.3,Low
NGP-OR-OCC01083,2024-11-30,06:48,NGP017,900,790,87.9,High
NGP-OR-OCC01083,2024-11-30,06:28,NGP010,900,269,29.9,Low
NGP-OR-OCC01083,2024-11-30,06:14,NGP003,900,229,25.5,Low
NGP-OR-OCC01084,2024-12-04,18:34,NGP002,840,534,63.7,Medium
NGP-OR-OCC01084,2024-12-04,18:54,NGP006,840,931,110.9,Critical
NGP-OR-OCC01084,2024-12-04,18:35,NGP018,840,516,61.5,Medium
NGP-OR-OCC01085,2024-12-04,08:43,NGP007,1200,907,75.6,Medium
NGP-OR-OCC01085,2024-12-04,08:34,NGP017,1200,731,60.9,Medium
NGP-OR-OCC01085,2024-12-04,08:24,NGP006,1200,1101,91.8,High
NGP-OR-OCC01086,2024-12-04,10:45,NGP008,1200,856,71.3,Medium
NGP-OR-OCC01086,2024-12-04,10:11,NGP015,1200,858,71.6,Medium
NGP-OR-OCC01086,2024-12-04,10:12,NGP002,1200,1218,101.5,High
NGP-OR-OCC01086,2024-12-04,10:35,NGP003,1200,482,40.2,Low
NGP-OR-OCC01087,2024-12-08,15:25,NGP008,1120,331,29.6,Low
NGP-OR-OCC01087,2024-12-08,15:21,NGP006,1120,404,36.1,Low
NGP-OR-OCC01087,2024-12-08,15:21,NGP003,1120,771,68.8,Medium
NGP-OR-OCC01087,2024-12-08,15:05,NGP015,1120,854,76.3,Medium
NGP-OR-OCC01087,2024-12-08,15:55,NGP010,1120,716,64.0,Medium
NGP-OR-OCC01087,2024-12-08,15:06,NGP014,1120,591,52.8,Medium
NGP-OR-OCC01088,2024-12-08,20:58,NGP010,900,285,31.7,Low
NGP-OR-OCC01088,2024-12-08,20:41,NGP013,900,817,90.8,High
NGP-OR-OCC01088,2024-12-08,20:22,NGP004,900,196,21.8,Low
NGP-OR-OCC01088,2024-12-08,20:12,NGP006,900,879,97.7,High
NGP-OR-OCC01088,2024-12-08,20:33,NGP011,900,637,70.8,Medium
NGP-OR-OCC01088,2024-12-08,20:33,NGP005,900,809,89.9,High
NGP-OR-OCC01089,2024-12-08,09:12,NGP016,1120,750,67.0,Medium
NGP-OR-OCC01089,2024-12-08,09:34,NGP004,1120,757,67.6,Medium
NGP-OR-OCC01089,2024-12-08,09:27,NGP002,1120,821,73.4,Medium
NGP-OR-OCC01089,2024-12-08,09:07,NGP015,1120,1075,96.1,High
NGP-OR-OCC01089,2024-12-08,09:03,NGP007,1120,1143,102.1,High
NGP-OR-OCC01089,2024-12-08,09:30,NGP018,1120,704,62.9,Medium
NGP-OR-OCC01090,2024-12-12,17:51,NGP009,1120,833,74.4,Medium
NGP-OR-OCC01090,2024-12-12,17:31,NGP014,1120,946,84.5,High
NGP-OR-OCC01090,2024-12-12,17:31,NGP016,1120,761,68.0,Medium
NGP-OR-OCC01090,2024-12-12,17:34,NGP018,1120,805,71.9,Medium
NGP-OR-OCC01091,2024-12-12,20:36,NGP008,900,504,56.0,Medium
NGP-OR-OCC01091,2024-12-12,20:37,NGP007,900,810,90.1,High
NGP-OR-OCC01091,2024-12-12,20:57,NGP006,900,688,76.4,Medium
NGP-OR-OCC01092,2024-12-12,19:51,NGP008,1120,884,79.0,Medium
NGP-OR-OCC01092,2024-12-12,19:49,NGP010,1120,556,49.7,Medium
NGP-OR-OCC01092,2024-12-12,19:47,NGP009,1120,1077,96.2,High
NGP-OR-OCC01092,2024-12-12,19:47,NGP002,1120,1210,108.1,Critical
NGP-OR-OCC01093,2024-12-16,16:18,NGP001,1120,761,68.0,Medium
NGP-OR-OCC01093,2024-12-16,16:04,NGP007,1120,497,44.4,Low
NGP-OR-OCC01093,2024-12-16,16:07,NGP008,1120,610,54.5,Medium
NGP-OR-OCC01093,2024-12-16,16:39,NGP002,1120,410,36.6,Low
NGP-OR-OCC01094,2024-12-16,07:21,NGP002,840,388,46.2,Medium
NGP-OR-OCC01094,2024-12-16,07:39,NGP008,840,290,34.6,Low
NGP-OR-OCC01094,2024-12-16,07:50,NGP018,840,489,58.3,Medium
NGP-OR-OCC01094,2024-12-16,07:32,NGP011,840,671,80.0,Medium
NGP-OR-OCC01094,2024-12-16,07:12,NGP007,840,491,58.5,Medium
NGP-OR-OCC01094,2024-12-16,07:17,NGP014,840,642,76.5,Medium
NGP-OR-OCC01095,2024-12-16,07:12,NGP007,1200,878,73.2,Medium
NGP-OR-OCC01095,2024-12-16,07:11,NGP008,1200,406,33.9,Low
NGP-OR-OCC01095,2024-12-16,07:21,NGP016,1200,1195,99.6,High
NGP-OR-OCC01095,2024-12-16,07:44,NGP014,1200,657,54.8,Medium
NGP-OR-OCC01095,2024-12-16,07:18,NGP002,1200,350,29.2,Low
NGP-OR-OCC01095,2024-12-16,07:24,NGP006,1200,842,70.2,Medium
NGP-OR-OCC01096,2024-12-20,17:38,NGP012,840,706,84.1,High
NGP-OR-OCC01096,2024-12-20,17:58,NGP017,840,855,101.9,High
NGP-OR-OCC01096,2024-12-20,17:32,NGP011,840,591,70.5,Medium
NGP-OR-OCC01096,2024-12-20,17:31,NGP008,840,661,78.8,Medium
NGP-OR-OCC01097,2024-12-20,22:45,NGP004,900,85,9.4,Low
NGP-OR-OCC01097,2024-12-20,22:19,NGP005,900,334,37.1,Low
NGP-OR-OCC01097,2024-12-20,22:29,NGP008,900,227,25.2,Low
NGP-OR-OCC01097,2024-12-20,22:07,NGP006,900,298,33.2,Low
NGP-OR-OCC01097,2024-12-20,22:11,NGP003,900,73,8.1,Low
NGP-OR-OCC01098,2024-12-20,20:51,NGP005,900,675,75.1,Medium
NGP-OR-OCC01098,2024-12-20,20:24,NGP001,900,220,24.5,Low
NGP-OR-OCC01098,2024-12-20,20:03,NGP008,900,835,92.9,High
NGP-OR-OCC01098,2024-12-20,20:00,NGP006,900,506,56.3,Medium
NGP-OR-OCC01099,2024-12-24,10:58,NGP003,840,266,31.8,Low
NGP-OR-OCC01099,2024-12-24,10:39,NGP011,840,384,45.8,Medium
NGP-OR-OCC01099,2024-12-24,10:17,NGP016,840,430,51.3,Medium
NGP-OR-OCC01100,2024-12-24,10:44,NGP002,840,899,107.0,Critical
NGP-OR-OCC01100,2024-12-24,10:44,NGP005,840,365,43.5,Low
NGP-OR-OCC01100,2024-12-24,10:25,NGP009,840,593,70.6,Medium
NGP-OR-OCC01101,2024-12-24,10:16,NGP014,900,399,44.4,Low
NGP-OR-OCC01101,2024-12-24,10:48,NGP011,900,435,48.4,Medium
NGP-OR-OCC01101,2024-12-24,10:57,NGP012,900,677,75.3,Medium
NGP-OR-OCC01101,2024-12-24,10:52,NGP016,900,720,80.0,High
NGP-OR-OCC01102,2024-12-28,20:51,NGP010,840,251,30.0,Low
NGP-OR-OCC01102,2024-12-28,20:57,NGP004,840,272,32.4,Low
NGP-OR-OCC01102,2024-12-28,20:21,NGP012,840,609,72.5,Medium
NGP-OR-OCC01102,2024-12-28,20:33,NGP011,840,651,77.6,Medium
NGP-OR-OCC01103,2024-12-28,08:51,NGP011,840,997,118.7,Critical
NGP-OR-OCC01103,2024-12-28,08:09,NGP017,840,664,79.1,Medium
NGP-OR-OCC01103,2024-12-28,08:42,NGP004,840,736,87.6,High
NGP-OR-OCC01103,2024-12-28,08:36,NGP010,840,718,85.5,High
NGP-OR-OCC01103,2024-12-28,08:12,NGP002,840,635,75.7,Medium
NGP-OR-OCC01103,2024-12-28,08:49,NGP012,840,789,94.0,High
NGP-OR-OCC01104,2024-12-28,09:00,NGP014,1120,1112,99.4,High
NGP-OR-OCC01104,2024-12-28,09:49,NGP010,1120,870,77.7,Medium
NGP-OR-OCC01104,2024-12-28,09:25,NGP018,1120,1002,89.5,High
NGP-OR-OCC01104,2024-12-28,09:45,NGP007,1120,942,84.1,High
NGP-AQ-OCC01105,2024-10-01,20:08,NGP034,900,814,90.6,High
NGP-AQ-OCC01105,2024-10-01,20:28,NGP023,900,715,79.5,Medium
NGP-AQ-OCC01105,2024-10-01,20:10,NGP019,900,415,46.2,Medium
NGP-AQ-OCC01105,2024-10-01,20:32,NGP029,900,840,93.3,High
NGP-AQ-OCC01105,2024-10-01,20:01,NGP022,900,858,95.4,High
NGP-AQ-OCC01105,2024-10-01,20:53,NGP035,900,269,29.9,Low
NGP-AQ-OCC01106,2024-10-01,20:26,NGP030,1120,1029,91.9,High
NGP-AQ-OCC01106,2024-10-01,20:04,NGP026,1120,415,37.1,Low
NGP-AQ-OCC01106,2024-10-01,20:16,NGP024,1120,362,32.3,Low
NGP-AQ-OCC01106,2024-10-01,20:11,NGP023,1120,1077,96.2,High
NGP-AQ-OCC01106,2024-10-01,20:32,NGP029,1120,644,57.5,Medium
NGP-AQ-OCC01107,2024-10-01,20:30,NGP023,840,786,93.6,High
NGP-AQ-OCC01107,2024-10-01,20:19,NGP008,840,705,84.0,High
NGP-AQ-OCC01107,2024-10-01,20:49,NGP020,840,649,77.4,Medium
NGP-AQ-OCC01107,2024-10-01,20:03,NGP031,840,520,62.0,Medium
NGP-AQ-OCC01107,2024-10-01,20:13,NGP022,840,771,91.9,High
NGP-AQ-OCC01108,2024-10-05,07:48,NGP008,840,374,44.6,Low
NGP-AQ-OCC01108,2024-10-05,07:15,NGP027,840,288,34.4,Low
NGP-AQ-OCC01108,2024-10-05,07:16,NGP035,840,550,65.5,Medium
NGP-AQ-OCC01108,2024-10-05,07:43,NGP033,840,388,46.2,Medium
NGP-AQ-OCC01108,2024-10-05,07:25,NGP026,840,533,63.5,Medium
NGP-AQ-OCC01109,2024-10-05,16:03,NGP019,1120,642,57.4,Medium
NGP-AQ-OCC01109,2024-10-05,16:57,NGP032,1120,321,28.7,Low
NGP-AQ-OCC01109,2024-10-05,16:30,NGP027,1120,464,41.5,Low
NGP-AQ-OCC01109,2024-10-05,16:37,NGP024,1120,787,70.3,Medium
NGP-AQ-OCC01109,2024-10-05,16:59,NGP025,1120,465,41.6,Low
NGP-AQ-OCC01109,2024-10-05,16:32,NGP028,1120,762,68.0,Medium
NGP-AQ-OCC01110,2024-10-05,08:31,NGP008,840,792,94.3,High
NGP-AQ-OCC01110,2024-10-05,08:40,NGP027,840,485,57.8,Medium
NGP-AQ-OCC01110,2024-10-05,08:54,NGP024,840,830,98.8,High
NGP-AQ-OCC01110,2024-10-05,08:23,NGP029,840,561,66.8,Medium
NGP-AQ-OCC01110,2024-10-05,08:34,NGP026,840,947,112.8,Critical
NGP-AQ-OCC01110,2024-10-05,08:38,NGP032,840,675,80.4,High
NGP-AQ-OCC01111,2024-10-09,15:49,NGP025,900,206,22.9,Low
NGP-AQ-OCC01111,2024-10-09,15:50,NGP022,900,290,32.3,Low
NGP-AQ-OCC01111,2024-10-09,15:04,NGP026,900,395,43.9,Low
NGP-AQ-OCC01111,2024-10-09,15:48,NGP023,900,410,45.6,Medium
NGP-AQ-OCC01111,2024-10-09,15:22,NGP030,900,358,39.8,Low
NGP-AQ-OCC01111,2024-10-09,15:18,NGP032,900,293,32.6,Low
NGP-AQ-OCC01112,2024-10-09,14:29,NGP027,840,239,28.5,Low
NGP-AQ-OCC01112,2024-10-09,14:24,NGP024,840,466,55.6,Medium
NGP-AQ-OCC01112,2024-10-09,14:40,NGP020,840,310,36.9,Low
NGP-AQ-OCC01112,2024-10-09,14:18,NGP028,840,298,35.6,Low
NGP-AQ-OCC01113,2024-10-09,08:46,NGP008,900,832,92.4,High
NGP-AQ-OCC01113,2024-10-09,08:07,NGP035,900,956,106.2,Critical
NGP-AQ-OCC01113,2024-10-09,08:20,NGP030,900,760,84.5,High
NGP-AQ-OCC01114,2024-10-13,08:41,NGP025,1120,814,72.7,Medium
NGP-AQ-OCC01114,2024-10-13,08:52,NGP026,1120,1008,90.0,High
NGP-AQ-OCC01114,2024-10-13,08:42,NGP031,1120,1265,113.0,Critical
NGP-AQ-OCC01114,2024-10-13,08:38,NGP035,1120,997,89.0,High
NGP-AQ-OCC01115,2024-10-13,14:58,NGP027,840,359,42.8,Low
NGP-AQ-OCC01115,2024-10-13,14:00,NGP028,840,333,39.7,Low
NGP-AQ-OCC01115,2024-10-13,14:29,NGP024,840,371,44.2,Low
NGP-AQ-OCC01115,2024-10-13,14:35,NGP023,840,235,28.0,Low
NGP-AQ-OCC01115,2024-10-13,14:11,NGP021,840,390,46.5,Medium
NGP-AQ-OCC01115,2024-10-13,14:22,NGP035,840,317,37.8,Low
NGP-AQ-OCC01116,2024-10-13,20:15,NGP034,840,692,82.4,High
NGP-AQ-OCC01116,2024-10-13,20:22,NGP035,840,192,22.9,Low
NGP-AQ-OCC01116,2024-10-13,20:03,NGP021,840,249,29.7,Low
NGP-AQ-OCC01117,2024-10-17,08:57,NGP029,900,579,64.3,Medium
NGP-AQ-OCC01117,2024-10-17,08:38,NGP031,900,1024,113.8,Critical
NGP-AQ-OCC01117,2024-10-17,08:11,NGP025,900,775,86.1,High
NGP-AQ-OCC01117,2024-10-17,08:51,NGP027,900,463,51.5,Medium
NGP-AQ-OCC01118,2024-10-17,15:48,NGP029,1120,527,47.1,Medium
NGP-AQ-OCC01118,2024-10-17,15:55,NGP032,1120,415,37.1,Low
NGP-AQ-OCC01118,2024-10-17,15:27,NGP027,1120,326,29.1,Low
NGP-AQ-OCC01118,2024-10-17,15:48,NGP030,1120,544,48.6,Medium
NGP-AQ-OCC01118,2024-10-17,15:41,NGP021,1120,848,75.8,Medium
NGP-AQ-OCC01118,2024-10-17,15:05,NGP020,1120,360,32.2,Low
NGP-AQ-OCC01119,2024-10-17,08:30,NGP032,1120,851,76.0,Medium
NGP-AQ-OCC01119,2024-10-17,08:13,NGP033,1120,588,52.6,Medium
NGP-AQ-OCC01119,2024-10-17,08:52,NGP023,1120,641,57.3,Medium
NGP-AQ-OCC01119,2024-10-17,08:58,NGP019,1120,988,88.2,High
NGP-AQ-OCC01119,2024-10-17,08:41,NGP027,1120,768,68.6,Medium
NGP-AQ-OCC01120,2024-10-21,09:02,NGP034,840,786,93.6,High
NGP-AQ-OCC01120,2024-10-21,09:19,NGP035,840,713,84.9,High
NGP-AQ-OCC01120,2024-10-21,09:15,NGP019,840,623,74.2,Medium
NGP-AQ-OCC01121,2024-10-21,21:06,NGP033,900,399,44.4,Low
NGP-AQ-OCC01121,2024-10-21,21:28,NGP023,900,479,53.3,Medium
NGP-AQ-OCC01121,2024-10-21,21:18,NGP025,900,550,61.2,Medium
NGP-AQ-OCC01121,2024-10-21,21:18,NGP032,900,513,57.1,Medium
NGP-AQ-OCC01121,2024-10-21,21:05,NGP031,900,778,86.5,High
NGP-AQ-OCC01121,2024-10-21,21:02,NGP019,900,306,34.0,Low
NGP-AQ-OCC01122,2024-10-21,09:32,NGP035,1120,1046,93.4,High
NGP-AQ-OCC01122,2024-10-21,09:31,NGP019,1120,773,69.1,Medium
NGP-AQ-OCC01122,2024-10-21,09:04,NGP026,1120,729,65.1,Medium
NGP-AQ-OCC01123,2024-10-25,10:25,NGP030,840,559,66.7,Medium
NGP-AQ-OCC01123,2024-10-25,10:44,NGP023,840,592,70.5,Medium
NGP-AQ-OCC01123,2024-10-25,10:16,NGP028,840,406,48.4,Medium
NGP-AQ-OCC01123,2024-10-25,10:51,NGP035,840,280,33.4,Low
NGP-AQ-OCC01123,2024-10-25,10:53,NGP019,840,297,35.5,Low
NGP-AQ-OCC01124,2024-10-25,20:16,NGP035,840,197,23.5,Low
NGP-AQ-OCC01124,2024-10-25,20:51,NGP021,840,302,36.0,Low
NGP-AQ-OCC01124,2024-10-25,20:56,NGP026,840,461,54.9,Medium
NGP-AQ-OCC01124,2024-10-25,20:49,NGP022,840,659,78.5,Medium
NGP-AQ-OCC01124,2024-10-25,20:30,NGP029,840,495,59.0,Medium
NGP-AQ-OCC01125,2024-10-25,18:27,NGP033,1120,1109,99.0,High
NGP-AQ-OCC01125,2024-10-25,18:02,NGP023,1120,746,66.7,Medium
NGP-AQ-OCC01125,2024-10-25,18:11,NGP026,1120,781,69.7,Medium
NGP-AQ-OCC01125,2024-10-25,18:17,NGP034,1120,1126,100.6,High
NGP-AQ-OCC01125,2024-10-25,18:23,NGP035,1120,612,54.6,Medium
NGP-AQ-OCC01125,2024-10-25,18:06,NGP020,1120,1076,96.2,High
NGP-AQ-OCC01126,2024-10-29,06:35,NGP026,840,314,37.5,Low
NGP-AQ-OCC01126,2024-10-29,06:15,NGP025,840,225,26.8,Low
NGP-AQ-OCC01126,2024-10-29,06:32,NGP030,840,126,15.1,Low
NGP-AQ-OCC01127,2024-10-29,20:29,NGP024,1200,438,36.5,Low
NGP-AQ-OCC01127,2024-10-29,20:43,NGP022,1200,975,81.3,High
NGP-AQ-OCC01127,2024-10-29,20:22,NGP029,1200,1140,95.0,High
NGP-AQ-OCC01127,2024-10-29,20:47,NGP031,1200,1106,92.2,High
NGP-AQ-OCC01127,2024-10-29,20:38,NGP033,1200,1020,85.0,High
NGP-AQ-OCC01127,2024-10-29,20:13,NGP023,1200,914,76.2,Medium
NGP-AQ-OCC01128,2024-10-29,16:46,NGP030,1200,474,39.5,Low
NGP-AQ-OCC01128,2024-10-29,16:06,NGP021,1200,877,73.1,Medium
NGP-AQ-OCC01128,2024-10-29,16:52,NGP029,1200,549,45.8,Medium
NGP-AQ-OCC01128,2024-10-29,16:08,NGP020,1200,548,45.7,Medium
NGP-AQ-OCC01128,2024-10-29,16:49,NGP024,1200,997,83.1,High
NGP-AQ-OCC01128,2024-10-29,16:07,NGP028,1200,1105,92.1,High
NGP-AQ-OCC01129,2024-11-02,06:19,NGP032,1120,380,34.0,Low
NGP-AQ-OCC01129,2024-11-02,06:40,NGP021,1120,262,23.4,Low
NGP-AQ-OCC01129,2024-11-02,06:07,NGP026,1120,508,45.4,Medium
NGP-AQ-OCC01129,2024-11-02,06:01,NGP020,1120,209,18.7,Low
NGP-AQ-OCC01130,2024-11-02,08:19,NGP027,900,518,57.6,Medium
NGP-AQ-OCC01130,2024-11-02,08:33,NGP029,900,675,75.1,Medium
NGP-AQ-OCC01130,2024-11-02,08:45,NGP020,900,669,74.4,Medium
NGP-AQ-OCC01130,2024-11-02,08:27,NGP024,900,1096,121.8,Critical
NGP-AQ-OCC01131,2024-11-02,19:39,NGP032,900,908,101.0,High
NGP-AQ-OCC01131,2024-11-02,19:30,NGP026,900,783,87.1,High
NGP-AQ-OCC01131,2024-11-02,19:17,NGP019,900,894,99.4,High
NGP-AQ-OCC01131,2024-11-02,19:26,NGP035,900,277,30.8,Low
NGP-AQ-OCC01131,2024-11-02,19:31,NGP023,900,991,110.1,Critical
NGP-AQ-OCC01132,2024-11-06,15:48,NGP008,1120,333,29.8,Low
NGP-AQ-OCC01132,2024-11-06,15:35,NGP024,1120,631,56.4,Medium
NGP-AQ-OCC01132,2024-11-06,15:27,NGP034,1120,257,23.0,Low
NGP-AQ-OCC01133,2024-11-06,11:55,NGP019,840,251,29.9,Low
NGP-AQ-OCC01133,2024-11-06,11:28,NGP023,840,431,51.4,Medium
NGP-AQ-OCC01133,2024-11-06,11:15,NGP033,840,503,59.9,Medium
NGP-AQ-OCC01133,2024-11-06,11:00,NGP020,840,415,49.5,Medium
NGP-AQ-OCC01133,2024-11-06,11:23,NGP024,840,287,34.3,Low
NGP-AQ-OCC01133,2024-11-06,11:42,NGP035,840,224,26.7,Low
NGP-AQ-OCC01134,2024-11-06,20:44,NGP034,1200,1149,95.8,High
NGP-AQ-OCC01134,2024-11-06,20:42,NGP021,1200,447,37.3,Low
NGP-AQ-OCC01134,2024-11-06,20:17,NGP008,1200,842,70.2,Medium
NGP-AQ-OCC01134,2024-11-06,20:56,NGP024,1200,302,25.2,Low
NGP-AQ-OCC01134,2024-11-06,20:09,NGP020,1200,765,63.8,Medium
NGP-AQ-OCC01134,2024-11-06,20:05,NGP025,1200,818,68.2,Medium
NGP-AQ-OCC01135,2024-11-10,20:48,NGP030,900,720,80.0,High
NGP-AQ-OCC01135,2024-11-10,20:52,NGP019,900,362,40.3,Low
NGP-AQ-OCC01135,2024-11-10,20:35,NGP023,900,748,83.1,High
NGP-AQ-OCC01135,2024-11-10,20:17,NGP031,900,933,103.7,High
NGP-AQ-OCC01135,2024-11-10,20:53,NGP029,900,873,97.0,High
NGP-AQ-OCC01136,2024-11-10,18:56,NGP023,900,727,80.8,High
NGP-AQ-OCC01136,2024-11-10,18:21,NGP008,900,652,72.5,Medium
NGP-AQ-OCC01136,2024-11-10,18:25,NGP024,900,636,70.7,Medium
NGP-AQ-OCC01136,2024-11-10,18:42,NGP035,900,394,43.8,Low
NGP-AQ-OCC01136,2024-11-10,18:41,NGP021,900,663,73.8,Medium
NGP-AQ-OCC01137,2024-11-10,15:52,NGP008,1120,398,35.6,Low
NGP-AQ-OCC01137,2024-11-10,15:07,NGP034,1120,342,30.6,Low
NGP-AQ-OCC01137,2024-11-10,15:10,NGP021,1120,627,56.0,Medium
NGP-AQ-OCC01137,2024-11-10,15:29,NGP032,1120,343,30.6,Low
NGP-AQ-OCC01137,2024-11-10,15:49,NGP031,1120,992,88.6,High
NGP-AQ-OCC01138,2024-11-14,18:53,NGP022,840,687,81.9,High
NGP-AQ-OCC01138,2024-11-14,18:09,NGP008,840,724,86.2,High
NGP-AQ-OCC01138,2024-11-14,18:59,NGP025,840,797,95.0,High
NGP-AQ-OCC01138,2024-11-14,18:04,NGP021,840,374,44.6,Low
NGP-AQ-OCC01138,2024-11-14,18:59,NGP033,840,879,104.7,High
NGP-AQ-OCC01138,2024-11-14,18:04,NGP029,840,804,95.8,High
NGP-AQ-OCC01139,2024-11-14,20:39,NGP027,840,701,83.6,High
NGP-AQ-OCC01139,2024-11-14,20:29,NGP024,840,238,28.4,Low
NGP-AQ-OCC01139,2024-11-14,20:08,NGP025,840,638,76.0,Medium
NGP-AQ-OCC01139,2024-11-14,20:57,NGP034,840,714,85.1,High
NGP-AQ-OCC01139,2024-11-14,20:05,NGP031,840,608,72.5,Medium
NGP-AQ-OCC01139,2024-11-14,20:46,NGP028,840,222,26.5,Low
NGP-AQ-OCC01140,2024-11-14,10:43,NGP035,1120,538,48.0,Medium
NGP-AQ-OCC01140,2024-11-14,10:29,NGP020,1120,885,79.1,Medium
NGP-AQ-OCC01140,2024-11-14,10:10,NGP027,1120,762,68.1,Medium
NGP-AQ-OCC01140,2024-11-14,10:13,NGP023,1120,1187,106.0,Critical
NGP-AQ-OCC01141,2024-11-18,19:51,NGP033,900,924,102.7,High
NGP-AQ-OCC01141,2024-11-18,19:27,NGP026,900,587,65.2,Medium
NGP-AQ-OCC01141,2024-11-18,19:33,NGP022,900,770,85.6,High
NGP-AQ-OCC01141,2024-11-18,19:06,NGP024,900,285,31.7,Low
NGP-AQ-OCC01141,2024-11-18,19:05,NGP019,900,525,58.4,Medium
NGP-AQ-OCC01142,2024-11-18,18:42,NGP019,1200,836,69.7,Medium
NGP-AQ-OCC01142,2024-11-18,18:10,NGP022,1200,1215,101.3,High
NGP-AQ-OCC01142,2024-11-18,18:28,NGP034,1200,1059,88.3,High
NGP-AQ-OCC01142,2024-11-18,18:30,NGP025,1200,1189,99.1,High
NGP-AQ-OCC01142,2024-11-18,18:25,NGP021,1200,843,70.3,Medium
NGP-AQ-OCC01143,2024-11-18,20:52,NGP019,900,353,39.2,Low
NGP-AQ-OCC01143,2024-11-18,20:41,NGP032,900,563,62.6,Medium
NGP-AQ-OCC01143,2024-11-18,20:46,NGP008,900,752,83.6,High
NGP-AQ-OCC01143,2024-11-18,20:04,NGP021,900,324,36.0,Low
NGP-AQ-OCC01143,2024-11-18,20:32,NGP031,900,969,107.7,Critical
NGP-AQ-OCC01143,2024-11-18,20:46,NGP027,900,763,84.8,High
NGP-AQ-OCC01144,2024-11-22,20:16,NGP035,840,280,33.3,Low
NGP-AQ-OCC01144,2024-11-22,20:08,NGP033,840,567,67.5,Medium
NGP-AQ-OCC01144,2024-11-22,20:52,NGP032,840,565,67.4,Medium
NGP-AQ-OCC01145,2024-11-22,18:48,NGP021,1200,611,50.9,Medium
NGP-AQ-OCC01145,2024-11-22,18:35,NGP024,1200,861,71.8,Medium
NGP-AQ-OCC01145,2024-11-22,18:46,NGP027,1200,1006,83.9,High
NGP-AQ-OCC01145,2024-11-22,18:15,NGP034,1200,1051,87.6,High
NGP-AQ-OCC01145,2024-11-22,18:10,NGP028,1200,670,55.9,Medium
NGP-AQ-OCC01145,2024-11-22,18:59,NGP030,1200,1264,105.4,Critical
NGP-AQ-OCC01146,2024-11-22,16:53,NGP032,1200,451,37.6,Low
NGP-AQ-OCC01146,2024-11-22,16:03,NGP030,1200,625,52.1,Medium
NGP-AQ-OCC01146,2024-11-22,16:53,NGP028,1200,773,64.4,Medium
NGP-AQ-OCC01146,2024-11-22,16:04,NGP022,1200,479,40.0,Low
NGP-AQ-OCC01146,2024-11-22,16:39,NGP008,1200,701,58.4,Medium
NGP-AQ-OCC01146,2024-11-22,16:10,NGP029,1200,496,41.4,Low
NGP-AQ-OCC01147,2024-11-26,05:43,NGP031,1120,431,38.5,Low
NGP-AQ-OCC01147,2024-11-26,05:31,NGP034,1120,104,9.3,Low
NGP-AQ-OCC01147,2024-11-26,05:12,NGP023,1120,103,9.2,Low
NGP-AQ-OCC01147,2024-11-26,05:10,NGP033,1120,115,10.3,Low
NGP-AQ-OCC01147,2024-11-26,05:06,NGP030,1120,110,9.9,Low
NGP-AQ-OCC01148,2024-11-26,09:24,NGP008,1200,1027,85.6,High
NGP-AQ-OCC01148,2024-11-26,09:09,NGP032,1200,1326,110.6,Critical
NGP-AQ-OCC01148,2024-11-26,09:11,NGP019,1200,928,77.4,Medium
NGP-AQ-OCC01148,2024-11-26,09:22,NGP026,1200,937,78.2,Medium
NGP-AQ-OCC01149,2024-11-26,20:50,NGP021,1200,261,21.8,Low
NGP-AQ-OCC01149,2024-11-26,20:04,NGP035,1200,331,27.6,Low
NGP-AQ-OCC01149,2024-11-26,20:03,NGP024,1200,324,27.1,Low
NGP-AQ-OCC01149,2024-11-26,20:32,NGP008,1200,730,60.9,Medium
NGP-AQ-OCC01149,2024-11-26,20:37,NGP020,1200,929,77.4,Medium
NGP-AQ-OCC01150,2024-11-30,15:52,NGP019,1120,352,31.5,Low
NGP-AQ-OCC01150,2024-11-30,15:00,NGP029,1120,313,28.0,Low
NGP-AQ-OCC01150,2024-11-30,15:40,NGP030,1120,539,48.2,Medium
NGP-AQ-OCC01151,2024-11-30,19:02,NGP028,900,343,38.2,Low
NGP-AQ-OCC01151,2024-11-30,19:35,NGP024,900,363,40.3,Low
NGP-AQ-OCC01151,2024-11-30,19:54,NGP030,900,684,76.0,Medium
NGP-AQ-OCC01151,2024-11-30,19:03,NGP029,900,1016,113.0,Critical
NGP-AQ-OCC01151,2024-11-30,19:45,NGP020,900,1001,111.3,Critical
NGP-AQ-OCC01152,2024-11-30,20:11,NGP028,840,239,28.5,Low
NGP-AQ-OCC01152,2024-11-30,20:27,NGP029,840,715,85.1,High
NGP-AQ-OCC01152,2024-11-30,20:02,NGP035,840,179,21.4,Low
NGP-AQ-OCC01152,2024-11-30,20:01,NGP019,840,472,56.3,Medium
NGP-AQ-OCC01153,2024-12-04,21:29,NGP028,840,152,18.1,Low
NGP-AQ-OCC01153,2024-12-04,21:16,NGP023,840,398,47.4,Medium
NGP-AQ-OCC01153,2024-12-04,21:56,NGP031,840,673,80.2,High
NGP-AQ-OCC01153,2024-12-04,21:07,NGP033,840,512,61.0,Medium
NGP-AQ-OCC01153,2024-12-04,21:35,NGP020,840,370,44.1,Low
NGP-AQ-OCC01153,2024-12-04,21:45,NGP022,840,323,38.6,Low
NGP-AQ-OCC01154,2024-12-04,08:49,NGP035,900,910,101.2,High
NGP-AQ-OCC01154,2024-12-04,08:32,NGP024,900,891,99.0,High
NGP-AQ-OCC01154,2024-12-04,08:28,NGP019,900,1122,124.7,Critical
NGP-AQ-OCC01154,2024-12-04,08:37,NGP026,900,687,76.4,Medium
NGP-AQ-OCC01154,2024-12-04,08:06,NGP030,900,725,80.6,High
NGP-AQ-OCC01155,2024-12-04,19:44,NGP028,840,334,39.8,Low
NGP-AQ-OCC01155,2024-12-04,19:56,NGP023,840,842,100.3,High
NGP-AQ-OCC01155,2024-12-04,19:42,NGP024,840,385,45.9,Medium
NGP-AQ-OCC01155,2024-12-04,19:14,NGP033,840,690,82.2,High
NGP-AQ-OCC01155,2024-12-04,19:23,NGP030,840,840,100.0,High
NGP-AQ-OCC01156,2024-12-08,12:45,NGP029,1120,430,38.4,Low
NGP-AQ-OCC01156,2024-12-08,12:28,NGP031,1120,1014,90.6,High
NGP-AQ-OCC01156,2024-12-08,12:40,NGP030,1120,396,35.4,Low
NGP-AQ-OCC01156,2024-12-08,12:39,NGP022,1120,245,21.9,Low
NGP-AQ-OCC01157,2024-12-08,15:51,NGP033,840,258,30.7,Low
NGP-AQ-OCC01157,2024-12-08,15:27,NGP030,840,236,28.1,Low
NGP-AQ-OCC01157,2024-12-08,15:02,NGP023,840,319,38.1,Low
NGP-AQ-OCC01157,2024-12-08,15:18,NGP024,840,692,82.4,High
NGP-AQ-OCC01157,2024-12-08,15:30,NGP008,840,305,36.3,Low
NGP-AQ-OCC01158,2024-12-08,21:44,NGP026,1120,382,34.2,Low
NGP-AQ-OCC01158,2024-12-08,21:19,NGP025,1120,600,53.7,Medium
NGP-AQ-OCC01158,2024-12-08,21:57,NGP032,1120,570,50.9,Medium
NGP-AQ-OCC01158,2024-12-08,21:10,NGP033,1120,604,54.0,Medium
NGP-AQ-OCC01158,2024-12-08,21:53,NGP029,1120,498,44.5,Low
NGP-AQ-OCC01159,2024-12-12,14:59,NGP027,840,313,37.3,Low
NGP-AQ-OCC01159,2024-12-12,14:02,NGP035,840,350,41.8,Low
NGP-AQ-OCC01159,2024-12-12,14:27,NGP030,840,392,46.7,Medium
NGP-AQ-OCC01159,2024-12-12,14:50,NGP029,840,323,38.6,Low
NGP-AQ-OCC01159,2024-12-12,14:32,NGP025,840,128,15.3,Low
NGP-AQ-OCC01159,2024-12-12,14:08,NGP031,840,771,91.8,High
NGP-AQ-OCC01160,2024-12-12,09:45,NGP022,1120,976,87.2,High
NGP-AQ-OCC01160,2024-12-12,09:50,NGP020,1120,1005,89.8,High
NGP-AQ-OCC01160,2024-12-12,09:23,NGP028,1120,790,70.6,Medium
NGP-AQ-OCC01161,2024-12-12,22:07,NGP008,1120,261,23.3,Low
NGP-AQ-OCC01161,2024-12-12,22:28,NGP030,1120,343,30.6,Low
NGP-AQ-OCC01161,2024-12-12,22:06,NGP027,1120,389,34.7,Low
NGP-AQ-OCC01161,2024-12-12,22:11,NGP034,1120,391,35.0,Low
NGP-AQ-OCC01161,2024-12-12,22:20,NGP033,1120,278,24.8,Low
NGP-AQ-OCC01161,2024-12-12,22:24,NGP021,1120,107,9.6,Low
NGP-AQ-OCC01162,2024-12-16,18:01,NGP033,840,723,86.2,High
NGP-AQ-OCC01162,2024-12-16,18:26,NGP027,840,667,79.4,Medium
NGP-AQ-OCC01162,2024-12-16,18:35,NGP021,840,473,56.4,Medium
NGP-AQ-OCC01162,2024-12-16,18:32,NGP029,840,626,74.6,Medium
NGP-AQ-OCC01162,2024-12-16,18:54,NGP030,840,822,97.9,High
NGP-AQ-OCC01163,2024-12-16,10:29,NGP025,1120,501,44.8,Low
NGP-AQ-OCC01163,2024-12-16,10:01,NGP035,1120,415,37.1,Low
NGP-AQ-OCC01163,2024-12-16,10:29,NGP033,1120,1035,92.4,High
NGP-AQ-OCC01163,2024-12-16,10:18,NGP008,1120,1077,96.2,High
NGP-AQ-OCC01163,2024-12-16,10:06,NGP019,1120,481,43.0,Low
NGP-AQ-OCC01164,2024-12-16,20:13,NGP030,1120,703,62.8,Medium
NGP-AQ-OCC01164,2024-12-16,20:36,NGP008,1120,1033,92.3,High
NGP-AQ-OCC01164,2024-12-16,20:28,NGP035,1120,244,21.8,Low
NGP-AQ-OCC01164,2024-12-16,20:49,NGP020,1120,981,87.6,High
NGP-AQ-OCC01164,2024-12-16,20:16,NGP032,1120,714,63.8,Medium
NGP-AQ-OCC01164,2024-12-16,20:25,NGP028,1120,385,34.4,Low
NGP-AQ-OCC01165,2024-12-20,10:15,NGP035,900,269,30.0,Low
NGP-AQ-OCC01165,2024-12-20,10:10,NGP028,900,358,39.8,Low
NGP-AQ-OCC01165,2024-12-20,10:32,NGP023,900,645,71.7,Medium
NGP-AQ-OCC01165,2024-12-20,10:50,NGP029,900,906,100.7,High
NGP-AQ-OCC01166,2024-12-20,10:50,NGP025,1200,610,50.9,Medium
NGP-AQ-OCC01166,2024-12-20,10:41,NGP027,1200,995,82.9,High
NGP-AQ-OCC01166,2024-12-20,10:13,NGP028,1200,500,41.7,Low
NGP-AQ-OCC01166,2024-12-20,10:54,NGP030,1200,1069,89.1,High
NGP-AQ-OCC01167,2024-12-20,09:38,NGP032,1120,721,64.4,Medium
NGP-AQ-OCC01167,2024-12-20,09:23,NGP030,1120,1034,92.4,High
NGP-AQ-OCC01167,2024-12-20,09:51,NGP020,1120,1039,92.9,High
NGP-AQ-OCC01167,2024-12-20,09:10,NGP022,1120,1102,98.4,High
NGP-AQ-OCC01167,2024-12-20,09:03,NGP033,1120,1059,94.6,High
NGP-AQ-OCC01168,2024-12-24,10:12,NGP035,900,362,40.3,Low
NGP-AQ-OCC01168,2024-12-24,10:32,NGP028,900,262,29.2,Low
NGP-AQ-OCC01168,2024-12-24,10:06,NGP034,900,380,42.2,Low
NGP-AQ-OCC01168,2024-12-24,10:30,NGP021,900,408,45.4,Medium
NGP-AQ-OCC01168,2024-12-24,10:40,NGP029,900,927,103.0,High
NGP-AQ-OCC01169,2024-12-24,11:59,NGP023,900,662,73.7,Medium
NGP-AQ-OCC01169,2024-12-24,11:13,NGP025,900,221,24.7,Low
NGP-AQ-OCC01169,2024-12-24,11:04,NGP031,900,550,61.1,Medium
NGP-AQ-OCC01170,2024-12-24,06:20,NGP023,1200,295,24.6,Low
NGP-AQ-OCC01170,2024-12-24,06:32,NGP030,1200,291,24.3,Low
NGP-AQ-OCC01170,2024-12-24,06:16,NGP033,1200,259,21.6,Low
NGP-AQ-OCC01170,2024-12-24,06:24,NGP026,1200,598,49.9,Medium
NGP-AQ-OCC01171,2024-12-28,09:12,NGP031,840,1009,120.2,Critical
NGP-AQ-OCC01171,2024-12-28,09:17,NGP030,840,917,109.2,Critical
NGP-AQ-OCC01171,2024-12-28,09:03,NGP022,840,805,95.9,High
NGP-AQ-OCC01171,2024-12-28,09:27,NGP027,840,802,95.6,High
NGP-AQ-OCC01171,2024-12-28,09:25,NGP023,840,851,101.4,High
NGP-AQ-OCC01172,2024-12-28,18:01,NGP023,1200,1315,109.6,Critical
NGP-AQ-OCC01172,2024-12-28,18:36,NGP026,1200,1295,108.0,Critical
NGP-AQ-OCC01172,2024-12-28,18:02,NGP021,1200,661,55.2,Medium
NGP-AQ-OCC01172,2024-12-28,18:47,NGP028,1200,778,64.9,Medium
NGP-AQ-OCC01172,2024-12-28,18:37,NGP033,1200,1253,104.5,High
NGP-AQ-OCC01172,2024-12-28,18:32,NGP029,1200,763,63.6,Medium
NGP-AQ-OCC01173,2024-12-28,18:12,NGP028,900,437,48.6,Medium
NGP-AQ-OCC01173,2024-12-28,18:19,NGP019,900,844,93.8,High
NGP-AQ-OCC01173,2024-12-28,18:03,NGP031,900,821,91.2,High
BLR-PU-OCC01174,2024-10-01,20:09,BLR010,960,622,64.8,Medium
BLR-PU-OCC01174,2024-10-01,20:21,BLR007,960,583,60.7,Medium
BLR-PU-OCC01174,2024-10-01,20:59,BLR024,960,398,41.5,Low
BLR-PU-OCC01175,2024-10-01,20:47,BLR012,1800,384,21.3,Low
BLR-PU-OCC01175,2024-10-01,20:27,BLR003,1800,1212,67.3,Medium
BLR-PU-OCC01175,2024-10-01,20:08,BLR002,1800,1357,75.4,Medium
BLR-PU-OCC01175,2024-10-01,20:40,BLR027,1800,1442,80.2,High
BLR-PU-OCC01176,2024-10-01,13:11,BLR005,960,387,40.4,Low
BLR-PU-OCC01176,2024-10-01,13:19,BLR022,960,376,39.2,Low
BLR-PU-OCC01176,2024-10-01,13:28,BLR016,960,218,22.7,Low
BLR-PU-OCC01176,2024-10-01,13:06,BLR012,960,435,45.4,Medium
BLR-PU-OCC01176,2024-10-01,13:33,BLR036,960,200,20.9,Low
BLR-PU-OCC01177,2024-10-05,18:51,BLR031,1800,1486,82.6,High
BLR-PU-OCC01177,2024-10-05,18:12,BLR006,1800,1933,107.4,Critical
BLR-PU-OCC01177,2024-10-05,18:28,BLR011,1800,1736,96.5,High
BLR-PU-OCC01178,2024-10-05,11:52,BLR014,900,592,65.8,Medium
BLR-PU-OCC01178,2024-10-05,11:21,BLR001,900,237,26.3,Low
BLR-PU-OCC01178,2024-10-05,11:48,BLR035,900,383,42.7,Low
BLR-PU-OCC01178,2024-10-05,11:20,BLR003,900,518,57.6,Medium
BLR-PU-OCC01179,2024-10-05,23:57,BLR004,900,131,14.6,Low
BLR-PU-OCC01179,2024-10-05,23:44,BLR015,900,392,43.7,Low
BLR-PU-OCC01179,2024-10-05,23:47,BLR030,900,192,21.4,Low
BLR-PU-OCC01179,2024-10-05,23:54,BLR024,900,97,10.8,Low
BLR-PU-OCC01179,2024-10-05,23:14,BLR020,900,69,7.7,Low
BLR-PU-OCC01180,2024-10-09,09:23,BLR018,1920,1754,91.4,High
BLR-PU-OCC01180,2024-10-09,09:41,BLR013,1920,1327,69.1,Medium
BLR-PU-OCC01180,2024-10-09,09:59,BLR015,1920,1695,88.3,High
BLR-PU-OCC01180,2024-10-09,09:22,BLR006,1920,1644,85.6,High
BLR-PU-OCC01180,2024-10-09,09:06,BLR012,1920,1809,94.3,High
BLR-PU-OCC01180,2024-10-09,09:00,BLR023,1920,1607,83.7,High
BLR-PU-OCC01181,2024-10-09,09:05,BLR004,1800,2117,117.7,Critical
BLR-PU-OCC01181,2024-10-09,09:55,BLR009,1800,1498,83.2,High
BLR-PU-OCC01181,2024-10-09,09:31,BLR010,1800,1349,75.0,Medium
BLR-PU-OCC01181,2024-10-09,09:44,BLR003,1800,1275,70.8,Medium
BLR-PU-OCC01182,2024-10-09,12:47,BLR036,1920,414,21.6,Low
BLR-PU-OCC01182,2024-10-09,12:20,BLR006,1920,372,19.4,Low
BLR-PU-OCC01182,2024-10-09,12:43,BLR019,1920,916,47.7,Medium
BLR-PU-OCC01182,2024-10-09,12:27,BLR018,1920,278,14.5,Low
BLR-PU-OCC01182,2024-10-09,12:34,BLR008,1920,392,20.5,Low
BLR-PU-OCC01183,2024-10-13,20:54,BLR009,1920,1281,66.7,Medium
BLR-PU-OCC01183,2024-10-13,20:21,BLR012,1920,618,32.2,Low
BLR-PU-OCC01183,2024-10-13,20:12,BLR036,1920,1465,76.3,Medium
BLR-PU-OCC01184,2024-10-13,20:50,BLR031,1920,1649,85.9,High
BLR-PU-OCC01184,2024-10-13,20:18,BLR002,1920,1091,56.8,Medium
BLR-PU-OCC01184,2024-10-13,20:34,BLR001,1920,515,26.8,Low
BLR-PU-OCC01184,2024-10-13,20:13,BLR017,1920,1114,58.0,Medium
BLR-PU-OCC01185,2024-10-13,16:07,BLR016,900,388,43.2,Low
BLR-PU-OCC01185,2024-10-13,16:02,BLR029,900,420,46.7,Medium
BLR-PU-OCC01185,2024-10-13,16:14,BLR013,900,410,45.6,Medium
BLR-PU-OCC01185,2024-10-13,16:19,BLR032,900,404,45.0,Low
BLR-PU-OCC01185,2024-10-13,16:00,BLR034,900,426,47.4,Medium
BLR-PU-OCC01185,2024-10-13,16:41,BLR008,900,255,28.4,Low
BLR-PU-OCC01186,2024-10-17,20:52,BLR021,1800,1618,89.9,High
BLR-PU-OCC01186,2024-10-17,20:27,BLR001,1800,476,26.5,Low
BLR-PU-OCC01186,2024-10-17,20:33,BLR012,1800,478,26.6,Low
BLR-PU-OCC01186,2024-10-17,20:31,BLR008,1800,1699,94.4,High
BLR-PU-OCC01187,2024-10-17,20:00,BLR003,960,1048,109.2,Critical
BLR-PU-OCC01187,2024-10-17,20:32,BLR023,960,543,56.6,Medium
BLR-PU-OCC01187,2024-10-17,20:19,BLR030,960,891,92.8,High
BLR-PU-OCC01187,2024-10-17,20:57,BLR012,960,320,33.4,Low
BLR-PU-OCC01187,2024-10-17,20:06,BLR018,960,826,86.1,High
BLR-PU-OCC01187,2024-10-17,20:46,BLR015,960,675,70.4,Medium
BLR-PU-OCC01188,2024-10-17,13:58,BLR003,1800,968,53.8,Medium
BLR-PU-OCC01188,2024-10-17,13:09,BLR037,1800,705,39.2,Low
BLR-PU-OCC01188,2024-10-17,13:25,BLR012,1800,777,43.2,Low
BLR-PU-OCC01188,2024-10-17,13:17,BLR013,1800,805,44.7,Low
BLR-PU-OCC01188,2024-10-17,13:53,BLR031,1800,302,16.8,Low
BLR-PU-OCC01188,2024-10-17,13:34,BLR017,1800,627,34.8,Low
BLR-PU-OCC01189,2024-10-21,21:25,BLR018,900,531,59.1,Medium
BLR-PU-OCC01189,2024-10-21,21:47,BLR001,900,184,20.5,Low
BLR-PU-OCC01189,2024-10-21,21:28,BLR003,900,662,73.6,Medium
BLR-PU-OCC01190,2024-10-21,20:22,BLR011,1800,1296,72.0,Medium
BLR-PU-OCC01190,2024-10-21,20:06,BLR028,1800,1066,59.3,Medium
BLR-PU-OCC01190,2024-10-21,20:10,BLR024,1800,991,55.1,Medium
BLR-PU-OCC01190,2024-10-21,20:13,BLR026,1800,888,49.3,Medium
BLR-PU-OCC01191,2024-10-21,20:53,BLR027,1920,1538,80.1,High
BLR-PU-OCC01191,2024-10-21,20:16,BLR033,1920,1674,87.2,High
BLR-PU-OCC01191,2024-10-21,20:17,BLR015,1920,1423,74.1,Medium
BLR-PU-OCC01192,2024-10-25,15:45,BLR030,900,418,46.5,Medium
BLR-PU-OCC01192,2024-10-25,15:44,BLR025,900,198,22.0,Low
BLR-PU-OCC01192,2024-10-25,15:28,BLR013,900,296,33.0,Low
BLR-PU-OCC01192,2024-10-25,15:23,BLR021,900,351,39.1,Low
BLR-PU-OCC01192,2024-10-25,15:14,BLR009,900,263,29.3,Low
BLR-PU-OCC01193,2024-10-25,06:52,BLR009,900,333,37.1,Low
BLR-PU-OCC01193,2024-10-25,06:38,BLR010,900,291,32.4,Low
BLR-PU-OCC01193,2024-10-25,06:47,BLR002,900,226,25.2,Low
BLR-PU-OCC01193,2024-10-25,06:36,BLR012,900,291,32.3,Low
BLR-PU-OCC01194,2024-10-25,09:48,BLR007,1920,1432,74.6,Medium
BLR-PU-OCC01194,2024-10-25,09:18,BLR009,1920,1300,67.7,Medium
BLR-PU-OCC01194,2024-10-25,09:24,BLR005,1920,1638,85.4,High
BLR-PU-OCC01194,2024-10-25,09:09,BLR006,1920,1598,83.3,High
BLR-PU-OCC01194,2024-10-25,09:16,BLR031,1920,1707,88.9,High
BLR-PU-OCC01195,2024-10-29,08:59,BLR024,1800,1526,84.8,High
BLR-PU-OCC01195,2024-10-29,08:32,BLR035,1800,1074,59.7,Medium
BLR-PU-OCC01195,2024-10-29,08:02,BLR007,1800,1463,81.3,High
BLR-PU-OCC01195,2024-10-29,08:35,BLR027,1800,1539,85.5,High
BLR-PU-OCC01195,2024-10-29,08:44,BLR021,1800,1407,78.2,Medium
BLR-PU-OCC01195,2024-10-29,08:00,BLR025,1800,1633,90.8,High
BLR-PU-OCC01196,2024-10-29,10:01,BLR021,1800,1785,99.2,High
BLR-PU-OCC01196,2024-10-29,10:46,BLR032,1800,1773,98.5,High
BLR-PU-OCC01196,2024-10-29,10:49,BLR013,1800,750,41.7,Low
BLR-PU-OCC01196,2024-10-29,10:20,BLR025,1800,955,53.1,Medium
BLR-PU-OCC01197,2024-10-29,08:09,BLR028,1920,1367,71.2,Medium
BLR-PU-OCC01197,2024-10-29,08:43,BLR022,1920,1364,71.1,Medium
BLR-PU-OCC01197,2024-10-29,08:42,BLR025,1920,1969,102.6,High
BLR-PU-OCC01197,2024-10-29,08:37,BLR008,1920,2249,117.1,Critical
BLR-PU-OCC01197,2024-10-29,08:02,BLR014,1920,1733,90.3,High
BLR-PU-OCC01198,2024-11-02,13:28,BLR007,1920,959,50.0,Medium
BLR-PU-OCC01198,2024-11-02,13:01,BLR027,1920,396,20.7,Low
BLR-PU-OCC01198,2024-11-02,13:06,BLR037,1920,662,34.5,Low
BLR-PU-OCC01198,2024-11-02,13:57,BLR018,1920,389,20.3,Low
BLR-PU-OCC01199,2024-11-02,08:32,BLR006,1920,1717,89.4,High
BLR-PU-OCC01199,2024-11-02,08:05,BLR011,1920,2067,107.7,Critical
BLR-PU-OCC01199,2024-11-02,08:35,BLR005,1920,1848,96.3,High
BLR-PU-OCC01199,2024-11-02,08:32,BLR023,1920,1972,102.7,High
BLR-PU-OCC01199,2024-11-02,08:33,BLR021,1920,1672,87.1,High
BLR-PU-OCC01200,2024-11-02,19:24,BLR015,1920,2218,115.6,Critical
BLR-PU-OCC01200,2024-11-02,19:44,BLR009,1920,1444,75.2,Medium
BLR-PU-OCC01200,2024-11-02,19:31,BLR035,1920,1459,76.0,Medium
BLR-PU-OCC01200,2024-11-02,19:59,BLR001,1920,613,32.0,Low
BLR-PU-OCC01200,2024-11-02,19:09,BLR032,1920,1851,96.4,High
BLR-PU-OCC01200,2024-11-02,19:47,BLR020,1920,1286,67.0,Medium
BLR-PU-OCC01201,2024-11-06,21:36,BLR033,1920,999,52.1,Medium
BLR-PU-OCC01201,2024-11-06,21:02,BLR024,1920,432,22.5,Low
BLR-PU-OCC01201,2024-11-06,21:38,BLR019,1920,1034,53.9,Medium
BLR-PU-OCC01201,2024-11-06,21:40,BLR001,1920,292,15.2,Low
BLR-PU-OCC01202,2024-11-06,21:58,BLR023,960,498,51.9,Medium
BLR-PU-OCC01202,2024-11-06,21:44,BLR029,960,582,60.7,Medium
BLR-PU-OCC01202,2024-11-06,21:28,BLR007,960,340,35.4,Low
BLR-PU-OCC01203,2024-11-06,20:31,BLR025,960,918,95.7,High
BLR-PU-OCC01203,2024-11-06,20:22,BLR003,960,624,65.1,Medium
BLR-PU-OCC01203,2024-11-06,20:47,BLR007,960,844,88.0,High
BLR-PU-OCC01203,2024-11-06,20:25,BLR022,960,372,38.8,Low
BLR-PU-OCC01204,2024-11-10,05:02,BLR033,960,73,7.7,Low
BLR-PU-OCC01204,2024-11-10,05:40,BLR006,960,112,11.7,Low
BLR-PU-OCC01204,2024-11-10,05:54,BLR024,960,217,22.7,Low
BLR-PU-OCC01204,2024-11-10,05:47,BLR035,960,70,7.4,Low
BLR-PU-OCC01204,2024-11-10,05:31,BLR036,960,106,11.1,Low
BLR-PU-OCC01205,2024-11-10,19:11,BLR023,960,714,74.4,Medium
BLR-PU-OCC01205,2024-11-10,19:21,BLR021,960,1042,108.6,Critical
BLR-PU-OCC01205,2024-11-10,19:08,BLR030,960,1031,107.4,Critical
BLR-PU-OCC01205,2024-11-10,19:15,BLR014,960,731,76.2,Medium
BLR-PU-OCC01205,2024-11-10,19:49,BLR032,960,731,76.2,Medium
BLR-PU-OCC01205,2024-11-10,19:17,BLR033,960,1181,123.0,Critical
BLR-PU-OCC01206,2024-11-10,10:39,BLR031,1800,989,55.0,Medium
BLR-PU-OCC01206,2024-11-10,10:35,BLR010,1800,862,47.9,Medium
BLR-PU-OCC01206,2024-11-10,10:46,BLR004,1800,1279,71.1,Medium
BLR-PU-OCC01206,2024-11-10,10:06,BLR036,1800,819,45.5,Medium
BLR-PU-OCC01206,2024-11-10,10:30,BLR018,1800,794,44.2,Low
BLR-PU-OCC01207,2024-11-14,12:57,BLR032,1920,567,29.6,Low
BLR-PU-OCC01207,2024-11-14,12:43,BLR004,1920,549,28.6,Low
BLR-PU-OCC01207,2024-11-14,12:44,BLR036,1920,395,20.6,Low
BLR-PU-OCC01207,2024-11-14,12:58,BLR034,1920,348,18.2,Low
BLR-PU-OCC01208,2024-11-14,19:11,BLR001,1800,570,31.7,Low
BLR-PU-OCC01208,2024-11-14,19:33,BLR027,1800,1682,93.5,High
BLR-PU-OCC01208,2024-11-14,19:41,BLR026,1800,1388,77.1,Medium
BLR-PU-OCC01208,2024-11-14,19:50,BLR023,1800,1800,100.0,High
BLR-PU-OCC01208,2024-11-14,19:15,BLR002,1800,2133,118.5,Critical
BLR-PU-OCC01208,2024-11-14,19:51,BLR024,1800,1736,96.4,High
BLR-PU-OCC01209,2024-11-14,09:17,BLR036,960,875,91.2,High
BLR-PU-OCC01209,2024-11-14,09:14,BLR015,960,1094,114.0,Critical
BLR-PU-OCC01209,2024-11-14,09:42,BLR030,960,995,103.7,High
BLR-PU-OCC01209,2024-11-14,09:33,BLR007,960,812,84.6,High
BLR-PU-OCC01209,2024-11-14,09:51,BLR001,960,713,74.3,Medium
BLR-PU-OCC01210,2024-11-18,09:17,BLR020,900,660,73.3,Medium
BLR-PU-OCC01210,2024-11-18,09:34,BLR010,900,612,68.1,Medium
BLR-PU-OCC01210,2024-11-18,09:37,BLR018,900,679,75.5,Medium
BLR-PU-OCC01210,2024-11-18,09:17,BLR003,900,768,85.4,High
BLR-PU-OCC01210,2024-11-18,09:08,BLR036,900,601,66.8,Medium
BLR-PU-OCC01211,2024-11-18,10:11,BLR031,1920,862,44.9,Low
BLR-PU-OCC01211,2024-11-18,10:28,BLR029,1920,1391,72.5,Medium
BLR-PU-OCC01211,2024-11-18,10:37,BLR035,1920,1518,79.1,Medium
BLR-PU-OCC01212,2024-11-18,16:38,BLR013,1920,1067,55.6,Medium
BLR-PU-OCC01212,2024-11-18,16:08,BLR024,1920,836,43.6,Low
BLR-PU-OCC01212,2024-11-18,16:55,BLR034,1920,861,44.9,Low
BLR-PU-OCC01212,2024-11-18,16:32,BLR022,1920,782,40.7,Low
BLR-PU-OCC01212,2024-11-18,16:22,BLR031,1920,950,49.5,Medium
BLR-PU-OCC01213,2024-11-22,20:08,BLR022,1920,1004,52.3,Medium
BLR-PU-OCC01213,2024-11-22,20:36,BLR032,1920,1872,97.5,High
BLR-PU-OCC01213,2024-11-22,20:32,BLR025,1920,1278,66.6,Medium
BLR-PU-OCC01213,2024-11-22,20:41,BLR014,1920,1813,94.4,High
BLR-PU-OCC01213,2024-11-22,20:46,BLR028,1920,1899,98.9,High
BLR-PU-OCC01214,2024-11-22,13:33,BLR011,1800,267,14.8,Low
BLR-PU-OCC01214,2024-11-22,13:17,BLR024,1800,669,37.2,Low
BLR-PU-OCC01214,2024-11-22,13:55,BLR016,1800,329,18.3,Low
BLR-PU-OCC01214,2024-11-22,13:39,BLR006,1800,447,24.9,Low
BLR-PU-OCC01214,2024-11-22,13:17,BLR005,1800,691,38.4,Low
BLR-PU-OCC01214,2024-11-22,13:48,BLR007,1800,617,34.3,Low
BLR-PU-OCC01215,2024-11-22,07:14,BLR018,1920,1326,69.1,Medium
BLR-PU-OCC01215,2024-11-22,07:14,BLR022,1920,1894,98.6,High
BLR-PU-OCC01215,2024-11-22,07:30,BLR014,1920,1532,79.8,Medium
BLR-PU-OCC01215,2024-11-22,07:36,BLR026,1920,1241,64.6,Medium
BLR-PU-OCC01215,2024-11-22,07:52,BLR001,1920,1154,60.1,Medium
BLR-PU-OCC01215,2024-11-22,07:04,BLR019,1920,693,36.1,Low
BLR-PU-OCC01216,2024-11-26,09:48,BLR021,1920,1387,72.3,Medium
BLR-PU-OCC01216,2024-11-26,09:13,BLR031,1920,1599,83.3,High
BLR-PU-OCC01216,2024-11-26,09:53,BLR015,1920,2065,107.6,Critical
BLR-PU-OCC01216,2024-11-26,09:07,BLR030,1920,1999,104.1,High
BLR-PU-OCC01216,2024-11-26,09:14,BLR008,1920,1630,84.9,High
BLR-PU-OCC01216,2024-11-26,09:35,BLR014,1920,2164,112.7,Critical
BLR-PU-OCC01217,2024-11-26,12:23,BLR022,1920,588,30.7,Low
BLR-PU-OCC01217,2024-11-26,12:42,BLR027,1920,330,17.2,Low
BLR-PU-OCC01217,2024-11-26,12:24,BLR008,1920,441,23.0,Low
BLR-PU-OCC01217,2024-11-26,12:32,BLR036,1920,434,22.6,Low
BLR-PU-OCC01217,2024-11-26,12:26,BLR028,1920,380,19.8,Low
BLR-PU-OCC01218,2024-11-26,15:35,BLR003,900,809,89.9,High
BLR-PU-OCC01218,2024-11-26,15:43,BLR002,900,260,29.0,Low
BLR-PU-OCC01218,2024-11-26,15:32,BLR021,900,311,34.6,Low
BLR-PU-OCC01218,2024-11-26,15:12,BLR020,900,258,28.7,Low
BLR-PU-OCC01218,2024-11-26,15:41,BLR005,900,443,49.2,Medium
BLR-PU-OCC01219,2024-11-30,10:25,BLR033,1920,1504,78.4,Medium
BLR-PU-OCC01219,2024-11-30,10:20,BLR004,1920,1363,71.0,Medium
BLR-PU-OCC01219,2024-11-30,10:07,BLR021,1920,1381,72.0,Medium
BLR-PU-OCC01220,2024-11-30,10:33,BLR011,900,463,51.5,Medium
BLR-PU-OCC01220,2024-11-30,10:59,BLR034,900,424,47.2,Medium
BLR-PU-OCC01220,2024-11-30,10:13,BLR021,900,572,63.6,Medium
BLR-PU-OCC01221,2024-11-30,17:59,BLR012,1920,1382,72.0,Medium
BLR-PU-OCC01221,2024-11-30,17:47,BLR032,1920,1571,81.8,High
BLR-PU-OCC01221,2024-11-30,17:07,BLR035,1920,1180,61.5,Medium
BLR-PU-OCC01221,2024-11-30,17:58,BLR037,1920,1098,57.2,Medium
BLR-PU-OCC01221,2024-11-30,17:27,BLR022,1920,985,51.3,Medium
BLR-PU-OCC01222,2024-12-04,20:36,BLR013,1800,727,40.4,Low
BLR-PU-OCC01222,2024-12-04,20:37,BLR010,1800,1598,88.8,High
BLR-PU-OCC01222,2024-12-04,20:14,BLR032,1800,1284,71.3,Medium
BLR-PU-OCC01222,2024-12-04,20:08,BLR009,1800,1709,95.0,High
BLR-PU-OCC01222,2024-12-04,20:51,BLR017,1800,1480,82.3,High
BLR-PU-OCC01223,2024-12-04,10:47,BLR032,960,866,90.3,High
BLR-PU-OCC01223,2024-12-04,10:42,BLR017,960,900,93.9,High
BLR-PU-OCC01223,2024-12-04,10:33,BLR002,960,343,35.8,Low
BLR-PU-OCC01223,2024-12-04,10:27,BLR007,960,606,63.2,Medium
BLR-PU-OCC01223,2024-12-04,10:14,BLR036,960,550,57.4,Medium
BLR-PU-OCC01224,2024-12-04,11:07,BLR032,900,468,52.1,Medium
BLR-PU-OCC01224,2024-12-04,11:55,BLR001,900,233,25.9,Low
BLR-PU-OCC01224,2024-12-04,11:44,BLR009,900,212,23.6,Low
BLR-PU-OCC01224,2024-12-04,11:24,BLR019,900,509,56.6,Medium
BLR-PU-OCC01224,2024-12-04,11:58,BLR025,900,330,36.8,Low
BLR-PU-OCC01225,2024-12-08,10:24,BLR006,960,363,37.8,Low
BLR-PU-OCC01225,2024-12-08,10:38,BLR033,960,649,67.7,Medium
BLR-PU-OCC01225,2024-12-08,10:48,BLR017,960,829,86.4,High
BLR-PU-OCC01226,2024-12-08,09:43,BLR021,1920,2205,114.9,Critical
BLR-PU-OCC01226,2024-12-08,09:39,BLR027,1920,1713,89.2,High
BLR-PU-OCC01226,2024-12-08,09:41,BLR035,1920,1560,81.3,High
BLR-PU-OCC01226,2024-12-08,09:11,BLR005,1920,1697,88.4,High
BLR-PU-OCC01226,2024-12-08,09:51,BLR013,1920,1478,77.0,Medium
BLR-PU-OCC01226,2024-12-08,09:59,BLR014,1920,1760,91.7,High
BLR-PU-OCC01227,2024-12-08,15:30,BLR036,1800,408,22.7,Low
BLR-PU-OCC01227,2024-12-08,15:04,BLR008,1800,550,30.6,Low
BLR-PU-OCC01227,2024-12-08,15:55,BLR012,1800,1528,84.9,High
BLR-PU-OCC01227,2024-12-08,15:45,BLR018,1800,518,28.8,Low
BLR-PU-OCC01227,2024-12-08,15:55,BLR027,1800,608,33.8,Low
BLR-PU-OCC01227,2024-12-08,15:07,BLR003,1800,1223,68.0,Medium
BLR-PU-OCC01228,2024-12-12,09:36,BLR019,1800,1281,71.2,Medium
BLR-PU-OCC01228,2024-12-12,09:16,BLR013,1800,1125,62.5,Medium
BLR-PU-OCC01228,2024-12-12,09:33,BLR030,1800,1888,104.9,High
BLR-PU-OCC01228,2024-12-12,09:30,BLR036,1800,1830,101.7,High
BLR-PU-OCC01229,2024-12-12,11:48,BLR029,1800,680,37.8,Low
BLR-PU-OCC01229,2024-12-12,11:25,BLR007,1800,1295,72.0,Medium
BLR-PU-OCC01229,2024-12-12,11:08,BLR031,1800,386,21.4,Low
BLR-PU-OCC01229,2024-12-12,11:49,BLR012,1800,658,36.6,Low
BLR-PU-OCC01230,2024-12-12,19:42,BLR019,1920,1876,97.7,High
BLR-PU-OCC01230,2024-12-12,19:38,BLR029,1920,1449,75.5,Medium
BLR-PU-OCC01230,2024-12-12,19:51,BLR033,1920,2329,121.3,Critical
BLR-PU-OCC01230,2024-12-12,19:30,BLR017,1920,2216,115.4,Critical
BLR-PU-OCC01230,2024-12-12,19:06,BLR004,1920,1529,79.7,Medium
BLR-PU-OCC01230,2024-12-12,19:29,BLR021,1920,2300,119.8,Critical
BLR-PU-OCC01231,2024-12-16,08:59,BLR011,960,990,103.1,High
BLR-PU-OCC01231,2024-12-16,08:30,BLR023,960,702,73.1,Medium
BLR-PU-OCC01231,2024-12-16,08:14,BLR020,960,838,87.3,High
BLR-PU-OCC01232,2024-12-16,20:50,BLR022,1920,874,45.6,Medium
BLR-PU-OCC01232,2024-12-16,20:49,BLR017,1920,1814,94.5,High
BLR-PU-OCC01232,2024-12-16,20:36,BLR001,1920,535,27.9,Low
BLR-PU-OCC01232,2024-12-16,20:22,BLR036,1920,1789,93.2,High
BLR-PU-OCC01232,2024-12-16,20:08,BLR020,1920,982,51.1,Medium
BLR-PU-OCC01232,2024-12-16,20:19,BLR012,1920,408,21.3,Low
BLR-PU-OCC01233,2024-12-16,09:46,BLR019,900,787,87.5,High
BLR-PU-OCC01233,2024-12-16,09:27,BLR010,900,601,66.8,Medium
BLR-PU-OCC01233,2024-12-16,09:58,BLR004,900,1008,112.1,Critical
BLR-PU-OCC01233,2024-12-16,09:17,BLR031,900,725,80.6,High
BLR-PU-OCC01233,2024-12-16,09:24,BLR037,900,706,78.5,Medium
BLR-PU-OCC01234,2024-12-20,20:40,BLR021,1800,1726,95.9,High
BLR-PU-OCC01234,2024-12-20,20:51,BLR022,1800,850,47.2,Medium
BLR-PU-OCC01234,2024-12-20,20:05,BLR001,1800,608,33.8,Low
BLR-PU-OCC01234,2024-12-20,20:38,BLR017,1800,1341,74.5,Medium
BLR-PU-OCC01234,2024-12-20,20:48,BLR003,1800,1499,83.3,High
BLR-PU-OCC01235,2024-12-20,19:10,BLR002,1920,2203,114.7,Critical
BLR-PU-OCC01235,2024-12-20,19:43,BLR004,1920,1997,104.0,High
BLR-PU-OCC01235,2024-12-20,19:28,BLR013,1920,1422,74.1,Medium
BLR-PU-OCC01236,2024-12-20,10:44,BLR014,960,630,65.7,Medium
BLR-PU-OCC01236,2024-12-20,10:42,BLR002,960,467,48.7,Medium
BLR-PU-OCC01236,2024-12-20,10:21,BLR004,960,959,100.0,High
BLR-PU-OCC01236,2024-12-20,10:43,BLR034,960,470,49.0,Medium
BLR-PU-OCC01236,2024-12-20,10:33,BLR007,960,817,85.2,High
BLR-PU-OCC01237,2024-12-24,20:21,BLR005,1800,1727,96.0,High
BLR-PU-OCC01237,2024-12-24,20:42,BLR007,1800,1407,78.2,Medium
BLR-PU-OCC01237,2024-12-24,20:57,BLR022,1800,806,44.8,Low
BLR-PU-OCC01237,2024-12-24,20:03,BLR028,1800,1535,85.3,High
BLR-PU-OCC01238,2024-12-24,10:50,BLR001,900,336,37.4,Low
BLR-PU-OCC01238,2024-12-24,10:44,BLR008,900,397,44.2,Low
BLR-PU-OCC01238,2024-12-24,10:59,BLR018,900,401,44.6,Low
BLR-PU-OCC01238,2024-12-24,10:00,BLR016,900,542,60.2,Medium
BLR-PU-OCC01238,2024-12-24,10:33,BLR020,900,411,45.7,Medium
BLR-PU-OCC01239,2024-12-24,12:15,BLR005,1920,589,30.7,Low
BLR-PU-OCC01239,2024-12-24,12:13,BLR021,1920,793,41.3,Low
BLR-PU-OCC01239,2024-12-24,12:46,BLR037,1920,620,32.3,Low
BLR-PU-OCC01239,2024-12-24,12:41,BLR018,1920,299,15.6,Low
BLR-PU-OCC01239,2024-12-24,12:57,BLR003,1920,1016,52.9,Medium
BLR-PU-OCC01240,2024-12-28,08:21,BLR007,960,539,56.2,Medium
BLR-PU-OCC01240,2024-12-28,08:48,BLR034,960,1116,116.3,Critical
BLR-PU-OCC01240,2024-12-28,08:58,BLR036,960,802,83.6,High
BLR-PU-OCC01240,2024-12-28,08:53,BLR021,960,678,70.7,Medium
BLR-PU-OCC01240,2024-12-28,08:04,BLR031,960,1041,108.4,Critical
BLR-PU-OCC01240,2024-12-28,08:12,BLR013,960,790,82.4,High
BLR-PU-OCC01241,2024-12-28,20:33,BLR009,1920,1446,75.3,Medium
BLR-PU-OCC01241,2024-12-28,20:08,BLR003,1920,1790,93.3,High
BLR-PU-OCC01241,2024-12-28,20:05,BLR012,1920,633,33.0,Low
BLR-PU-OCC01241,2024-12-28,20:54,BLR025,1920,1446,75.3,Medium
BLR-PU-OCC01242,2024-12-28,13:20,BLR029,1920,693,36.1,Low
BLR-PU-OCC01242,2024-12-28,13:40,BLR008,1920,344,17.9,Low
BLR-PU-OCC01242,2024-12-28,13:10,BLR032,1920,628,32.7,Low
BLR-PU-OCC01242,2024-12-28,13:31,BLR007,1920,730,38.1,Low
BLR-PU-OCC01242,2024-12-28,13:40,BLR011,1920,372,19.4,Low
BLR-PU-OCC01242,2024-12-28,13:23,BLR010,1920,471,24.6,Low
BLR-GR-OCC01243,2024-10-01,05:02,BLR058,1920,161,8.4,Low
BLR-GR-OCC01243,2024-10-01,05:46,BLR055,1920,220,11.5,Low
BLR-GR-OCC01243,2024-10-01,05:56,BLR041,1920,150,7.8,Low
BLR-GR-OCC01243,2024-10-01,05:03,BLR064,1920,238,12.4,Low
BLR-GR-OCC01243,2024-10-01,05:35,BLR053,1920,159,8.3,Low
BLR-GR-OCC01244,2024-10-01,13:58,BLR045,960,409,42.7,Low
BLR-GR-OCC01244,2024-10-01,13:56,BLR053,960,142,14.9,Low
BLR-GR-OCC01244,2024-10-01,13:08,BLR062,960,424,44.2,Low
BLR-GR-OCC01244,2024-10-01,13:44,BLR064,960,458,47.7,Medium
BLR-GR-OCC01244,2024-10-01,13:55,BLR048,960,335,34.9,Low
BLR-GR-OCC01244,2024-10-01,13:16,BLR052,960,269,28.1,Low
BLR-GR-OCC01245,2024-10-01,17:36,BLR055,960,516,53.8,Medium
BLR-GR-OCC01245,2024-10-01,17:44,BLR044,960,563,58.7,Medium
BLR-GR-OCC01245,2024-10-01,17:18,BLR042,960,519,54.1,Medium
BLR-GR-OCC01246,2024-10-05,20:02,BLR044,1800,801,44.5,Low
BLR-GR-OCC01246,2024-10-05,20:28,BLR052,1800,1510,83.9,High
BLR-GR-OCC01246,2024-10-05,20:51,BLR066,1800,1470,81.7,High
BLR-GR-OCC01246,2024-10-05,20:00,BLR043,1800,1344,74.7,Medium
BLR-GR-OCC01247,2024-10-05,16:14,BLR046,1800,725,40.3,Low
BLR-GR-OCC01247,2024-10-05,16:24,BLR065,1800,990,55.0,Medium
BLR-GR-OCC01247,2024-10-05,16:09,BLR050,1800,837,46.5,Medium
BLR-GR-OCC01247,2024-10-05,16:46,BLR054,1800,810,45.0,Medium
BLR-GR-OCC01247,2024-10-05,16:36,BLR055,1800,931,51.8,Medium
BLR-GR-OCC01248,2024-10-05,20:19,BLR067,1800,1281,71.2,Medium
BLR-GR-OCC01248,2024-10-05,20:39,BLR058,1800,1415,78.6,Medium
BLR-GR-OCC01248,2024-10-05,20:45,BLR046,1800,1655,91.9,High
BLR-GR-OCC01248,2024-10-05,20:55,BLR039,1800,1381,76.7,Medium
BLR-GR-OCC01248,2024-10-05,20:09,BLR048,1800,1032,57.3,Medium
BLR-GR-OCC01248,2024-10-05,20:05,BLR050,1800,1279,71.1,Medium
BLR-GR-OCC01249,2024-10-09,13:06,BLR042,1920,591,30.8,Low
BLR-GR-OCC01249,2024-10-09,13:46,BLR049,1920,431,22.5,Low
BLR-GR-OCC01249,2024-10-09,13:58,BLR059,1920,351,18.3,Low
BLR-GR-OCC01249,2024-10-09,13:47,BLR061,1920,595,31.0,Low
BLR-GR-OCC01250,2024-10-09,09:40,BLR068,1800,1504,83.6,High
BLR-GR-OCC01250,2024-10-09,09:32,BLR056,1800,1446,80.3,High
BLR-GR-OCC01250,2024-10-09,09:18,BLR060,1800,1759,97.8,High
BLR-GR-OCC01250,2024-10-09,09:06,BLR057,1800,1556,86.5,High
BLR-GR-OCC01250,2024-10-09,09:03,BLR053,1800,1221,67.9,Medium
BLR-GR-OCC01250,2024-10-09,09:56,BLR058,1800,1956,108.7,Critical
BLR-GR-OCC01251,2024-10-09,12:01,BLR058,1800,269,15.0,Low
BLR-GR-OCC01251,2024-10-09,12:41,BLR052,1800,614,34.1,Low
BLR-GR-OCC01251,2024-10-09,12:59,BLR040,1800,496,27.6,Low
BLR-GR-OCC01251,2024-10-09,12:40,BLR049,1800,263,14.6,Low
BLR-GR-OCC01251,2024-10-09,12:43,BLR041,1800,519,28.9,Low
BLR-GR-OCC01252,2024-10-13,08:51,BLR051,1920,1372,71.5,Medium
BLR-GR-OCC01252,2024-10-13,08:33,BLR054,1920,1622,84.5,High
BLR-GR-OCC01252,2024-10-13,08:25,BLR066,1920,1762,91.8,High
BLR-GR-OCC01252,2024-10-13,08:28,BLR056,1920,2360,122.9,Critical
BLR-GR-OCC01253,2024-10-13,08:04,BLR051,960,664,69.2,Medium
BLR-GR-OCC01253,2024-10-13,08:50,BLR048,960,952,99.2,High
BLR-GR-OCC01253,2024-10-13,08:52,BLR047,960,1195,124.5,Critical
BLR-GR-OCC01253,2024-10-13,08:24,BLR043,960,837,87.2,High
BLR-GR-OCC01253,2024-10-13,08:14,BLR055,960,880,91.7,High
BLR-GR-OCC01253,2024-10-13,08:47,BLR041,960,719,74.9,Medium
BLR-GR-OCC01254,2024-10-13,06:28,BLR046,1920,588,30.7,Low
BLR-GR-OCC01254,2024-10-13,06:54,BLR068,1920,672,35.0,Low
BLR-GR-OCC01254,2024-10-13,06:28,BLR045,1920,357,18.6,Low
BLR-GR-OCC01255,2024-10-17,20:07,BLR046,900,872,96.9,High
BLR-GR-OCC01255,2024-10-17,20:14,BLR061,900,839,93.3,High
BLR-GR-OCC01255,2024-10-17,20:10,BLR058,900,708,78.8,Medium
BLR-GR-OCC01255,2024-10-17,20:07,BLR015,900,675,75.1,Medium
BLR-GR-OCC01256,2024-10-17,19:20,BLR064,1920,658,34.3,Low
BLR-GR-OCC01256,2024-10-17,19:32,BLR065,1920,1761,91.7,High
BLR-GR-OCC01256,2024-10-17,19:29,BLR059,1920,2224,115.9,Critical
BLR-GR-OCC01256,2024-10-17,19:57,BLR061,1920,1796,93.6,High
BLR-GR-OCC01257,2024-10-17,09:43,BLR041,900,1068,118.7,Critical
BLR-GR-OCC01257,2024-10-17,09:34,BLR065,900,808,89.9,High
BLR-GR-OCC01257,2024-10-17,09:53,BLR040,900,785,87.2,High
BLR-GR-OCC01257,2024-10-17,09:45,BLR045,900,806,89.6,High
BLR-GR-OCC01257,2024-10-17,09:24,BLR047,900,886,98.5,High
BLR-GR-OCC01258,2024-10-21,21:54,BLR052,900,485,53.9,Medium
BLR-GR-OCC01258,2024-10-21,21:14,BLR067,900,426,47.4,Medium
BLR-GR-OCC01258,2024-10-21,21:09,BLR055,900,446,49.6,Medium
BLR-GR-OCC01258,2024-10-21,21:56,BLR064,900,163,18.2,Low
BLR-GR-OCC01258,2024-10-21,21:29,BLR056,900,154,17.2,Low
BLR-GR-OCC01258,2024-10-21,21:30,BLR057,900,336,37.4,Low
BLR-GR-OCC01259,2024-10-21,18:13,BLR045,1920,1791,93.3,High
BLR-GR-OCC01259,2024-10-21,18:40,BLR065,1920,1859,96.9,High
BLR-GR-OCC01259,2024-10-21,18:57,BLR052,1920,1480,77.1,Medium
BLR-GR-OCC01259,2024-10-21,18:57,BLR048,1920,1349,70.3,Medium
BLR-GR-OCC01259,2024-10-21,18:09,BLR049,1920,2030,105.8,Critical
BLR-GR-OCC01260,2024-10-21,10:00,BLR039,900,561,62.4,Medium
BLR-GR-OCC01260,2024-10-21,10:33,BLR049,900,433,48.1,Medium
BLR-GR-OCC01260,2024-10-21,10:57,BLR051,900,989,109.9,Critical
BLR-GR-OCC01260,2024-10-21,10:25,BLR041,900,779,86.6,High
BLR-GR-OCC01261,2024-10-25,08:44,BLR056,1800,1836,102.0,High
BLR-GR-OCC01261,2024-10-25,08:31,BLR059,1800,1332,74.0,Medium
BLR-GR-OCC01261,2024-10-25,08:29,BLR048,1800,1117,62.1,Medium
BLR-GR-OCC01262,2024-10-25,09:12,BLR066,1920,1599,83.3,High
BLR-GR-OCC01262,2024-10-25,09:00,BLR047,1920,1390,72.4,Medium
BLR-GR-OCC01262,2024-10-25,09:15,BLR065,1920,2109,109.9,Critical
BLR-GR-OCC01262,2024-10-25,09:00,BLR015,1920,1360,70.8,Medium
BLR-GR-OCC01263,2024-10-25,07:29,BLR041,1920,651,33.9,Low
BLR-GR-OCC01263,2024-10-25,07:44,BLR066,1920,1272,66.3,Medium
BLR-GR-OCC01263,2024-10-25,07:00,BLR049,1920,1319,68.7,Medium
BLR-GR-OCC01263,2024-10-25,07:57,BLR059,1920,1093,56.9,Medium
BLR-GR-OCC01263,2024-10-25,07:24,BLR056,1920,1188,61.9,Medium
BLR-GR-OCC01263,2024-10-25,07:38,BLR015,1920,1733,90.3,High
BLR-GR-OCC01264,2024-10-29,18:37,BLR066,900,640,71.2,Medium
BLR-GR-OCC01264,2024-10-29,18:30,BLR042,900,681,75.7,Medium
BLR-GR-OCC01264,2024-10-29,18:45,BLR067,900,942,104.7,High
BLR-GR-OCC01265,2024-10-29,20:51,BLR046,1920,1867,97.3,High
BLR-GR-OCC01265,2024-10-29,20:19,BLR059,1920,1651,86.0,High
BLR-GR-OCC01265,2024-10-29,20:01,BLR056,1920,435,22.7,Low
BLR-GR-OCC01265,2024-10-29,20:53,BLR061,1920,1893,98.6,High
BLR-GR-OCC01265,2024-10-29,20:15,BLR047,1920,1100,57.3,Medium
BLR-GR-OCC01265,2024-10-29,20:30,BLR048,1920,1759,91.7,High
BLR-GR-OCC01266,2024-10-29,17:56,BLR043,960,792,82.5,High
BLR-GR-OCC01266,2024-10-29,17:48,BLR051,960,683,71.2,Medium
BLR-GR-OCC01266,2024-10-29,17:41,BLR066,960,485,50.5,Medium
BLR-GR-OCC01266,2024-10-29,17:32,BLR045,960,747,77.9,Medium
BLR-GR-OCC01266,2024-10-29,17:16,BLR058,960,510,53.2,Medium
BLR-GR-OCC01267,2024-11-02,20:43,BLR042,960,863,90.0,High
BLR-GR-OCC01267,2024-11-02,20:49,BLR062,960,483,50.4,Medium
BLR-GR-OCC01267,2024-11-02,20:35,BLR066,960,803,83.7,High
BLR-GR-OCC01267,2024-11-02,20:56,BLR065,960,926,96.6,High
BLR-GR-OCC01268,2024-11-02,18:36,BLR051,1800,1724,95.8,High
BLR-GR-OCC01268,2024-11-02,18:52,BLR043,1800,1302,72.4,Medium
BLR-GR-OCC01268,2024-11-02,18:23,BLR067,1800,1352,75.2,Medium
BLR-GR-OCC01268,2024-11-02,18:55,BLR060,1800,1161,64.5,Medium
BLR-GR-OCC01268,2024-11-02,18:47,BLR061,1800,1148,63.8,Medium
BLR-GR-OCC01268,2024-11-02,18:34,BLR055,1800,1999,111.1,Critical
BLR-GR-OCC01269,2024-11-02,09:24,BLR067,960,1053,109.8,Critical
BLR-GR-OCC01269,2024-11-02,09:34,BLR063,960,750,78.2,Medium
BLR-GR-OCC01269,2024-11-02,09:05,BLR065,960,829,86.4,High
BLR-GR-OCC01269,2024-11-02,09:40,BLR047,960,657,68.5,Medium
BLR-GR-OCC01269,2024-11-02,09:16,BLR059,960,721,75.1,Medium
BLR-GR-OCC01270,2024-11-06,09:03,BLR040,1920,1652,86.1,High
BLR-GR-OCC01270,2024-11-06,09:57,BLR056,1920,1580,82.3,High
BLR-GR-OCC01270,2024-11-06,09:47,BLR062,1920,1435,74.8,Medium
BLR-GR-OCC01270,2024-11-06,09:23,BLR044,1920,972,50.6,Medium
BLR-GR-OCC01271,2024-11-06,12:18,BLR064,1800,493,27.4,Low
BLR-GR-OCC01271,2024-11-06,12:42,BLR049,1800,302,16.8,Low
BLR-GR-OCC01271,2024-11-06,12:27,BLR044,1800,453,25.2,Low
BLR-GR-OCC01272,2024-11-06,18:22,BLR043,1920,1912,99.6,High
BLR-GR-OCC01272,2024-11-06,18:52,BLR064,1920,1266,66.0,Medium
BLR-GR-OCC01272,2024-11-06,18:18,BLR051,1920,1900,99.0,High
BLR-GR-OCC01272,2024-11-06,18:57,BLR040,1920,1401,73.0,Medium
BLR-GR-OCC01272,2024-11-06,18:13,BLR046,1920,1664,86.7,High
BLR-GR-OCC01272,2024-11-06,18:57,BLR045,1920,1847,96.2,High
BLR-GR-OCC01273,2024-11-10,16:45,BLR062,1800,1027,57.1,Medium
BLR-GR-OCC01273,2024-11-10,16:11,BLR059,1800,623,34.7,Low
BLR-GR-OCC01273,2024-11-10,16:24,BLR061,1800,997,55.4,Medium
BLR-GR-OCC01274,2024-11-10,08:01,BLR066,1800,1702,94.6,High
BLR-GR-OCC01274,2024-11-10,08:59,BLR043,1800,1291,71.8,Medium
BLR-GR-OCC01274,2024-11-10,08:14,BLR053,1800,2033,113.0,Critical
BLR-GR-OCC01274,2024-11-10,08:15,BLR054,1800,2213,122.9,Critical
BLR-GR-OCC01274,2024-11-10,08:51,BLR015,1800,1608,89.3,High
BLR-GR-OCC01275,2024-11-10,20:03,BLR068,900,784,87.1,High
BLR-GR-OCC01275,2024-11-10,20:38,BLR054,900,554,61.6,Medium
BLR-GR-OCC01275,2024-11-10,20:34,BLR046,900,645,71.7,Medium
BLR-GR-OCC01275,2024-11-10,20:24,BLR064,900,210,23.3,Low
BLR-GR-OCC01275,2024-11-10,20:34,BLR042,900,868,96.5,High
BLR-GR-OCC01276,2024-11-14,06:47,BLR046,1920,571,29.8,Low
BLR-GR-OCC01276,2024-11-14,06:43,BLR053,1920,676,35.2,Low
BLR-GR-OCC01276,2024-11-14,06:58,BLR039,1920,717,37.4,Low
BLR-GR-OCC01277,2024-11-14,23:38,BLR058,960,96,10.0,Low
BLR-GR-OCC01277,2024-11-14,23:58,BLR038,960,226,23.6,Low
BLR-GR-OCC01277,2024-11-14,23:03,BLR048,960,134,14.0,Low
BLR-GR-OCC01277,2024-11-14,23:06,BLR055,960,160,16.7,Low
BLR-GR-OCC01278,2024-11-14,14:30,BLR056,960,554,57.8,Medium
BLR-GR-OCC01278,2024-11-14,14:50,BLR039,960,205,21.4,Low
BLR-GR-OCC01278,2024-11-14,14:57,BLR052,960,292,30.4,Low
BLR-GR-OCC01278,2024-11-14,14:54,BLR068,960,197,20.6,Low
BLR-GR-OCC01278,2024-11-14,14:33,BLR042,960,459,47.9,Medium
BLR-GR-OCC01278,2024-11-14,14:05,BLR060,960,225,23.5,Low
BLR-GR-OCC01279,2024-11-18,09:10,BLR068,1800,1792,99.6,High
BLR-GR-OCC01279,2024-11-18,09:57,BLR043,1800,2239,124.4,Critical
BLR-GR-OCC01279,2024-11-18,09:59,BLR065,1800,1682,93.5,High
BLR-GR-OCC01280,2024-11-18,21:05,BLR064,1920,271,14.1,Low
BLR-GR-OCC01280,2024-11-18,21:45,BLR039,1920,875,45.6,Medium
BLR-GR-OCC01280,2024-11-18,21:25,BLR057,1920,738,38.5,Low
BLR-GR-OCC01280,2024-11-18,21:41,BLR040,1920,437,22.8,Low
BLR-GR-OCC01281,2024-11-18,18:22,BLR015,1920,2022,105.3,Critical
BLR-GR-OCC01281,2024-11-18,18:20,BLR042,1920,1592,82.9,High
BLR-GR-OCC01281,2024-11-18,18:43,BLR067,1920,1712,89.2,High
BLR-GR-OCC01281,2024-11-18,18:18,BLR049,1920,1581,82.4,High
BLR-GR-OCC01281,2024-11-18,18:59,BLR055,1920,1389,72.4,Medium
BLR-GR-OCC01282,2024-11-22,15:51,BLR043,1920,624,32.5,Low
BLR-GR-OCC01282,2024-11-22,15:56,BLR064,1920,1415,73.7,Medium
BLR-GR-OCC01282,2024-11-22,15:32,BLR050,1920,615,32.0,Low
BLR-GR-OCC01283,2024-11-22,09:54,BLR042,900,1097,121.9,Critical
BLR-GR-OCC01283,2024-11-22,09:05,BLR048,900,632,70.3,Medium
BLR-GR-OCC01283,2024-11-22,09:44,BLR054,900,920,102.3,High
BLR-GR-OCC01283,2024-11-22,09:30,BLR038,900,840,93.4,High
BLR-GR-OCC01283,2024-11-22,09:35,BLR060,900,994,110.5,Critical
BLR-GR-OCC01284,2024-11-22,15:16,BLR046,1920,480,25.0,Low
BLR-GR-OCC01284,2024-11-22,15:31,BLR041,1920,582,30.3,Low
BLR-GR-OCC01284,2024-11-22,15:41,BLR064,1920,1236,64.4,Medium
BLR-GR-OCC01284,2024-11-22,15:18,BLR045,1920,746,38.9,Low
BLR-GR-OCC01284,2024-11-22,15:05,BLR052,1920,726,37.8,Low
BLR-GR-OCC01284,2024-11-22,15:21,BLR061,1920,897,46.8,Medium
BLR-GR-OCC01285,2024-11-26,12:02,BLR053,1920,463,24.2,Low
BLR-GR-OCC01285,2024-11-26,12:38,BLR045,1920,639,33.3,Low
BLR-GR-OCC01285,2024-11-26,12:24,BLR049,1920,305,15.9,Low
BLR-GR-OCC01286,2024-11-26,20:26,BLR041,1920,1112,57.9,Medium
BLR-GR-OCC01286,2024-11-26,20:13,BLR048,1920,1365,71.1,Medium
BLR-GR-OCC01286,2024-11-26,20:29,BLR049,1920,1223,63.7,Medium
BLR-GR-OCC01286,2024-11-26,20:57,BLR059,1920,1724,89.8,High
BLR-GR-OCC01286,2024-11-26,20:18,BLR038,1920,1187,61.8,Medium
BLR-GR-OCC01286,2024-11-26,20:19,BLR046,1920,1153,60.1,Medium
BLR-GR-OCC01287,2024-11-26,09:39,BLR052,1920,2286,119.1,Critical
BLR-GR-OCC01287,2024-11-26,09:45,BLR066,1920,1340,69.8,Medium
BLR-GR-OCC01287,2024-11-26,09:02,BLR055,1920,2380,124.0,Critical
BLR-GR-OCC01287,2024-11-26,09:24,BLR051,1920,2273,118.4,Critical
BLR-GR-OCC01288,2024-11-30,13:24,BLR053,1800,264,14.7,Low
BLR-GR-OCC01288,2024-11-30,13:39,BLR039,1800,333,18.5,Low
BLR-GR-OCC01288,2024-11-30,13:52,BLR052,1800,693,38.5,Low
BLR-GR-OCC01288,2024-11-30,13:23,BLR066,1800,258,14.4,Low
BLR-GR-OCC01288,2024-11-30,13:03,BLR057,1800,362,20.2,Low
BLR-GR-OCC01288,2024-11-30,13:09,BLR064,1800,826,45.9,Medium
BLR-GR-OCC01289,2024-11-30,09:45,BLR044,900,659,73.3,Medium
BLR-GR-OCC01289,2024-11-30,09:38,BLR040,900,834,92.7,High
BLR-GR-OCC01289,2024-11-30,09:03,BLR067,900,654,72.8,Medium
BLR-GR-OCC01289,2024-11-30,09:32,BLR041,900,820,91.2,High
BLR-GR-OCC01289,2024-11-30,09:16,BLR054,900,884,98.3,High
BLR-GR-OCC01289,2024-11-30,09:42,BLR049,900,830,92.2,High
BLR-GR-OCC01290,2024-11-30,10:30,BLR059,1800,955,53.1,Medium
BLR-GR-OCC01290,2024-11-30,10:50,BLR053,1800,692,38.5,Low
BLR-GR-OCC01290,2024-11-30,10:53,BLR065,1800,1101,61.2,Medium
BLR-GR-OCC01291,2024-12-04,20:55,BLR061,900,843,93.7,High
BLR-GR-OCC01291,2024-12-04,20:38,BLR053,900,727,80.8,High
BLR-GR-OCC01291,2024-12-04,20:36,BLR051,900,648,72.0,Medium
BLR-GR-OCC01291,2024-12-04,20:23,BLR050,900,756,84.1,High
BLR-GR-OCC01291,2024-12-04,20:29,BLR058,900,739,82.2,High
BLR-GR-OCC01291,2024-12-04,20:03,BLR056,900,297,33.1,Low
BLR-GR-OCC01292,2024-12-04,07:02,BLR047,1800,961,53.4,Medium
BLR-GR-OCC01292,2024-12-04,07:52,BLR059,1800,1141,63.4,Medium
BLR-GR-OCC01292,2024-12-04,07:28,BLR050,1800,1019,56.6,Medium
BLR-GR-OCC01292,2024-12-04,07:36,BLR041,1800,899,50.0,Medium
BLR-GR-OCC01292,2024-12-04,07:16,BLR042,1800,570,31.7,Low
BLR-GR-OCC01293,2024-12-04,10:14,BLR060,900,393,43.8,Low
BLR-GR-OCC01293,2024-12-04,10:16,BLR041,900,724,80.5,High
BLR-GR-OCC01293,2024-12-04,10:14,BLR052,900,708,78.7,Medium
BLR-GR-OCC01294,2024-12-08,20:46,BLR050,960,819,85.4,High
BLR-GR-OCC01294,2024-12-08,20:53,BLR044,960,530,55.3,Medium
BLR-GR-OCC01294,2024-12-08,20:00,BLR048,960,728,75.9,Medium
BLR-GR-OCC01294,2024-12-08,20:37,BLR047,960,645,67.2,Medium
BLR-GR-OCC01294,2024-12-08,20:06,BLR066,960,955,99.5,High
BLR-GR-OCC01295,2024-12-08,11:42,BLR046,960,284,29.7,Low
BLR-GR-OCC01295,2024-12-08,11:37,BLR050,960,334,34.8,Low
BLR-GR-OCC01295,2024-12-08,11:35,BLR067,960,460,48.0,Medium
BLR-GR-OCC01295,2024-12-08,11:45,BLR056,960,205,21.4,Low
BLR-GR-OCC01296,2024-12-08,22:56,BLR044,960,197,20.6,Low
BLR-GR-OCC01296,2024-12-08,22:23,BLR064,960,104,10.9,Low
BLR-GR-OCC01296,2024-12-08,22:52,BLR045,960,344,35.9,Low
BLR-GR-OCC01296,2024-12-08,22:49,BLR068,960,218,22.8,Low
BLR-GR-OCC01296,2024-12-08,22:28,BLR053,960,306,32.0,Low
BLR-GR-OCC01297,2024-12-12,10:56,BLR042,1800,1637,91.0,High
BLR-GR-OCC01297,2024-12-12,10:21,BLR064,1800,653,36.3,Low
BLR-GR-OCC01297,2024-12-12,10:13,BLR057,1800,691,38.4,Low
BLR-GR-OCC01297,2024-12-12,10:53,BLR038,1800,1232,68.5,Medium
BLR-GR-OCC01297,2024-12-12,10:29,BLR055,1800,1403,78.0,Medium
BLR-GR-OCC01297,2024-12-12,10:14,BLR054,1800,649,36.1,Low
BLR-GR-OCC01298,2024-12-12,18:04,BLR067,900,685,76.2,Medium
BLR-GR-OCC01298,2024-12-12,18:49,BLR049,900,786,87.4,High
BLR-GR-OCC01298,2024-12-12,18:26,BLR054,900,683,76.0,Medium
BLR-GR-OCC01299,2024-12-12,19:54,BLR047,1800,2080,115.6,Critical
BLR-GR-OCC01299,2024-12-12,19:34,BLR060,1800,2161,120.1,Critical
BLR-GR-OCC01299,2024-12-12,19:17,BLR055,1800,1659,92.2,High
BLR-GR-OCC01300,2024-12-16,08:51,BLR044,960,976,101.7,High
BLR-GR-OCC01300,2024-12-16,08:14,BLR041,960,647,67.5,Medium
BLR-GR-OCC01300,2024-12-16,08:18,BLR060,960,807,84.2,High
BLR-GR-OCC01301,2024-12-16,07:28,BLR054,1920,1355,70.6,Medium
BLR-GR-OCC01301,2024-12-16,07:12,BLR047,1920,1631,85.0,High
BLR-GR-OCC01301,2024-12-16,07:57,BLR061,1920,830,43.2,Low
BLR-GR-OCC01301,2024-12-16,07:19,BLR065,1920,813,42.3,Low
BLR-GR-OCC01301,2024-12-16,07:34,BLR055,1920,650,33.9,Low
BLR-GR-OCC01302,2024-12-16,20:06,BLR052,960,699,72.9,Medium
BLR-GR-OCC01302,2024-12-16,20:00,BLR053,960,681,71.0,Medium
BLR-GR-OCC01302,2024-12-16,20:01,BLR046,960,782,81.5,High
BLR-GR-OCC01303,2024-12-20,06:29,BLR063,1920,269,14.0,Low
BLR-GR-OCC01303,2024-12-20,06:16,BLR042,1920,351,18.3,Low
BLR-GR-OCC01303,2024-12-20,06:12,BLR053,1920,613,32.0,Low
BLR-GR-OCC01303,2024-12-20,06:46,BLR045,1920,410,21.4,Low
BLR-GR-OCC01303,2024-12-20,06:04,BLR067,1920,394,20.6,Low
BLR-GR-OCC01304,2024-12-20,20:15,BLR052,1800,1071,59.5,Medium
BLR-GR-OCC01304,2024-12-20,20:45,BLR065,1800,1083,60.2,Medium
BLR-GR-OCC01304,2024-12-20,20:09,BLR067,1800,1189,66.1,Medium
BLR-GR-OCC01304,2024-12-20,20:03,BLR058,1800,1462,81.2,High
BLR-GR-OCC01305,2024-12-20,21:46,BLR064,1920,447,23.3,Low
BLR-GR-OCC01305,2024-12-20,21:15,BLR048,1920,887,46.2,Medium
BLR-GR-OCC01305,2024-12-20,21:03,BLR040,1920,289,15.1,Low
BLR-GR-OCC01305,2024-12-20,21:08,BLR047,1920,1178,61.4,Medium
BLR-GR-OCC01306,2024-12-24,23:22,BLR047,1800,194,10.8,Low
BLR-GR-OCC01306,2024-12-24,23:15,BLR054,1800,216,12.0,Low
BLR-GR-OCC01306,2024-12-24,23:59,BLR066,1800,176,9.8,Low
BLR-GR-OCC01306,2024-12-24,23:41,BLR063,1800,433,24.1,Low
BLR-GR-OCC01306,2024-12-24,23:29,BLR060,1800,138,7.7,Low
BLR-GR-OCC01306,2024-12-24,23:29,BLR058,1800,170,9.5,Low
BLR-GR-OCC01307,2024-12-24,09:17,BLR057,960,1029,107.2,Critical
BLR-GR-OCC01307,2024-12-24,09:18,BLR046,960,619,64.6,Medium
BLR-GR-OCC01307,2024-12-24,09:44,BLR048,960,1187,123.7,Critical
BLR-GR-OCC01307,2024-12-24,09:11,BLR059,960,1048,109.2,Critical
BLR-GR-OCC01308,2024-12-24,16:06,BLR039,900,395,43.9,Low
BLR-GR-OCC01308,2024-12-24,16:41,BLR057,900,283,31.5,Low
BLR-GR-OCC01308,2024-12-24,16:47,BLR063,900,331,36.8,Low
BLR-GR-OCC01308,2024-12-24,16:16,BLR066,900,358,39.8,Low
BLR-GR-OCC01309,2024-12-28,20:34,BLR065,900,712,79.2,Medium
BLR-GR-OCC01309,2024-12-28,20:57,BLR049,900,673,74.9,Medium
BLR-GR-OCC01309,2024-12-28,20:04,BLR068,900,800,88.9,High
BLR-GR-OCC01309,2024-12-28,20:16,BLR067,900,724,80.5,High
BLR-GR-OCC01309,2024-12-28,20:19,BLR015,900,672,74.8,Medium
BLR-GR-OCC01309,2024-12-28,20:07,BLR046,900,597,66.3,Medium
BLR-GR-OCC01310,2024-12-28,15:20,BLR015,1800,1610,89.5,High
BLR-GR-OCC01310,2024-12-28,15:00,BLR059,1800,451,25.1,Low
BLR-GR-OCC01310,2024-12-28,15:21,BLR054,1800,615,34.2,Low
BLR-GR-OCC01311,2024-12-28,20:47,BLR064,1800,621,34.6,Low
BLR-GR-OCC01311,2024-12-28,20:49,BLR015,1800,1291,71.7,Medium
BLR-GR-OCC01311,2024-12-28,20:22,BLR057,1800,1237,68.8,Medium
HYD-RE-OCC01312,2024-10-01,10:57,HYD002,1920,641,33.4,Low
HYD-RE-OCC01312,2024-10-01,10:55,HYD009,1920,1831,95.4,High
HYD-RE-OCC01312,2024-10-01,10:50,HYD011,1920,1738,90.5,High
HYD-RE-OCC01313,2024-10-01,09:58,HYD015,1920,1930,100.5,High
HYD-RE-OCC01313,2024-10-01,09:26,HYD017,1920,1753,91.3,High
HYD-RE-OCC01313,2024-10-01,09:27,HYD014,1920,1900,99.0,High
HYD-RE-OCC01313,2024-10-01,09:18,HYD006,1920,2177,113.4,Critical
HYD-RE-OCC01313,2024-10-01,09:02,HYD002,1920,1739,90.6,High
HYD-RE-OCC01313,2024-10-01,09:05,HYD025,1920,1822,94.9,High
HYD-RE-OCC01314,2024-10-01,10:02,HYD018,1800,1770,98.4,High
HYD-RE-OCC01314,2024-10-01,10:35,HYD006,1800,1333,74.1,Medium
HYD-RE-OCC01314,2024-10-01,10:47,HYD008,1800,643,35.8,Low
HYD-RE-OCC01315,2024-10-05,20:49,HYD008,1800,1105,61.4,Medium
HYD-RE-OCC01315,2024-10-05,20:53,HYD027,1800,1479,82.2,High
HYD-RE-OCC01315,2024-10-05,20:26,HYD015,1800,1223,68.0,Medium
HYD-RE-OCC01315,2024-10-05,20:25,HYD019,1800,529,29.4,Low
HYD-RE-OCC01315,2024-10-05,20:18,HYD003,1800,1100,61.2,Medium
HYD-RE-OCC01316,2024-10-05,09:48,HYD027,1920,1883,98.1,High
HYD-RE-OCC01316,2024-10-05,09:49,HYD008,1920,1536,80.0,High
HYD-RE-OCC01316,2024-10-05,09:02,HYD017,1920,1532,79.8,Medium
HYD-RE-OCC01316,2024-10-05,09:17,HYD011,1920,2103,109.6,Critical
HYD-RE-OCC01316,2024-10-05,09:26,HYD022,1920,1398,72.9,Medium
HYD-RE-OCC01317,2024-10-05,08:37,HYD007,1920,1756,91.5,High
HYD-RE-OCC01317,2024-10-05,08:06,HYD013,1920,2209,115.1,Critical
HYD-RE-OCC01317,2024-10-05,08:36,HYD017,1920,1553,80.9,High
HYD-RE-OCC01317,2024-10-05,08:56,HYD018,1920,994,51.8,Medium
HYD-RE-OCC01318,2024-10-09,18:17,HYD015,1800,1887,104.9,High
HYD-RE-OCC01318,2024-10-09,18:18,HYD027,1800,1350,75.0,Medium
HYD-RE-OCC01318,2024-10-09,18:04,HYD024,1800,1520,84.5,High
HYD-RE-OCC01318,2024-10-09,18:38,HYD026,1800,1664,92.5,High
HYD-RE-OCC01318,2024-10-09,18:43,HYD008,1800,1981,110.1,Critical
HYD-RE-OCC01318,2024-10-09,18:31,HYD020,1800,1603,89.1,High
HYD-RE-OCC01319,2024-10-09,07:34,HYD013,960,676,70.4,Medium
HYD-RE-OCC01319,2024-10-09,07:36,HYD017,960,626,65.3,Medium
HYD-RE-OCC01319,2024-10-09,07:32,HYD026,960,731,76.2,Medium
HYD-RE-OCC01319,2024-10-09,07:55,HYD012,960,406,42.4,Low
HYD-RE-OCC01319,2024-10-09,07:32,HYD015,960,464,48.4,Medium
HYD-RE-OCC01320,2024-10-09,18:24,HYD006,900,1002,111.3,Critical
HYD-RE-OCC01320,2024-10-09,18:17,HYD009,900,709,78.9,Medium
HYD-RE-OCC01320,2024-10-09,18:53,HYD017,900,576,64.0,Medium
HYD-RE-OCC01321,2024-10-13,05:10,HYD004,1800,190,10.6,Low
HYD-RE-OCC01321,2024-10-13,05:14,HYD011,1800,223,12.4,Low
HYD-RE-OCC01321,2024-10-13,05:03,HYD015,1800,197,10.9,Low
HYD-RE-OCC01321,2024-10-13,05:28,HYD005,1800,187,10.4,Low
HYD-RE-OCC01321,2024-10-13,05:23,HYD022,1800,196,10.9,Low
HYD-RE-OCC01321,2024-10-13,05:56,HYD002,1800,174,9.7,Low
HYD-RE-OCC01322,2024-10-13,06:07,HYD005,900,161,18.0,Low
HYD-RE-OCC01322,2024-10-13,06:52,HYD019,900,308,34.3,Low
HYD-RE-OCC01322,2024-10-13,06:26,HYD018,900,162,18.1,Low
HYD-RE-OCC01322,2024-10-13,06:26,HYD025,900,311,34.6,Low
HYD-RE-OCC01323,2024-10-13,23:08,HYD024,1800,219,12.2,Low
HYD-RE-OCC01323,2024-10-13,23:25,HYD007,1800,396,22.0,Low
HYD-RE-OCC01323,2024-10-13,23:37,HYD022,1800,371,20.6,Low
HYD-RE-OCC01324,2024-10-17,20:56,HYD011,1800,1057,58.8,Medium
HYD-RE-OCC01324,2024-10-17,20:27,HYD013,1800,1309,72.8,Medium
HYD-RE-OCC01324,2024-10-17,20:41,HYD024,1800,1173,65.2,Medium
HYD-RE-OCC01325,2024-10-17,23:28,HYD002,1800,156,8.7,Low
HYD-RE-OCC01325,2024-10-17,23:18,HYD018,1800,391,21.7,Low
HYD-RE-OCC01325,2024-10-17,23:10,HYD005,1800,432,24.0,Low
HYD-RE-OCC01325,2024-10-17,23:07,HYD011,1800,315,17.6,Low
HYD-RE-OCC01325,2024-10-17,23:58,HYD007,1800,345,19.2,Low
HYD-RE-OCC01325,2024-10-17,23:41,HYD017,1800,151,8.4,Low
HYD-RE-OCC01326,2024-10-17,08:53,HYD003,1920,1460,76.1,Medium
HYD-RE-OCC01326,2024-10-17,08:41,HYD021,1920,1296,67.5,Medium
HYD-RE-OCC01326,2024-10-17,08:17,HYD019,1920,2026,105.6,Critical
HYD-RE-OCC01327,2024-10-21,05:59,HYD011,900,94,10.5,Low
HYD-RE-OCC01327,2024-10-21,05:43,HYD008,900,103,11.5,Low
HYD-RE-OCC01327,2024-10-21,05:47,HYD005,900,81,9.0,Low
HYD-RE-OCC01328,2024-10-21,13:00,HYD013,1920,476,24.8,Low
HYD-RE-OCC01328,2024-10-21,13:56,HYD015,1920,887,46.2,Medium
HYD-RE-OCC01328,2024-10-21,13:48,HYD014,1920,269,14.0,Low
HYD-RE-OCC01328,2024-10-21,13:52,HYD027,1920,454,23.7,Low
HYD-RE-OCC01329,2024-10-21,18:47,HYD015,1800,1184,65.8,Medium
HYD-RE-OCC01329,2024-10-21,18:32,HYD005,1800,1406,78.1,Medium
HYD-RE-OCC01329,2024-10-21,18:51,HYD009,1800,1952,108.5,Critical
HYD-RE-OCC01330,2024-10-25,11:11,HYD018,960,564,58.8,Medium
HYD-RE-OCC01330,2024-10-25,11:53,HYD010,960,276,28.8,Low
HYD-RE-OCC01330,2024-10-25,11:10,HYD008,960,297,31.0,Low
HYD-RE-OCC01331,2024-10-25,09:16,HYD018,1800,1657,92.1,High
HYD-RE-OCC01331,2024-10-25,09:59,HYD001,1800,1293,71.9,Medium
HYD-RE-OCC01331,2024-10-25,09:55,HYD011,1800,1302,72.4,Medium
HYD-RE-OCC01331,2024-10-25,09:02,HYD009,1800,1336,74.2,Medium
HYD-RE-OCC01331,2024-10-25,09:31,HYD002,1800,1229,68.3,Medium
HYD-RE-OCC01332,2024-10-25,09:52,HYD002,1920,1881,98.0,High
HYD-RE-OCC01332,2024-10-25,09:18,HYD019,1920,1767,92.0,High
HYD-RE-OCC01332,2024-10-25,09:36,HYD011,1920,1476,76.9,Medium
HYD-RE-OCC01332,2024-10-25,09:23,HYD026,1920,2059,107.3,Critical
HYD-RE-OCC01332,2024-10-25,09:31,HYD003,1920,2165,112.8,Critical
HYD-RE-OCC01332,2024-10-25,09:04,HYD013,1920,1782,92.8,High
HYD-RE-OCC01333,2024-10-29,18:43,HYD013,1800,1931,107.3,Critical
HYD-RE-OCC01333,2024-10-29,18:40,HYD014,1800,1203,66.9,Medium
HYD-RE-OCC01333,2024-10-29,18:54,HYD007,1800,1887,104.8,High
HYD-RE-OCC01333,2024-10-29,18:17,HYD005,1800,1273,70.7,Medium
HYD-RE-OCC01334,2024-10-29,14:06,HYD010,1800,1040,57.8,Medium
HYD-RE-OCC01334,2024-10-29,14:43,HYD021,1800,877,48.8,Medium
HYD-RE-OCC01334,2024-10-29,14:35,HYD022,1800,754,41.9,Low
HYD-RE-OCC01334,2024-10-29,14:25,HYD008,1800,291,16.2,Low
HYD-RE-OCC01335,2024-10-29,10:52,HYD011,960,564,58.8,Medium
HYD-RE-OCC01335,2024-10-29,10:29,HYD002,960,351,36.7,Low
HYD-RE-OCC01335,2024-10-29,10:48,HYD025,960,584,60.9,Medium
HYD-RE-OCC01336,2024-11-02,19:41,HYD009,1800,2222,123.5,Critical
HYD-RE-OCC01336,2024-11-02,19:33,HYD006,1800,1347,74.9,Medium
HYD-RE-OCC01336,2024-11-02,19:09,HYD025,1800,1765,98.1,High
HYD-RE-OCC01337,2024-11-02,08:43,HYD010,960,797,83.0,High
HYD-RE-OCC01337,2024-11-02,08:54,HYD015,960,725,75.5,Medium
HYD-RE-OCC01337,2024-11-02,08:21,HYD023,960,731,76.2,Medium
HYD-RE-OCC01337,2024-11-02,08:26,HYD027,960,1169,121.8,Critical
HYD-RE-OCC01338,2024-11-02,15:12,HYD003,960,468,48.8,Medium
HYD-RE-OCC01338,2024-11-02,15:01,HYD006,960,460,48.0,Medium
HYD-RE-OCC01338,2024-11-02,15:25,HYD027,960,214,22.4,Low
HYD-RE-OCC01338,2024-11-02,15:49,HYD021,960,373,38.9,Low
HYD-RE-OCC01339,2024-11-06,16:59,HYD008,960,347,36.2,Low
HYD-RE-OCC01339,2024-11-06,16:28,HYD018,960,548,57.2,Medium
HYD-RE-OCC01339,2024-11-06,16:27,HYD016,960,499,52.0,Medium
HYD-RE-OCC01339,2024-11-06,16:37,HYD025,960,406,42.4,Low
HYD-RE-OCC01339,2024-11-06,16:11,HYD019,960,901,93.9,High
HYD-RE-OCC01340,2024-11-06,18:39,HYD015,960,972,101.3,High
HYD-RE-OCC01340,2024-11-06,18:12,HYD024,960,1062,110.7,Critical
HYD-RE-OCC01340,2024-11-06,18:41,HYD005,960,1041,108.4,Critical
HYD-RE-OCC01340,2024-11-06,18:57,HYD022,960,812,84.7,High
HYD-RE-OCC01341,2024-11-06,14:19,HYD018,900,323,35.9,Low
HYD-RE-OCC01341,2024-11-06,14:11,HYD012,900,424,47.2,Medium
HYD-RE-OCC01341,2024-11-06,14:16,HYD020,900,489,54.4,Medium
HYD-RE-OCC01341,2024-11-06,14:26,HYD014,900,168,18.8,Low
HYD-RE-OCC01341,2024-11-06,14:43,HYD021,900,274,30.5,Low
HYD-RE-OCC01341,2024-11-06,14:44,HYD024,900,178,19.8,Low
HYD-RE-OCC01342,2024-11-10,18:46,HYD007,900,843,93.8,High
HYD-RE-OCC01342,2024-11-10,18:11,HYD023,900,1001,111.3,Critical
HYD-RE-OCC01342,2024-11-10,18:12,HYD021,900,650,72.2,Medium
HYD-RE-OCC01342,2024-11-10,18:01,HYD003,900,671,74.6,Medium
HYD-RE-OCC01343,2024-11-10,10:10,HYD018,900,1012,112.5,Critical
HYD-RE-OCC01343,2024-11-10,10:19,HYD026,900,488,54.2,Medium
HYD-RE-OCC01343,2024-11-10,10:22,HYD016,900,779,86.7,High
HYD-RE-OCC01344,2024-11-10,14:34,HYD012,1920,934,48.7,Medium
HYD-RE-OCC01344,2024-11-10,14:33,HYD006,1920,651,34.0,Low
HYD-RE-OCC01344,2024-11-10,14:18,HYD007,1920,643,33.5,Low
HYD-RE-OCC01344,2024-11-10,14:44,HYD003,1920,660,34.4,Low
HYD-RE-OCC01345,2024-11-14,13:34,HYD022,1920,718,37.4,Low
HYD-RE-OCC01345,2024-11-14,13:22,HYD027,1920,400,20.9,Low
HYD-RE-OCC01345,2024-11-14,13:31,HYD006,1920,763,39.8,Low
HYD-RE-OCC01345,2024-11-14,13:48,HYD025,1920,332,17.3,Low
HYD-RE-OCC01346,2024-11-14,17:08,HYD003,1800,1304,72.5,Medium
HYD-RE-OCC01346,2024-11-14,17:41,HYD001,1800,815,45.3,Medium
HYD-RE-OCC01346,2024-11-14,17:22,HYD022,1800,1144,63.6,Medium
HYD-RE-OCC01346,2024-11-14,17:41,HYD009,1800,1257,69.8,Medium
HYD-RE-OCC01346,2024-11-14,17:41,HYD016,1800,1482,82.3,High
HYD-RE-OCC01347,2024-11-14,06:09,HYD026,1920,597,31.1,Low
HYD-RE-OCC01347,2024-11-14,06:11,HYD009,1920,303,15.8,Low
HYD-RE-OCC01347,2024-11-14,06:55,HYD016,1920,343,17.9,Low
HYD-RE-OCC01347,2024-11-14,06:46,HYD018,1920,473,24.7,Low
HYD-RE-OCC01347,2024-11-14,06:52,HYD003,1920,436,22.8,Low
HYD-RE-OCC01348,2024-11-18,09:33,HYD007,900,859,95.5,High
HYD-RE-OCC01348,2024-11-18,09:41,HYD017,900,797,88.6,High
HYD-RE-OCC01348,2024-11-18,09:01,HYD025,900,813,90.4,High
HYD-RE-OCC01348,2024-11-18,09:05,HYD027,900,800,89.0,High
HYD-RE-OCC01348,2024-11-18,09:02,HYD005,900,1092,121.4,Critical
HYD-RE-OCC01348,2024-11-18,09:09,HYD006,900,931,103.5,High
HYD-RE-OCC01349,2024-11-18,18:27,HYD007,1920,1783,92.9,High
HYD-RE-OCC01349,2024-11-18,18:58,HYD004,1920,2092,109.0,Critical
HYD-RE-OCC01349,2024-11-18,18:50,HYD010,1920,1229,64.0,Medium
HYD-RE-OCC01349,2024-11-18,18:34,HYD016,1920,1592,82.9,High
HYD-RE-OCC01350,2024-11-18,17:05,HYD026,1920,1238,64.5,Medium
HYD-RE-OCC01350,2024-11-18,17:50,HYD027,1920,1051,54.8,Medium
HYD-RE-OCC01350,2024-11-18,17:21,HYD020,1920,1783,92.9,High
HYD-RE-OCC01350,2024-11-18,17:14,HYD010,1920,1560,81.3,High
HYD-RE-OCC01350,2024-11-18,17:55,HYD018,1920,1152,60.0,Medium
HYD-RE-OCC01351,2024-11-22,19:58,HYD013,1800,1463,81.3,High
HYD-RE-OCC01351,2024-11-22,19:19,HYD027,1800,1490,82.8,High
HYD-RE-OCC01351,2024-11-22,19:05,HYD009,1800,1588,88.3,High
HYD-RE-OCC01352,2024-11-22,20:29,HYD026,1920,1631,85.0,High
HYD-RE-OCC01352,2024-11-22,20:16,HYD012,1920,1086,56.6,Medium
HYD-RE-OCC01352,2024-11-22,20:02,HYD013,1920,1261,65.7,Medium
HYD-RE-OCC01352,2024-11-22,20:09,HYD018,1920,1404,73.1,Medium
HYD-RE-OCC01353,2024-11-22,18:19,HYD018,900,664,73.9,Medium
HYD-RE-OCC01353,2024-11-22,18:03,HYD005,900,776,86.3,High
HYD-RE-OCC01353,2024-11-22,18:52,HYD008,900,992,110.3,Critical
HYD-RE-OCC01354,2024-11-26,18:56,HYD007,1800,1989,110.5,Critical
HYD-RE-OCC01354,2024-11-26,18:22,HYD008,1800,1244,69.1,Medium
HYD-RE-OCC01354,2024-11-26,18:05,HYD027,1800,1619,90.0,High
HYD-RE-OCC01354,2024-11-26,18:51,HYD020,1800,1695,94.2,High
HYD-RE-OCC01355,2024-11-26,17:08,HYD003,900,661,73.5,Medium
HYD-RE-OCC01355,2024-11-26,17:12,HYD002,900,598,66.5,Medium
HYD-RE-OCC01355,2024-11-26,17:57,HYD027,900,663,73.7,Medium
HYD-RE-OCC01355,2024-11-26,17:15,HYD022,900,449,50.0,Medium
HYD-RE-OCC01356,2024-11-26,21:53,HYD002,900,215,23.9,Low
HYD-RE-OCC01356,2024-11-26,21:24,HYD012,900,409,45.5,Medium
HYD-RE-OCC01356,2024-11-26,21:03,HYD021,900,389,43.2,Low
HYD-RE-OCC01357,2024-11-30,20:44,HYD022,1800,1256,69.8,Medium
HYD-RE-OCC01357,2024-11-30,20:09,HYD021,1800,1734,96.3,High
HYD-RE-OCC01357,2024-11-30,20:51,HYD018,1800,1217,67.7,Medium
HYD-RE-OCC01357,2024-11-30,20:48,HYD026,1800,1781,99.0,High
HYD-RE-OCC01357,2024-11-30,20:05,HYD007,1800,1237,68.8,Medium
HYD-RE-OCC01358,2024-11-30,10:22,HYD011,1920,1709,89.0,High
HYD-RE-OCC01358,2024-11-30,10:50,HYD023,1920,1174,61.2,Medium
HYD-RE-OCC01358,2024-11-30,10:50,HYD025,1920,1159,60.4,Medium
HYD-RE-OCC01359,2024-11-30,16:46,HYD001,1920,910,47.4,Medium
HYD-RE-OCC01359,2024-11-30,16:31,HYD014,1920,635,33.1,Low
HYD-RE-OCC01359,2024-11-30,16:00,HYD023,1920,813,42.4,Low
HYD-RE-OCC01360,2024-12-04,19:39,HYD024,1800,1325,73.6,Medium
HYD-RE-OCC01360,2024-12-04,19:43,HYD021,1800,1335,74.2,Medium
HYD-RE-OCC01360,2024-12-04,19:20,HYD013,1800,1508,83.8,High
HYD-RE-OCC01361,2024-12-04,08:40,HYD023,900,879,97.7,High
HYD-RE-OCC01361,2024-12-04,08:31,HYD024,900,957,106.3,Critical
HYD-RE-OCC01361,2024-12-04,08:53,HYD001,900,649,72.2,Medium
HYD-RE-OCC01361,2024-12-04,08:37,HYD015,900,842,93.6,High
HYD-RE-OCC01362,2024-12-04,09:13,HYD012,1800,1635,90.9,High
HYD-RE-OCC01362,2024-12-04,09:06,HYD013,1800,1493,83.0,High
HYD-RE-OCC01362,2024-12-04,09:30,HYD008,1800,1446,80.4,High
HYD-RE-OCC01362,2024-12-04,09:24,HYD024,1800,1881,104.5,High
HYD-RE-OCC01362,2024-12-04,09:18,HYD001,1800,1906,105.9,Critical
HYD-RE-OCC01363,2024-12-08,10:44,HYD019,1800,610,33.9,Low
HYD-RE-OCC01363,2024-12-08,10:59,HYD003,1800,1201,66.8,Medium
HYD-RE-OCC01363,2024-12-08,10:28,HYD011,1800,1609,89.4,High
HYD-RE-OCC01364,2024-12-08,09:54,HYD024,1920,1920,100.0,High
HYD-RE-OCC01364,2024-12-08,09:18,HYD016,1920,2194,114.3,Critical
HYD-RE-OCC01364,2024-12-08,09:16,HYD002,1920,1841,95.9,High
HYD-RE-OCC01364,2024-12-08,09:40,HYD006,1920,1514,78.9,Medium
HYD-RE-OCC01364,2024-12-08,09:44,HYD008,1920,1812,94.4,High
HYD-RE-OCC01364,2024-12-08,09:05,HYD026,1920,1259,65.6,Medium
HYD-RE-OCC01365,2024-12-08,22:33,HYD004,900,196,21.9,Low
HYD-RE-OCC01365,2024-12-08,22:15,HYD023,900,211,23.5,Low
HYD-RE-OCC01365,2024-12-08,22:58,HYD018,900,270,30.1,Low
HYD-RE-OCC01365,2024-12-08,22:58,HYD008,900,213,23.8,Low
HYD-RE-OCC01365,2024-12-08,22:34,HYD027,900,311,34.7,Low
HYD-RE-OCC01365,2024-12-08,22:11,HYD024,900,192,21.4,Low
HYD-RE-OCC01366,2024-12-12,13:26,HYD022,1920,954,49.7,Medium
HYD-RE-OCC01366,2024-12-12,13:26,HYD007,1920,604,31.5,Low
HYD-RE-OCC01366,2024-12-12,13:56,HYD016,1920,551,28.7,Low
HYD-RE-OCC01366,2024-12-12,13:36,HYD021,1920,630,32.9,Low
HYD-RE-OCC01366,2024-12-12,13:51,HYD014,1920,309,16.1,Low
HYD-RE-OCC01367,2024-12-12,12:13,HYD015,1800,777,43.2,Low
HYD-RE-OCC01367,2024-12-12,12:53,HYD011,1800,596,33.1,Low
HYD-RE-OCC01367,2024-12-12,12:52,HYD010,1800,671,37.3,Low
HYD-RE-OCC01367,2024-12-12,12:28,HYD003,1800,883,49.1,Medium
HYD-RE-OCC01367,2024-12-12,12:44,HYD009,1800,576,32.0,Low
HYD-RE-OCC01368,2024-12-12,19:16,HYD027,1920,1819,94.8,High
HYD-RE-OCC01368,2024-12-12,19:36,HYD022,1920,1394,72.6,Medium
HYD-RE-OCC01368,2024-12-12,19:59,HYD007,1920,1588,82.7,High
HYD-RE-OCC01368,2024-12-12,19:03,HYD011,1920,2319,120.8,Critical
HYD-RE-OCC01368,2024-12-12,19:41,HYD015,1920,1411,73.5,Medium
HYD-RE-OCC01368,2024-12-12,19:29,HYD002,1920,803,41.9,Low
HYD-RE-OCC01369,2024-12-16,19:18,HYD022,1800,1809,100.5,High
HYD-RE-OCC01369,2024-12-16,19:38,HYD010,1800,613,34.1,Low
HYD-RE-OCC01369,2024-12-16,19:01,HYD025,1800,1308,72.7,Medium
HYD-RE-OCC01369,2024-12-16,19:25,HYD009,1800,2071,115.1,Critical
HYD-RE-OCC01369,2024-12-16,19:06,HYD006,1800,1571,87.3,High
HYD-RE-OCC01369,2024-12-16,19:01,HYD021,1800,1465,81.4,High
HYD-RE-OCC01370,2024-12-16,18:12,HYD021,1920,1510,78.6,Medium
HYD-RE-OCC01370,2024-12-16,18:29,HYD017,1920,1705,88.8,High
HYD-RE-OCC01370,2024-12-16,18:25,HYD013,1920,2002,104.3,High
HYD-RE-OCC01370,2024-12-16,18:03,HYD001,1920,2144,111.7,Critical
HYD-RE-OCC01370,2024-12-16,18:13,HYD026,1920,1727,90.0,High
HYD-RE-OCC01370,2024-12-16,18:36,HYD012,1920,1940,101.1,High
HYD-RE-OCC01371,2024-12-16,22:26,HYD022,1920,495,25.8,Low
HYD-RE-OCC01371,2024-12-16,22:07,HYD017,1920,512,26.7,Low
HYD-RE-OCC01371,2024-12-16,22:44,HYD001,1920,594,30.9,Low
HYD-RE-OCC01372,2024-12-20,05:17,HYD011,1920,178,9.3,Low
HYD-RE-OCC01372,2024-12-20,05:21,HYD019,1920,204,10.7,Low
HYD-RE-OCC01372,2024-12-20,05:57,HYD025,1920,173,9.0,Low
HYD-RE-OCC01372,2024-12-20,05:13,HYD005,1920,190,9.9,Low
HYD-RE-OCC01372,2024-12-20,05:52,HYD014,1920,239,12.5,Low
HYD-RE-OCC01373,2024-12-20,20:42,HYD002,1920,529,27.6,Low
HYD-RE-OCC01373,2024-12-20,20:23,HYD013,1920,1378,71.8,Medium
HYD-RE-OCC01373,2024-12-20,20:52,HYD011,1920,1130,58.9,Medium
HYD-RE-OCC01373,2024-12-20,20:35,HYD017,1920,1855,96.6,High
HYD-RE-OCC01373,2024-12-20,20:55,HYD003,1920,1578,82.2,High
HYD-RE-OCC01374,2024-12-20,22:54,HYD002,1920,206,10.8,Low
HYD-RE-OCC01374,2024-12-20,22:01,HYD011,1920,443,23.1,Low
HYD-RE-OCC01374,2024-12-20,22:47,HYD005,1920,534,27.8,Low
HYD-RE-OCC01375,2024-12-24,13:26,HYD019,960,325,33.9,Low
HYD-RE-OCC01375,2024-12-24,13:53,HYD005,960,390,40.7,Low
HYD-RE-OCC01375,2024-12-24,13:33,HYD026,960,193,20.2,Low
HYD-RE-OCC01375,2024-12-24,13:52,HYD024,960,238,24.9,Low
HYD-RE-OCC01375,2024-12-24,13:52,HYD025,960,232,24.3,Low
HYD-RE-OCC01375,2024-12-24,13:35,HYD001,960,228,23.8,Low
HYD-RE-OCC01376,2024-12-24,20:34,HYD003,960,893,93.0,High
HYD-RE-OCC01376,2024-12-24,20:37,HYD026,960,792,82.6,High
HYD-RE-OCC01376,2024-12-24,20:44,HYD007,960,666,69.4,Medium
HYD-RE-OCC01376,2024-12-24,20:32,HYD027,960,660,68.8,Medium
HYD-RE-OCC01376,2024-12-24,20:51,HYD019,960,211,22.0,Low
HYD-RE-OCC01376,2024-12-24,20:36,HYD005,960,681,71.0,Medium
HYD-RE-OCC01377,2024-12-24,21:39,HYD010,1800,362,20.2,Low
HYD-RE-OCC01377,2024-12-24,21:32,HYD004,1800,660,36.7,Low
HYD-RE-OCC01377,2024-12-24,21:17,HYD011,1800,952,52.9,Medium
HYD-RE-OCC01378,2024-12-28,05:13,HYD027,1800,128,7.2,Low
HYD-RE-OCC01378,2024-12-28,05:15,HYD009,1800,189,10.5,Low
HYD-RE-OCC01378,2024-12-28,05:12,HYD011,1800,193,10.8,Low
HYD-RE-OCC01378,2024-12-28,05:03,HYD001,1800,195,10.9,Low
HYD-RE-OCC01379,2024-12-28,18:04,HYD008,1800,1472,81.8,High
HYD-RE-OCC01379,2024-12-28,18:00,HYD016,1800,1256,69.8,Medium
HYD-RE-OCC01379,2024-12-28,18:54,HYD026,1800,1477,82.1,High
HYD-RE-OCC01380,2024-12-28,18:59,HYD016,1920,1829,95.3,High
HYD-RE-OCC01380,2024-12-28,18:33,HYD011,1920,1421,74.0,Medium
HYD-RE-OCC01380,2024-12-28,18:11,HYD003,1920,1846,96.2,High
HYD-RE-OCC01380,2024-12-28,18:12,HYD017,1920,1309,68.2,Medium
HYD-BL-OCC01381,2024-10-01,07:55,HYD011,1800,730,40.6,Low
HYD-BL-OCC01381,2024-10-01,07:24,HYD043,1800,592,32.9,Low
HYD-BL-OCC01381,2024-10-01,07:03,HYD047,1800,977,54.3,Medium
HYD-BL-OCC01381,2024-10-01,07:53,HYD037,1800,838,46.6,Medium
HYD-BL-OCC01381,2024-10-01,07:50,HYD028,1800,850,47.2,Medium
HYD-BL-OCC01382,2024-10-01,08:24,HYD044,960,1169,121.9,Critical
HYD-BL-OCC01382,2024-10-01,08:10,HYD029,960,731,76.2,Medium
HYD-BL-OCC01382,2024-10-01,08:49,HYD030,960,639,66.6,Medium
HYD-BL-OCC01382,2024-10-01,08:35,HYD028,960,587,61.2,Medium
HYD-BL-OCC01382,2024-10-01,08:45,HYD039,960,684,71.3,Medium
HYD-BL-OCC01383,2024-10-01,09:16,HYD040,900,761,84.6,High
HYD-BL-OCC01383,2024-10-01,09:01,HYD031,900,710,79.0,Medium
HYD-BL-OCC01383,2024-10-01,09:38,HYD035,900,630,70.0,Medium
HYD-BL-OCC01383,2024-10-01,09:35,HYD039,900,827,92.0,High
HYD-BL-OCC01383,2024-10-01,09:31,HYD047,900,712,79.1,Medium
HYD-BL-OCC01383,2024-10-01,09:35,HYD048,900,611,68.0,Medium
HYD-BL-OCC01384,2024-10-05,19:16,HYD047,1920,845,44.0,Low
HYD-BL-OCC01384,2024-10-05,19:17,HYD049,1920,1982,103.3,High
HYD-BL-OCC01384,2024-10-05,19:54,HYD036,1920,2351,122.5,Critical
HYD-BL-OCC01384,2024-10-05,19:32,HYD011,1920,1539,80.2,High
HYD-BL-OCC01384,2024-10-05,19:37,HYD039,1920,2220,115.6,Critical
HYD-BL-OCC01385,2024-10-05,18:36,HYD034,1800,1732,96.2,High
HYD-BL-OCC01385,2024-10-05,18:25,HYD028,1800,1258,69.9,Medium
HYD-BL-OCC01385,2024-10-05,18:54,HYD044,1800,1424,79.2,Medium
HYD-BL-OCC01385,2024-10-05,18:51,HYD036,1800,1889,105.0,High
HYD-BL-OCC01385,2024-10-05,18:24,HYD033,1800,1539,85.5,High
HYD-BL-OCC01386,2024-10-05,10:35,HYD045,1920,1845,96.1,High
HYD-BL-OCC01386,2024-10-05,10:03,HYD011,1920,1805,94.0,High
HYD-BL-OCC01386,2024-10-05,10:59,HYD036,1920,915,47.7,Medium
HYD-BL-OCC01386,2024-10-05,10:33,HYD038,1920,1238,64.5,Medium
HYD-BL-OCC01386,2024-10-05,10:59,HYD039,1920,861,44.9,Low
HYD-BL-OCC01387,2024-10-09,19:16,HYD038,1800,1296,72.1,Medium
HYD-BL-OCC01387,2024-10-09,19:24,HYD032,1800,1964,109.1,Critical
HYD-BL-OCC01387,2024-10-09,19:42,HYD042,1800,2241,124.5,Critical
HYD-BL-OCC01387,2024-10-09,19:13,HYD043,1800,1541,85.6,High
HYD-BL-OCC01388,2024-10-09,18:52,HYD042,960,973,101.4,High
HYD-BL-OCC01388,2024-10-09,18:36,HYD047,960,429,44.8,Low
HYD-BL-OCC01388,2024-10-09,18:03,HYD046,960,998,104.1,High
HYD-BL-OCC01388,2024-10-09,18:31,HYD044,960,805,83.9,High
HYD-BL-OCC01388,2024-10-09,18:54,HYD048,960,951,99.1,High
HYD-BL-OCC01389,2024-10-09,06:49,HYD045,1920,330,17.2,Low
HYD-BL-OCC01389,2024-10-09,06:35,HYD037,1920,329,17.1,Low
HYD-BL-OCC01389,2024-10-09,06:50,HYD039,1920,605,31.5,Low
HYD-BL-OCC01389,2024-10-09,06:40,HYD042,1920,403,21.0,Low
HYD-BL-OCC01389,2024-10-09,06:03,HYD044,1920,581,30.3,Low
HYD-BL-OCC01389,2024-10-09,06:25,HYD033,1920,556,29.0,Low
HYD-BL-OCC01390,2024-10-13,20:46,HYD034,1920,1235,64.3,Medium
HYD-BL-OCC01390,2024-10-13,20:39,HYD042,1920,1717,89.5,High
HYD-BL-OCC01390,2024-10-13,20:59,HYD044,1920,1899,98.9,High
HYD-BL-OCC01390,2024-10-13,20:02,HYD043,1920,1168,60.9,Medium
HYD-BL-OCC01390,2024-10-13,20:07,HYD039,1920,1257,65.5,Medium
HYD-BL-OCC01391,2024-10-13,10:57,HYD028,1920,1283,66.8,Medium
HYD-BL-OCC01391,2024-10-13,10:15,HYD011,1920,1469,76.5,Medium
HYD-BL-OCC01391,2024-10-13,10:14,HYD044,1920,1126,58.7,Medium
HYD-BL-OCC01391,2024-10-13,10:14,HYD038,1920,1850,96.4,High
HYD-BL-OCC01392,2024-10-13,21:40,HYD035,1920,813,42.4,Low
HYD-BL-OCC01392,2024-10-13,21:56,HYD048,1920,536,27.9,Low
HYD-BL-OCC01392,2024-10-13,21:23,HYD049,1920,1007,52.5,Medium
HYD-BL-OCC01392,2024-10-13,21:09,HYD031,1920,1025,53.4,Medium
HYD-BL-OCC01392,2024-10-13,21:39,HYD011,1920,1152,60.0,Medium
HYD-BL-OCC01392,2024-10-13,21:29,HYD043,1920,1062,55.3,Medium
HYD-BL-OCC01393,2024-10-17,20:00,HYD039,1800,1219,67.7,Medium
HYD-BL-OCC01393,2024-10-17,20:17,HYD038,1800,1421,79.0,Medium
HYD-BL-OCC01393,2024-10-17,20:35,HYD043,1800,1189,66.1,Medium
HYD-BL-OCC01394,2024-10-17,05:36,HYD039,1920,214,11.2,Low
HYD-BL-OCC01394,2024-10-17,05:57,HYD032,1920,146,7.6,Low
HYD-BL-OCC01394,2024-10-17,05:13,HYD038,1920,233,12.2,Low
HYD-BL-OCC01394,2024-10-17,05:54,HYD043,1920,182,9.5,Low
HYD-BL-OCC01394,2024-10-17,05:41,HYD048,1920,319,16.6,Low
HYD-BL-OCC01395,2024-10-17,19:21,HYD034,900,1006,111.8,Critical
HYD-BL-OCC01395,2024-10-17,19:25,HYD031,900,967,107.5,Critical
HYD-BL-OCC01395,2024-10-17,19:54,HYD041,900,667,74.2,Medium
HYD-BL-OCC01395,2024-10-17,19:19,HYD036,900,1029,114.4,Critical
HYD-BL-OCC01395,2024-10-17,19:03,HYD040,900,845,93.9,High
HYD-BL-OCC01396,2024-10-21,19:48,HYD044,960,813,84.8,High
HYD-BL-OCC01396,2024-10-21,19:36,HYD034,960,846,88.2,High
HYD-BL-OCC01396,2024-10-21,19:27,HYD047,960,284,29.7,Low
HYD-BL-OCC01396,2024-10-21,19:30,HYD028,960,1144,119.3,Critical
HYD-BL-OCC01397,2024-10-21,17:32,HYD029,1920,1654,86.2,High
HYD-BL-OCC01397,2024-10-21,17:25,HYD011,1920,969,50.5,Medium
HYD-BL-OCC01397,2024-10-21,17:24,HYD032,1920,1184,61.7,Medium
HYD-BL-OCC01398,2024-10-21,21:10,HYD037,960,446,46.5,Medium
HYD-BL-OCC01398,2024-10-21,21:52,HYD042,960,522,54.4,Medium
HYD-BL-OCC01398,2024-10-21,21:48,HYD038,960,402,41.9,Low
HYD-BL-OCC01398,2024-10-21,21:16,HYD046,960,576,60.1,Medium
HYD-BL-OCC01399,2024-10-25,17:18,HYD034,960,699,72.8,Medium
HYD-BL-OCC01399,2024-10-25,17:00,HYD035,960,749,78.1,Medium
HYD-BL-OCC01399,2024-10-25,17:39,HYD046,960,519,54.1,Medium
HYD-BL-OCC01399,2024-10-25,17:26,HYD030,960,614,64.0,Medium
HYD-BL-OCC01399,2024-10-25,17:17,HYD029,960,800,83.4,High
HYD-BL-OCC01400,2024-10-25,09:47,HYD029,1800,1682,93.5,High
HYD-BL-OCC01400,2024-10-25,09:42,HYD033,1800,1420,78.9,Medium
HYD-BL-OCC01400,2024-10-25,09:41,HYD034,1800,1613,89.6,High
HYD-BL-OCC01400,2024-10-25,09:50,HYD038,1800,1344,74.7,Medium
HYD-BL-OCC01401,2024-10-25,06:55,HYD049,1920,301,15.7,Low
HYD-BL-OCC01401,2024-10-25,06:27,HYD033,1920,630,32.9,Low
HYD-BL-OCC01401,2024-10-25,06:06,HYD039,1920,443,23.1,Low
HYD-BL-OCC01401,2024-10-25,06:46,HYD031,1920,319,16.6,Low
HYD-BL-OCC01401,2024-10-25,06:37,HYD032,1920,381,19.8,Low
HYD-BL-OCC01401,2024-10-25,06:52,HYD029,1920,433,22.6,Low
HYD-BL-OCC01402,2024-10-29,12:41,HYD037,1800,729,40.5,Low
HYD-BL-OCC01402,2024-10-29,12:33,HYD048,1800,452,25.1,Low
HYD-BL-OCC01402,2024-10-29,12:44,HYD033,1800,382,21.3,Low
HYD-BL-OCC01402,2024-10-29,12:30,HYD040,1800,585,32.5,Low
HYD-BL-OCC01402,2024-10-29,12:40,HYD029,1800,772,42.9,Low
HYD-BL-OCC01403,2024-10-29,10:03,HYD038,1920,1581,82.4,High
HYD-BL-OCC01403,2024-10-29,10:25,HYD048,1920,797,41.5,Low
HYD-BL-OCC01403,2024-10-29,10:20,HYD037,1920,1555,81.0,High
HYD-BL-OCC01403,2024-10-29,10:11,HYD040,1920,1809,94.2,High
HYD-BL-OCC01404,2024-10-29,09:07,HYD031,1920,1823,95.0,High
HYD-BL-OCC01404,2024-10-29,09:15,HYD035,1920,2216,115.4,Critical
HYD-BL-OCC01404,2024-10-29,09:26,HYD041,1920,1260,65.7,Medium
HYD-BL-OCC01405,2024-11-02,23:40,HYD033,1800,130,7.3,Low
HYD-BL-OCC01405,2024-11-02,23:03,HYD035,1800,354,19.7,Low
HYD-BL-OCC01405,2024-11-02,23:53,HYD036,1800,209,11.7,Low
HYD-BL-OCC01406,2024-11-02,18:06,HYD037,900,928,103.1,High
HYD-BL-OCC01406,2024-11-02,18:26,HYD048,900,587,65.3,Medium
HYD-BL-OCC01406,2024-11-02,18:00,HYD011,900,732,81.3,High
HYD-BL-OCC01406,2024-11-02,18:03,HYD045,900,811,90.2,High
HYD-BL-OCC01406,2024-11-02,18:20,HYD033,900,639,71.0,Medium
HYD-BL-OCC01406,2024-11-02,18:39,HYD028,900,582,64.8,Medium
HYD-BL-OCC01407,2024-11-02,11:20,HYD042,1920,1000,52.1,Medium
HYD-BL-OCC01407,2024-11-02,11:15,HYD049,1920,1093,56.9,Medium
HYD-BL-OCC01407,2024-11-02,11:59,HYD048,1920,696,36.3,Low
HYD-BL-OCC01407,2024-11-02,11:24,HYD035,1920,686,35.8,Low
HYD-BL-OCC01407,2024-11-02,11:01,HYD041,1920,654,34.1,Low
HYD-BL-OCC01408,2024-11-06,08:27,HYD031,1920,1584,82.5,High
HYD-BL-OCC01408,2024-11-06,08:05,HYD043,1920,1424,74.2,Medium
HYD-BL-OCC01408,2024-11-06,08:39,HYD047,1920,1784,93.0,High
HYD-BL-OCC01408,2024-11-06,08:50,HYD044,1920,1643,85.6,High
HYD-BL-OCC01408,2024-11-06,08:48,HYD030,1920,1199,62.5,Medium
HYD-BL-OCC01408,2024-11-06,08:55,HYD032,1920,1387,72.3,Medium
HYD-BL-OCC01409,2024-11-06,09:04,HYD034,900,950,105.6,Critical
HYD-BL-OCC01409,2024-11-06,09:39,HYD041,900,620,68.9,Medium
HYD-BL-OCC01409,2024-11-06,09:27,HYD037,900,721,80.1,High
HYD-BL-OCC01410,2024-11-06,19:25,HYD038,1920,1398,72.8,Medium
HYD-BL-OCC01410,2024-11-06,19:03,HYD035,1920,1859,96.8,High
HYD-BL-OCC01410,2024-11-06,19:58,HYD042,1920,2110,109.9,Critical
HYD-BL-OCC01410,2024-11-06,19:26,HYD032,1920,1481,77.2,Medium
HYD-BL-OCC01411,2024-11-10,07:07,HYD040,960,399,41.6,Low
HYD-BL-OCC01411,2024-11-10,07:11,HYD032,960,344,35.8,Low
HYD-BL-OCC01411,2024-11-10,07:25,HYD048,960,675,70.4,Medium
HYD-BL-OCC01412,2024-11-10,23:18,HYD048,960,110,11.5,Low
HYD-BL-OCC01412,2024-11-10,23:14,HYD036,960,69,7.2,Low
HYD-BL-OCC01412,2024-11-10,23:29,HYD035,960,166,17.3,Low
HYD-BL-OCC01413,2024-11-10,10:08,HYD044,1800,819,45.5,Medium
HYD-BL-OCC01413,2024-11-10,10:10,HYD031,1800,1424,79.2,Medium
HYD-BL-OCC01413,2024-11-10,10:56,HYD029,1800,1720,95.6,High
HYD-BL-OCC01413,2024-11-10,10:03,HYD045,1800,1009,56.1,Medium
HYD-BL-OCC01413,2024-11-10,10:05,HYD046,1800,969,53.9,Medium
HYD-BL-OCC01413,2024-11-10,10:04,HYD047,1800,744,41.4,Low
HYD-BL-OCC01414,2024-11-14,19:59,HYD028,900,929,103.3,High
HYD-BL-OCC01414,2024-11-14,19:29,HYD039,900,926,102.9,High
HYD-BL-OCC01414,2024-11-14,19:49,HYD034,900,994,110.5,Critical
HYD-BL-OCC01414,2024-11-14,19:13,HYD042,900,1059,117.7,Critical
HYD-BL-OCC01414,2024-11-14,19:39,HYD040,900,1032,114.7,Critical
HYD-BL-OCC01414,2024-11-14,19:01,HYD045,900,897,99.7,High
HYD-BL-OCC01415,2024-11-14,10:42,HYD035,1800,1542,85.7,High
HYD-BL-OCC01415,2024-11-14,10:33,HYD039,1800,1041,57.9,Medium
HYD-BL-OCC01415,2024-11-14,10:12,HYD046,1800,826,45.9,Medium
HYD-BL-OCC01415,2024-11-14,10:10,HYD047,1800,687,38.2,Low
HYD-BL-OCC01416,2024-11-14,08:59,HYD039,1920,2065,107.6,Critical
HYD-BL-OCC01416,2024-11-14,08:59,HYD044,1920,1525,79.4,Medium
HYD-BL-OCC01416,2024-11-14,08:35,HYD035,1920,1276,66.5,Medium
HYD-BL-OCC01417,2024-11-18,11:10,HYD011,1800,1056,58.7,Medium
HYD-BL-OCC01417,2024-11-18,11:05,HYD039,1800,673,37.4,Low
HYD-BL-OCC01417,2024-11-18,11:38,HYD043,1800,979,54.4,Medium
HYD-BL-OCC01418,2024-11-18,08:54,HYD036,1920,1650,85.9,High
HYD-BL-OCC01418,2024-11-18,08:51,HYD030,1920,1670,87.0,High
HYD-BL-OCC01418,2024-11-18,08:29,HYD048,1920,1367,71.2,Medium
HYD-BL-OCC01418,2024-11-18,08:22,HYD039,1920,1783,92.9,High
HYD-BL-OCC01418,2024-11-18,08:31,HYD038,1920,1406,73.3,Medium
HYD-BL-OCC01419,2024-11-18,19:07,HYD030,1920,1991,103.7,High
HYD-BL-OCC01419,2024-11-18,19:58,HYD043,1920,1750,91.2,High
HYD-BL-OCC01419,2024-11-18,19:01,HYD049,1920,2017,105.1,Critical
HYD-BL-OCC01420,2024-11-22,23:21,HYD045,900,198,22.0,Low
HYD-BL-OCC01420,2024-11-22,23:06,HYD032,900,203,22.6,Low
HYD-BL-OCC01420,2024-11-22,23:31,HYD039,900,107,11.9,Low
HYD-BL-OCC01420,2024-11-22,23:46,HYD043,900,192,21.4,Low
HYD-BL-OCC01421,2024-11-22,19:23,HYD033,1800,1938,107.7,Critical
HYD-BL-OCC01421,2024-11-22,19:46,HYD043,1800,2041,113.4,Critical
HYD-BL-OCC01421,2024-11-22,19:38,HYD042,1800,1329,73.8,Medium
HYD-BL-OCC01421,2024-11-22,19:52,HYD040,1800,1820,101.2,High
HYD-BL-OCC01422,2024-11-22,08:38,HYD033,960,1101,114.7,Critical
HYD-BL-OCC01422,2024-11-22,08:39,HYD028,960,505,52.7,Medium
HYD-BL-OCC01422,2024-11-22,08:36,HYD032,960,693,72.2,Medium
HYD-BL-OCC01422,2024-11-22,08:34,HYD041,960,689,71.8,Medium
HYD-BL-OCC01422,2024-11-22,08:20,HYD037,960,581,60.6,Medium
HYD-BL-OCC01422,2024-11-22,08:37,HYD038,960,606,63.2,Medium
HYD-BL-OCC01423,2024-11-26,19:30,HYD028,900,1022,113.6,Critical
HYD-BL-OCC01423,2024-11-26,19:21,HYD048,900,556,61.9,Medium
HYD-BL-OCC01423,2024-11-26,19:45,HYD035,900,979,108.9,Critical
HYD-BL-OCC01423,2024-11-26,19:47,HYD044,900,840,93.4,High
HYD-BL-OCC01424,2024-11-26,10:24,HYD030,1920,1929,100.5,High
HYD-BL-OCC01424,2024-11-26,10:23,HYD049,1920,1490,77.6,Medium
HYD-BL-OCC01424,2024-11-26,10:01,HYD048,1920,781,40.7,Low
HYD-BL-OCC01424,2024-11-26,10:03,HYD041,1920,808,42.1,Low
HYD-BL-OCC01425,2024-11-26,15:20,HYD035,1920,598,31.1,Low
HYD-BL-OCC01425,2024-11-26,15:30,HYD047,1920,1100,57.3,Medium
HYD-BL-OCC01425,2024-11-26,15:22,HYD049,1920,861,44.9,Low
HYD-BL-OCC01425,2024-11-26,15:06,HYD046,1920,529,27.6,Low
HYD-BL-OCC01425,2024-11-26,15:27,HYD048,1920,586,30.5,Low
HYD-BL-OCC01426,2024-11-30,18:21,HYD049,1800,1342,74.6,Medium
HYD-BL-OCC01426,2024-11-30,18:34,HYD029,1800,1450,80.6,High
HYD-BL-OCC01426,2024-11-30,18:48,HYD031,1800,1861,103.4,High
HYD-BL-OCC01426,2024-11-30,18:46,HYD035,1800,1751,97.3,High
HYD-BL-OCC01426,2024-11-30,18:55,HYD039,1800,1754,97.5,High
HYD-BL-OCC01427,2024-11-30,19:51,HYD040,1800,2052,114.0,Critical
HYD-BL-OCC01427,2024-11-30,19:56,HYD028,1800,1750,97.3,High
HYD-BL-OCC01427,2024-11-30,19:23,HYD033,1800,1665,92.5,High
HYD-BL-OCC01428,2024-11-30,08:41,HYD040,1920,1222,63.6,Medium
HYD-BL-OCC01428,2024-11-30,08:32,HYD035,1920,1877,97.8,High
HYD-BL-OCC01428,2024-11-30,08:38,HYD045,1920,1130,58.9,Medium
HYD-BL-OCC01428,2024-11-30,08:22,HYD034,1920,1908,99.4,High
HYD-BL-OCC01429,2024-12-04,10:45,HYD040,960,777,81.0,High
HYD-BL-OCC01429,2024-12-04,10:59,HYD032,960,609,63.5,Medium
HYD-BL-OCC01429,2024-12-04,10:06,HYD045,960,735,76.6,Medium
HYD-BL-OCC01429,2024-12-04,10:07,HYD047,960,310,32.3,Low
HYD-BL-OCC01430,2024-12-04,11:35,HYD043,1920,1385,72.2,Medium
HYD-BL-OCC01430,2024-12-04,11:46,HYD040,1920,796,41.5,Low
HYD-BL-OCC01430,2024-12-04,11:42,HYD041,1920,581,30.3,Low
HYD-BL-OCC01430,2024-12-04,11:34,HYD044,1920,421,22.0,Low
HYD-BL-OCC01431,2024-12-04,11:30,HYD042,1800,1042,57.9,Medium
HYD-BL-OCC01431,2024-12-04,11:44,HYD040,1800,668,37.1,Low
HYD-BL-OCC01431,2024-12-04,11:24,HYD039,1800,449,25.0,Low
HYD-BL-OCC01431,2024-12-04,11:37,HYD046,1800,670,37.2,Low
HYD-BL-OCC01431,2024-12-04,11:13,HYD035,1800,1109,61.6,Medium
HYD-BL-OCC01432,2024-12-08,23:12,HYD038,960,205,21.4,Low
HYD-BL-OCC01432,2024-12-08,23:19,HYD044,960,87,9.1,Low
HYD-BL-OCC01432,2024-12-08,23:38,HYD049,960,207,21.6,Low
HYD-BL-OCC01432,2024-12-08,23:31,HYD035,960,195,20.4,Low
HYD-BL-OCC01432,2024-12-08,23:05,HYD040,960,184,19.2,Low
HYD-BL-OCC01432,2024-12-08,23:27,HYD048,960,84,8.8,Low
HYD-BL-OCC01433,2024-12-08,14:55,HYD042,1800,672,37.4,Low
HYD-BL-OCC01433,2024-12-08,14:44,HYD047,1800,1012,56.2,Medium
HYD-BL-OCC01433,2024-12-08,14:24,HYD043,1800,539,30.0,Low
HYD-BL-OCC01433,2024-12-08,14:47,HYD040,1800,556,30.9,Low
HYD-BL-OCC01434,2024-12-08,07:02,HYD031,900,302,33.6,Low
HYD-BL-OCC01434,2024-12-08,07:16,HYD049,900,436,48.5,Medium
HYD-BL-OCC01434,2024-12-08,07:48,HYD011,900,322,35.8,Low
HYD-BL-OCC01434,2024-12-08,07:51,HYD034,900,472,52.5,Medium
HYD-BL-OCC01434,2024-12-08,07:01,HYD046,900,463,51.5,Medium
HYD-BL-OCC01435,2024-12-12,15:40,HYD039,900,257,28.6,Low
HYD-BL-OCC01435,2024-12-12,15:16,HYD048,900,363,40.4,Low
HYD-BL-OCC01435,2024-12-12,15:40,HYD049,900,285,31.7,Low
HYD-BL-OCC01435,2024-12-12,15:38,HYD044,900,316,35.1,Low
HYD-BL-OCC01435,2024-12-12,15:04,HYD047,900,697,77.5,Medium
HYD-BL-OCC01436,2024-12-12,11:29,HYD041,1800,572,31.8,Low
HYD-BL-OCC01436,2024-12-12,11:32,HYD031,1800,706,39.2,Low
HYD-BL-OCC01436,2024-12-12,11:04,HYD032,1800,828,46.0,Medium
HYD-BL-OCC01436,2024-12-12,11:44,HYD047,1800,528,29.3,Low
HYD-BL-OCC01436,2024-12-12,11:10,HYD042,1800,944,52.5,Medium
HYD-BL-OCC01437,2024-12-12,19:25,HYD049,1800,1689,93.9,High
HYD-BL-OCC01437,2024-12-12,19:00,HYD029,1800,1814,100.8,High
HYD-BL-OCC01437,2024-12-12,19:55,HYD046,1800,2204,122.5,Critical
HYD-BL-OCC01437,2024-12-12,19:10,HYD011,1800,1489,82.7,High
HYD-BL-OCC01437,2024-12-12,19:57,HYD042,1800,1317,73.2,Medium
HYD-BL-OCC01438,2024-12-16,22:03,HYD034,900,199,22.2,Low
HYD-BL-OCC01438,2024-12-16,22:05,HYD040,900,296,33.0,Low
HYD-BL-OCC01438,2024-12-16,22:07,HYD045,900,226,25.1,Low
HYD-BL-OCC01438,2024-12-16,22:22,HYD044,900,195,21.7,Low
HYD-BL-OCC01439,2024-12-16,14:09,HYD047,900,485,53.9,Medium
HYD-BL-OCC01439,2024-12-16,14:59,HYD042,900,281,31.3,Low
HYD-BL-OCC01439,2024-12-16,14:15,HYD040,900,325,36.1,Low
HYD-BL-OCC01439,2024-12-16,14:17,HYD038,900,271,30.2,Low
HYD-BL-OCC01439,2024-12-16,14:35,HYD045,900,349,38.8,Low
HYD-BL-OCC01440,2024-12-16,08:11,HYD035,1920,1891,98.5,High
HYD-BL-OCC01440,2024-12-16,08:23,HYD040,1920,1166,60.7,Medium
HYD-BL-OCC01440,2024-12-16,08:08,HYD029,1920,1425,74.2,Medium
HYD-BL-OCC01440,2024-12-16,08:10,HYD031,1920,1560,81.3,High
HYD-BL-OCC01440,2024-12-16,08:06,HYD049,1920,1651,86.0,High
HYD-BL-OCC01440,2024-12-16,08:28,HYD030,1920,1535,80.0,Medium
HYD-BL-OCC01441,2024-12-20,18:58,HYD028,960,1064,110.8,Critical
HYD-BL-OCC01441,2024-12-20,18:19,HYD047,960,616,64.3,Medium
HYD-BL-OCC01441,2024-12-20,18:39,HYD043,960,834,87.0,High
HYD-BL-OCC01441,2024-12-20,18:49,HYD039,960,700,72.9,Medium
HYD-BL-OCC01441,2024-12-20,18:34,HYD045,960,711,74.1,Medium
HYD-BL-OCC01441,2024-12-20,18:15,HYD040,960,673,70.1,Medium
HYD-BL-OCC01442,2024-12-20,13:54,HYD030,1920,923,48.1,Medium
HYD-BL-OCC01442,2024-12-20,13:05,HYD034,1920,400,20.9,Low
HYD-BL-OCC01442,2024-12-20,13:37,HYD036,1920,448,23.4,Low
HYD-BL-OCC01442,2024-12-20,13:13,HYD046,1920,316,16.5,Low
HYD-BL-OCC01443,2024-12-20,10:09,HYD049,1800,1187,66.0,Medium
HYD-BL-OCC01443,2024-12-20,10:36,HYD030,1800,1986,110.4,Critical
HYD-BL-OCC01443,2024-12-20,10:00,HYD045,1800,1455,80.9,High
HYD-BL-OCC01444,2024-12-24,19:22,HYD036,960,954,99.4,High
HYD-BL-OCC01444,2024-12-24,19:56,HYD049,960,958,99.9,High
HYD-BL-OCC01444,2024-12-24,19:33,HYD035,960,727,75.8,Medium
HYD-BL-OCC01445,2024-12-24,08:48,HYD034,1920,1975,102.9,High
HYD-BL-OCC01445,2024-12-24,08:38,HYD042,1920,1594,83.0,High
HYD-BL-OCC01445,2024-12-24,08:27,HYD048,1920,2137,111.3,Critical
HYD-BL-OCC01445,2024-12-24,08:08,HYD044,1920,1423,74.1,Medium
HYD-BL-OCC01445,2024-12-24,08:16,HYD046,1920,1561,81.3,High
HYD-BL-OCC01445,2024-12-24,08:10,HYD038,1920,1350,70.3,Medium
HYD-BL-OCC01446,2024-12-24,17:21,HYD048,1920,1620,84.4,High
HYD-BL-OCC01446,2024-12-24,17:09,HYD030,1920,1293,67.4,Medium
HYD-BL-OCC01446,2024-12-24,17:37,HYD044,1920,1252,65.3,Medium
HYD-BL-OCC01446,2024-12-24,17:22,HYD035,1920,1639,85.4,High
HYD-BL-OCC01447,2024-12-28,10:20,HYD044,1920,863,44.9,Low
HYD-BL-OCC01447,2024-12-28,10:10,HYD032,1920,1809,94.2,High
HYD-BL-OCC01447,2024-12-28,10:54,HYD036,1920,1131,58.9,Medium
HYD-BL-OCC01447,2024-12-28,10:23,HYD043,1920,1546,80.6,High
HYD-BL-OCC01447,2024-12-28,10:35,HYD034,1920,773,40.3,Low
HYD-BL-OCC01448,2024-12-28,05:46,HYD048,900,145,16.2,Low
HYD-BL-OCC01448,2024-12-28,05:57,HYD042,900,73,8.1,Low
HYD-BL-OCC01448,2024-12-28,05:57,HYD038,900,66,7.4,Low
HYD-BL-OCC01448,2024-12-28,05:06,HYD047,900,81,9.1,Low
HYD-BL-OCC01448,2024-12-28,05:55,HYD037,900,76,8.5,Low
HYD-BL-OCC01449,2024-12-28,06:41,HYD043,1800,388,21.6,Low
HYD-BL-OCC01449,2024-12-28,06:59,HYD034,1800,457,25.4,Low
HYD-BL-OCC01449,2024-12-28,06:21,HYD046,1800,630,35.0,Low
HYD-BL-OCC01449,2024-12-28,06:49,HYD030,1800,404,22.5,Low
HYD-GR-OCC01450,2024-10-01,18:02,HYD052,1920,1307,68.1,Medium
HYD-GR-OCC01450,2024-10-01,18:05,HYD053,1920,1735,90.4,High
HYD-GR-OCC01450,2024-10-01,18:15,HYD055,1920,1509,78.6,Medium
HYD-GR-OCC01450,2024-10-01,18:08,HYD050,1920,1970,102.6,High
HYD-GR-OCC01450,2024-10-01,18:46,HYD056,1920,1427,74.4,Medium
HYD-GR-OCC01451,2024-10-01,11:58,HYD057,1920,889,46.3,Medium
HYD-GR-OCC01451,2024-10-01,11:37,HYD056,1920,544,28.4,Low
HYD-GR-OCC01451,2024-10-01,11:37,HYD051,1920,527,27.5,Low
HYD-GR-OCC01452,2024-10-01,20:51,HYD051,960,895,93.3,High
HYD-GR-OCC01452,2024-10-01,20:32,HYD020,960,678,70.7,Medium
HYD-GR-OCC01452,2024-10-01,20:18,HYD055,960,775,80.8,High
HYD-GR-OCC01452,2024-10-01,20:50,HYD053,960,821,85.6,High
HYD-GR-OCC01452,2024-10-01,20:33,HYD052,960,614,64.0,Medium
HYD-GR-OCC01452,2024-10-01,20:28,HYD054,960,699,72.8,Medium
HYD-GR-OCC01453,2024-10-05,11:36,HYD052,1920,1278,66.6,Medium
HYD-GR-OCC01453,2024-10-05,11:31,HYD051,1920,471,24.6,Low
HYD-GR-OCC01453,2024-10-05,11:33,HYD053,1920,1151,60.0,Medium
HYD-GR-OCC01453,2024-10-05,11:57,HYD050,1920,685,35.7,Low
HYD-GR-OCC01453,2024-10-05,11:41,HYD056,1920,612,31.9,Low
HYD-GR-OCC01453,2024-10-05,11:34,HYD057,1920,832,43.3,Low
HYD-GR-OCC01454,2024-10-05,15:23,HYD055,1920,861,44.8,Low
HYD-GR-OCC01454,2024-10-05,15:29,HYD052,1920,715,37.3,Low
HYD-GR-OCC01454,2024-10-05,15:04,HYD020,1920,1569,81.8,High
HYD-GR-OCC01455,2024-10-05,06:04,HYD055,1920,364,19.0,Low
HYD-GR-OCC01455,2024-10-05,06:34,HYD056,1920,1053,54.9,Medium
HYD-GR-OCC01455,2024-10-05,06:58,HYD057,1920,336,17.5,Low
HYD-GR-OCC01455,2024-10-05,06:40,HYD053,1920,304,15.8,Low
HYD-GR-OCC01455,2024-10-05,06:57,HYD052,1920,461,24.0,Low
HYD-GR-OCC01456,2024-10-09,10:52,HYD050,1800,801,44.5,Low
HYD-GR-OCC01456,2024-10-09,10:08,HYD053,1800,1092,60.7,Medium
HYD-GR-OCC01456,2024-10-09,10:35,HYD020,1800,1454,80.8,High
HYD-GR-OCC01457,2024-10-09,19:31,HYD053,1800,2244,124.7,Critical
HYD-GR-OCC01457,2024-10-09,19:37,HYD056,1800,1724,95.8,High
HYD-GR-OCC01457,2024-10-09,19:28,HYD020,1800,1914,106.3,Critical
HYD-GR-OCC01457,2024-10-09,19:52,HYD055,1800,1830,101.7,High
HYD-GR-OCC01457,2024-10-09,19:56,HYD051,1800,2133,118.6,Critical
HYD-GR-OCC01457,2024-10-09,19:19,HYD054,1800,1785,99.2,High
HYD-GR-OCC01458,2024-10-09,10:10,HYD052,960,669,69.7,Medium
HYD-GR-OCC01458,2024-10-09,10:49,HYD053,960,642,66.9,Medium
HYD-GR-OCC01458,2024-10-09,10:05,HYD051,960,471,49.1,Medium
HYD-GR-OCC01458,2024-10-09,10:45,HYD020,960,996,103.8,High
HYD-GR-OCC01458,2024-10-09,10:54,HYD057,960,577,60.1,Medium
HYD-GR-OCC01458,2024-10-09,10:40,HYD056,960,368,38.4,Low
HYD-GR-OCC01459,2024-10-13,09:37,HYD057,960,803,83.7,High
HYD-GR-OCC01459,2024-10-13,09:55,HYD050,960,624,65.0,Medium
HYD-GR-OCC01459,2024-10-13,09:18,HYD052,960,1051,109.6,Critical
HYD-GR-OCC01459,2024-10-13,09:04,HYD053,960,1144,119.2,Critical
HYD-GR-OCC01460,2024-10-13,08:09,HYD050,1800,1475,82.0,High
HYD-GR-OCC01460,2024-10-13,08:12,HYD053,1800,1777,98.8,High
HYD-GR-OCC01460,2024-10-13,08:41,HYD020,1800,2085,115.9,Critical
HYD-GR-OCC01460,2024-10-13,08:34,HYD052,1800,902,50.1,Medium
HYD-GR-OCC01460,2024-10-13,08:23,HYD051,1800,1351,75.1,Medium
HYD-GR-OCC01460,2024-10-13,08:23,HYD056,1800,1640,91.1,High
HYD-GR-OCC01461,2024-10-13,15:02,HYD054,1800,845,47.0,Medium
HYD-GR-OCC01461,2024-10-13,15:09,HYD053,1800,828,46.0,Medium
HYD-GR-OCC01461,2024-10-13,15:58,HYD051,1800,466,25.9,Low
HYD-GR-OCC01461,2024-10-13,15:59,HYD050,1800,651,36.2,Low
HYD-GR-OCC01461,2024-10-13,15:04,HYD052,1800,688,38.3,Low
HYD-GR-OCC01462,2024-10-17,15:09,HYD054,1800,620,34.5,Low
HYD-GR-OCC01462,2024-10-17,15:02,HYD055,1800,772,42.9,Low
HYD-GR-OCC01462,2024-10-17,15:40,HYD052,1800,787,43.8,Low
HYD-GR-OCC01462,2024-10-17,15:33,HYD056,1800,708,39.4,Low
HYD-GR-OCC01462,2024-10-17,15:35,HYD053,1800,714,39.7,Low
HYD-GR-OCC01463,2024-10-17,10:27,HYD057,1800,1038,57.7,Medium
HYD-GR-OCC01463,2024-10-17,10:06,HYD055,1800,1118,62.1,Medium
HYD-GR-OCC01463,2024-10-17,10:51,HYD054,1800,1470,81.7,High
HYD-GR-OCC01463,2024-10-17,10:15,HYD056,1800,504,28.0,Low
HYD-GR-OCC01463,2024-10-17,10:36,HYD020,1800,1492,82.9,High
HYD-GR-OCC01464,2024-10-17,22:38,HYD050,960,330,34.4,Low
HYD-GR-OCC01464,2024-10-17,22:29,HYD055,960,236,24.7,Low
HYD-GR-OCC01464,2024-10-17,22:10,HYD053,960,325,33.9,Low
HYD-GR-OCC01465,2024-10-21,20:22,HYD054,960,797,83.1,High
HYD-GR-OCC01465,2024-10-21,20:04,HYD055,960,865,90.1,High
HYD-GR-OCC01465,2024-10-21,20:09,HYD057,960,546,56.9,Medium
HYD-GR-OCC01465,2024-10-21,20:41,HYD052,960,643,67.0,Medium
HYD-GR-OCC01465,2024-10-21,20:30,HYD056,960,510,53.2,Medium
HYD-GR-OCC01465,2024-10-21,20:21,HYD020,960,1032,107.5,Critical
HYD-GR-OCC01466,2024-10-21,09:50,HYD020,1920,1664,86.7,High
HYD-GR-OCC01466,2024-10-21,09:02,HYD055,1920,1983,103.3,High
HYD-GR-OCC01466,2024-10-21,09:30,HYD057,1920,1983,103.3,High
HYD-GR-OCC01466,2024-10-21,09:22,HYD051,1920,1693,88.2,High
HYD-GR-OCC01467,2024-10-21,12:44,HYD052,1800,571,31.7,Low
HYD-GR-OCC01467,2024-10-21,12:55,HYD057,1800,854,47.5,Medium
HYD-GR-OCC01467,2024-10-21,12:22,HYD020,1800,1680,93.3,High
HYD-GR-OCC01467,2024-10-21,12:49,HYD056,1800,574,31.9,Low
HYD-GR-OCC01467,2024-10-21,12:36,HYD051,1800,350,19.5,Low
HYD-GR-OCC01468,2024-10-25,18:20,HYD052,1800,1921,106.8,Critical
HYD-GR-OCC01468,2024-10-25,18:47,HYD057,1800,1143,63.5,Medium
HYD-GR-OCC01468,2024-10-25,18:22,HYD050,1800,1938,107.7,Critical
HYD-GR-OCC01468,2024-10-25,18:56,HYD054,1800,1722,95.7,High
HYD-GR-OCC01469,2024-10-25,08:00,HYD054,1920,1109,57.8,Medium
HYD-GR-OCC01469,2024-10-25,08:31,HYD020,1920,1602,83.5,High
HYD-GR-OCC01469,2024-10-25,08:18,HYD056,1920,1349,70.3,Medium
HYD-GR-OCC01469,2024-10-25,08:29,HYD051,1920,1988,103.6,High
HYD-GR-OCC01469,2024-10-25,08:40,HYD052,1920,1256,65.5,Medium
HYD-GR-OCC01470,2024-10-25,06:25,HYD052,900,223,24.8,Low
HYD-GR-OCC01470,2024-10-25,06:53,HYD056,900,503,55.9,Medium
HYD-GR-OCC01470,2024-10-25,06:51,HYD053,900,189,21.1,Low
HYD-GR-OCC01470,2024-10-25,06:35,HYD054,900,132,14.8,Low
HYD-GR-OCC01470,2024-10-25,06:33,HYD057,900,223,24.9,Low
HYD-GR-OCC01470,2024-10-25,06:07,HYD020,900,497,55.3,Medium
HYD-GR-OCC01471,2024-10-29,16:24,HYD057,960,569,59.3,Medium
HYD-GR-OCC01471,2024-10-29,16:41,HYD053,960,396,41.3,Low
HYD-GR-OCC01471,2024-10-29,16:09,HYD051,960,472,49.2,Medium
HYD-GR-OCC01471,2024-10-29,16:45,HYD020,960,1005,104.7,High
HYD-GR-OCC01471,2024-10-29,16:31,HYD054,960,466,48.6,Medium
HYD-GR-OCC01472,2024-10-29,09:35,HYD052,900,634,70.5,Medium
HYD-GR-OCC01472,2024-10-29,09:04,HYD056,900,716,79.6,Medium
HYD-GR-OCC01472,2024-10-29,09:13,HYD020,900,793,88.2,High
HYD-GR-OCC01472,2024-10-29,09:19,HYD057,900,772,85.9,High
HYD-GR-OCC01473,2024-10-29,19:45,HYD056,1920,1621,84.4,High
HYD-GR-OCC01473,2024-10-29,19:36,HYD020,1920,1800,93.8,High
HYD-GR-OCC01473,2024-10-29,19:42,HYD057,1920,1560,81.3,High
HYD-GR-OCC01473,2024-10-29,19:40,HYD053,1920,1428,74.4,Medium
HYD-GR-OCC01473,2024-10-29,19:50,HYD055,1920,2168,113.0,Critical
HYD-GR-OCC01473,2024-10-29,19:02,HYD054,1920,1450,75.5,Medium
HYD-GR-OCC01474,2024-11-02,18:53,HYD052,900,877,97.5,High
HYD-GR-OCC01474,2024-11-02,18:53,HYD050,900,950,105.6,Critical
HYD-GR-OCC01474,2024-11-02,18:28,HYD053,900,668,74.3,Medium
HYD-GR-OCC01474,2024-11-02,18:48,HYD057,900,762,84.7,High
HYD-GR-OCC01475,2024-11-02,20:42,HYD053,1920,1274,66.4,Medium
HYD-GR-OCC01475,2024-11-02,20:28,HYD055,1920,1774,92.4,High
HYD-GR-OCC01475,2024-11-02,20:05,HYD052,1920,1454,75.7,Medium
HYD-GR-OCC01475,2024-11-02,20:17,HYD054,1920,1315,68.5,Medium
HYD-GR-OCC01475,2024-11-02,20:21,HYD050,1920,1653,86.1,High
HYD-GR-OCC01476,2024-11-02,08:45,HYD056,1920,1774,92.4,High
HYD-GR-OCC01476,2024-11-02,08:50,HYD053,1920,1607,83.7,High
HYD-GR-OCC01476,2024-11-02,08:02,HYD020,1920,1544,80.4,High
HYD-GR-OCC01477,2024-11-06,23:41,HYD056,1800,129,7.2,Low
HYD-GR-OCC01477,2024-11-06,23:52,HYD055,1800,385,21.4,Low
HYD-GR-OCC01477,2024-11-06,23:36,HYD020,1800,898,49.9,Medium
HYD-GR-OCC01477,2024-11-06,23:20,HYD057,1800,317,17.6,Low
HYD-GR-OCC01478,2024-11-06,20:08,HYD056,1920,940,49.0,Medium
HYD-GR-OCC01478,2024-11-06,20:24,HYD050,1920,1162,60.5,Medium
HYD-GR-OCC01478,2024-11-06,20:11,HYD051,1920,1812,94.4,High
HYD-GR-OCC01479,2024-11-06,09:55,HYD055,1800,1770,98.3,High
HYD-GR-OCC01479,2024-11-06,09:24,HYD057,1800,1745,96.9,High
HYD-GR-OCC01479,2024-11-06,09:47,HYD056,1800,1497,83.2,High
HYD-GR-OCC01479,2024-11-06,09:09,HYD052,1800,2192,121.8,Critical
HYD-GR-OCC01480,2024-11-10,09:10,HYD051,1800,1261,70.1,Medium
HYD-GR-OCC01480,2024-11-10,09:42,HYD050,1800,1701,94.5,High
HYD-GR-OCC01480,2024-11-10,09:37,HYD055,1800,1807,100.4,High
HYD-GR-OCC01480,2024-11-10,09:41,HYD020,1800,1761,97.8,High
HYD-GR-OCC01481,2024-11-10,08:18,HYD052,900,722,80.3,High
HYD-GR-OCC01481,2024-11-10,08:52,HYD050,900,1034,114.9,Critical
HYD-GR-OCC01481,2024-11-10,08:25,HYD053,900,667,74.2,Medium
HYD-GR-OCC01481,2024-11-10,08:27,HYD057,900,524,58.3,Medium
HYD-GR-OCC01482,2024-11-10,11:48,HYD054,1800,846,47.0,Medium
HYD-GR-OCC01482,2024-11-10,11:47,HYD056,1800,541,30.1,Low
HYD-GR-OCC01482,2024-11-10,11:55,HYD050,1800,436,24.3,Low
HYD-GR-OCC01482,2024-11-10,11:36,HYD053,1800,926,51.5,Medium
HYD-GR-OCC01483,2024-11-14,23:15,HYD057,1920,307,16.0,Low
HYD-GR-OCC01483,2024-11-14,23:25,HYD053,1920,381,19.9,Low
HYD-GR-OCC01483,2024-11-14,23:33,HYD054,1920,289,15.1,Low
HYD-GR-OCC01483,2024-11-14,23:55,HYD056,1920,213,11.1,Low
HYD-GR-OCC01484,2024-11-14,10:57,HYD054,1920,1888,98.4,High
HYD-GR-OCC01484,2024-11-14,10:43,HYD051,1920,735,38.3,Low
HYD-GR-OCC01484,2024-11-14,10:38,HYD052,1920,1938,101.0,High
HYD-GR-OCC01485,2024-11-14,08:13,HYD053,960,908,94.6,High
HYD-GR-OCC01485,2024-11-14,08:56,HYD057,960,764,79.6,Medium
HYD-GR-OCC01485,2024-11-14,08:03,HYD051,960,1134,118.2,Critical
HYD-GR-OCC01486,2024-11-18,14:21,HYD052,1920,748,39.0,Low
HYD-GR-OCC01486,2024-11-18,14:12,HYD057,1920,824,42.9,Low
HYD-GR-OCC01486,2024-11-18,14:12,HYD054,1920,862,44.9,Low
HYD-GR-OCC01487,2024-11-18,10:55,HYD050,960,404,42.1,Low
HYD-GR-OCC01487,2024-11-18,10:43,HYD055,960,549,57.3,Medium
HYD-GR-OCC01487,2024-11-18,10:10,HYD056,960,373,39.0,Low
HYD-GR-OCC01487,2024-11-18,10:21,HYD020,960,728,75.9,Medium
HYD-GR-OCC01487,2024-11-18,10:20,HYD057,960,910,94.8,High
HYD-GR-OCC01487,2024-11-18,10:24,HYD054,960,722,75.3,Medium
HYD-GR-OCC01488,2024-11-18,10:39,HYD050,1800,916,50.9,Medium
HYD-GR-OCC01488,2024-11-18,10:57,HYD057,1800,1680,93.3,High
HYD-GR-OCC01488,2024-11-18,10:02,HYD020,1800,1275,70.9,Medium
HYD-GR-OCC01488,2024-11-18,10:13,HYD052,1800,1169,65.0,Medium
HYD-GR-OCC01488,2024-11-18,10:59,HYD051,1800,797,44.3,Low
HYD-GR-OCC01489,2024-11-22,14:11,HYD052,900,327,36.3,Low
HYD-GR-OCC01489,2024-11-22,14:57,HYD020,900,762,84.7,High
HYD-GR-OCC01489,2024-11-22,14:52,HYD057,900,292,32.5,Low
HYD-GR-OCC01490,2024-11-22,14:50,HYD020,1800,1667,92.6,High
HYD-GR-OCC01490,2024-11-22,14:13,HYD053,1800,860,47.8,Medium
HYD-GR-OCC01490,2024-11-22,14:08,HYD056,1800,750,41.7,Low
HYD-GR-OCC01490,2024-11-22,14:54,HYD054,1800,755,42.0,Low
HYD-GR-OCC01491,2024-11-22,18:08,HYD052,1800,1658,92.1,High
HYD-GR-OCC01491,2024-11-22,18:32,HYD020,1800,1633,90.7,High
HYD-GR-OCC01491,2024-11-22,18:30,HYD057,1800,2008,111.6,Critical
HYD-GR-OCC01492,2024-11-26,14:13,HYD053,1920,799,41.6,Low
HYD-GR-OCC01492,2024-11-26,14:30,HYD055,1920,750,39.1,Low
HYD-GR-OCC01492,2024-11-26,14:31,HYD050,1920,374,19.5,Low
HYD-GR-OCC01492,2024-11-26,14:50,HYD020,1920,1242,64.7,Medium
HYD-GR-OCC01493,2024-11-26,22:14,HYD052,960,260,27.2,Low
HYD-GR-OCC01493,2024-11-26,22:00,HYD057,960,351,36.6,Low
HYD-GR-OCC01493,2024-11-26,22:27,HYD056,960,171,17.9,Low
HYD-GR-OCC01493,2024-11-26,22:58,HYD020,960,736,76.7,Medium
HYD-GR-OCC01493,2024-11-26,22:14,HYD055,960,278,29.0,Low
HYD-GR-OCC01493,2024-11-26,22:11,HYD051,960,282,29.5,Low
HYD-GR-OCC01494,2024-11-26,10:24,HYD020,900,885,98.4,High
HYD-GR-OCC01494,2024-11-26,10:22,HYD057,900,568,63.2,Medium
HYD-GR-OCC01494,2024-11-26,10:49,HYD056,900,302,33.6,Low
HYD-GR-OCC01494,2024-11-26,10:07,HYD052,900,815,90.6,High
HYD-GR-OCC01494,2024-11-26,10:03,HYD053,900,528,58.7,Medium
HYD-GR-OCC01494,2024-11-26,10:03,HYD050,900,525,58.4,Medium
HYD-GR-OCC01495,2024-11-30,20:49,HYD054,1800,1115,61.9,Medium
HYD-GR-OCC01495,2024-11-30,20:59,HYD051,1800,1502,83.5,High
HYD-GR-OCC01495,2024-11-30,20:04,HYD020,1800,1383,76.9,Medium
HYD-GR-OCC01495,2024-11-30,20:47,HYD052,1800,1107,61.5,Medium
HYD-GR-OCC01495,2024-11-30,20:58,HYD055,1800,1518,84.4,High
HYD-GR-OCC01495,2024-11-30,20:48,HYD053,1800,1362,75.7,Medium
HYD-GR-OCC01496,2024-11-30,08:23,HYD020,1920,2084,108.6,Critical
HYD-GR-OCC01496,2024-11-30,08:07,HYD055,1920,1361,70.9,Medium
HYD-GR-OCC01496,2024-11-30,08:43,HYD050,1920,1773,92.3,High
HYD-GR-OCC01496,2024-11-30,08:55,HYD051,1920,1830,95.3,High
HYD-GR-OCC01496,2024-11-30,08:44,HYD052,1920,1099,57.3,Medium
HYD-GR-OCC01497,2024-11-30,20:16,HYD057,900,608,67.6,Medium
HYD-GR-OCC01497,2024-11-30,20:15,HYD053,900,587,65.3,Medium
HYD-GR-OCC01497,2024-11-30,20:11,HYD056,900,423,47.0,Medium
HYD-GR-OCC01497,2024-11-30,20:17,HYD020,900,625,69.4,Medium
HYD-GR-OCC01497,2024-11-30,20:54,HYD054,900,669,74.3,Medium
HYD-GR-OCC01498,2024-12-04,19:09,HYD056,1920,1329,69.2,Medium
HYD-GR-OCC01498,2024-12-04,19:29,HYD052,1920,1919,99.9,High
HYD-GR-OCC01498,2024-12-04,19:59,HYD054,1920,1882,98.1,High
HYD-GR-OCC01498,2024-12-04,19:15,HYD051,1920,1937,100.9,High
HYD-GR-OCC01499,2024-12-04,22:28,HYD055,1800,460,25.6,Low
HYD-GR-OCC01499,2024-12-04,22:03,HYD020,1800,1309,72.8,Medium
HYD-GR-OCC01499,2024-12-04,22:52,HYD054,1800,597,33.2,Low
HYD-GR-OCC01499,2024-12-04,22:56,HYD052,1800,534,29.7,Low
HYD-GR-OCC01499,2024-12-04,22:58,HYD057,1800,385,21.4,Low
HYD-GR-OCC01500,2024-12-04,14:40,HYD057,1920,789,41.1,Low
HYD-GR-OCC01500,2024-12-04,14:41,HYD054,1920,631,32.9,Low
HYD-GR-OCC01500,2024-12-04,14:11,HYD020,1920,1043,54.4,Medium
HYD-GR-OCC01500,2024-12-04,14:19,HYD056,1920,952,49.6,Medium
HYD-GR-OCC01500,2024-12-04,14:47,HYD053,1920,805,42.0,Low
HYD-GR-OCC01500,2024-12-04,14:38,HYD052,1920,902,47.0,Medium
HYD-GR-OCC01501,2024-12-08,19:14,HYD055,1920,2101,109.4,Critical
HYD-GR-OCC01501,2024-12-08,19:53,HYD056,1920,1836,95.7,High
HYD-GR-OCC01501,2024-12-08,19:00,HYD054,1920,1945,101.3,High
HYD-GR-OCC01501,2024-12-08,19:34,HYD050,1920,1423,74.1,Medium
HYD-GR-OCC01501,2024-12-08,19:34,HYD051,1920,2214,115.3,Critical
HYD-GR-OCC01501,2024-12-08,19:46,HYD052,1920,1708,89.0,High
HYD-GR-OCC01502,2024-12-08,20:57,HYD053,1800,1373,76.3,Medium
HYD-GR-OCC01502,2024-12-08,20:29,HYD050,1800,1401,77.8,Medium
HYD-GR-OCC01502,2024-12-08,20:19,HYD051,1800,1182,65.7,Medium
HYD-GR-OCC01503,2024-12-08,18:04,HYD051,1800,1566,87.0,High
HYD-GR-OCC01503,2024-12-08,18:37,HYD050,1800,1763,98.0,High
HYD-GR-OCC01503,2024-12-08,18:39,HYD053,1800,1398,77.7,Medium
HYD-GR-OCC01503,2024-12-08,18:31,HYD020,1800,1610,89.5,High
HYD-GR-OCC01503,2024-12-08,18:22,HYD056,1800,1208,67.1,Medium
HYD-GR-OCC01504,2024-12-12,20:02,HYD053,900,600,66.8,Medium
HYD-GR-OCC01504,2024-12-12,20:58,HYD020,900,609,67.8,Medium
HYD-GR-OCC01504,2024-12-12,20:42,HYD055,900,524,58.3,Medium
HYD-GR-OCC01504,2024-12-12,20:39,HYD050,900,624,69.3,Medium
HYD-GR-OCC01504,2024-12-12,20:31,HYD052,900,709,78.8,Medium
HYD-GR-OCC01504,2024-12-12,20:52,HYD051,900,828,92.1,High
HYD-GR-OCC01505,2024-12-12,09:36,HYD057,960,1077,112.3,Critical
HYD-GR-OCC01505,2024-12-12,09:45,HYD055,960,909,94.7,High
HYD-GR-OCC01505,2024-12-12,09:55,HYD020,960,700,73.0,Medium
HYD-GR-OCC01505,2024-12-12,09:49,HYD053,960,982,102.4,High
HYD-GR-OCC01505,2024-12-12,09:49,HYD052,960,943,98.3,High
HYD-GR-OCC01506,2024-12-12,11:21,HYD056,1920,406,21.2,Low
HYD-GR-OCC01506,2024-12-12,11:24,HYD054,1920,1399,72.9,Medium
HYD-GR-OCC01506,2024-12-12,11:32,HYD057,1920,946,49.3,Medium
HYD-GR-OCC01506,2024-12-12,11:20,HYD050,1920,719,37.5,Low
HYD-GR-OCC01506,2024-12-12,11:11,HYD053,1920,985,51.3,Medium
HYD-GR-OCC01507,2024-12-16,20:06,HYD020,1920,1598,83.3,High
HYD-GR-OCC01507,2024-12-16,20:04,HYD050,1920,1863,97.1,High
HYD-GR-OCC01507,2024-12-16,20:56,HYD055,1920,1173,61.1,Medium
HYD-GR-OCC01508,2024-12-16,20:45,HYD057,1920,1712,89.2,High
HYD-GR-OCC01508,2024-12-16,20:01,HYD052,1920,1203,62.7,Medium
HYD-GR-OCC01508,2024-12-16,20:14,HYD055,1920,1197,62.4,Medium
HYD-GR-OCC01508,2024-12-16,20:05,HYD051,1920,1860,96.9,High
HYD-GR-OCC01508,2024-12-16,20:23,HYD054,1920,1770,92.2,High
HYD-GR-OCC01508,2024-12-16,20:25,HYD053,1920,1593,83.0,High
HYD-GR-OCC01509,2024-12-16,19:43,HYD057,1920,1447,75.4,Medium
HYD-GR-OCC01509,2024-12-16,19:03,HYD050,1920,2236,116.5,Critical
HYD-GR-OCC01509,2024-12-16,19:35,HYD053,1920,1414,73.7,Medium
HYD-GR-OCC01509,2024-12-16,19:26,HYD055,1920,1713,89.2,High
HYD-GR-OCC01509,2024-12-16,19:18,HYD051,1920,1785,93.0,High
HYD-GR-OCC01510,2024-12-20,16:51,HYD054,900,524,58.3,Medium
HYD-GR-OCC01510,2024-12-20,16:27,HYD020,900,908,100.9,High
HYD-GR-OCC01510,2024-12-20,16:29,HYD055,900,428,47.6,Medium
HYD-GR-OCC01510,2024-12-20,16:46,HYD051,900,316,35.2,Low
HYD-GR-OCC01510,2024-12-20,16:08,HYD053,900,399,44.4,Low
HYD-GR-OCC01511,2024-12-20,09:35,HYD056,900,722,80.3,High
HYD-GR-OCC01511,2024-12-20,09:20,HYD020,900,1078,119.8,Critical
HYD-GR-OCC01511,2024-12-20,09:23,HYD055,900,1068,118.7,Critical
HYD-GR-OCC01511,2024-12-20,09:35,HYD051,900,602,67.0,Medium
HYD-GR-OCC01511,2024-12-20,09:25,HYD050,900,983,109.3,Critical
HYD-GR-OCC01511,2024-12-20,09:59,HYD054,900,827,92.0,High
HYD-GR-OCC01512,2024-12-20,12:24,HYD051,900,197,21.9,Low
HYD-GR-OCC01512,2024-12-20,12:23,HYD054,900,272,30.2,Low
HYD-GR-OCC01512,2024-12-20,12:16,HYD055,900,296,33.0,Low
HYD-GR-OCC01512,2024-12-20,12:18,HYD020,900,526,58.5,Medium
HYD-GR-OCC01513,2024-12-24,08:07,HYD053,960,865,90.1,High
HYD-GR-OCC01513,2024-12-24,08:18,HYD050,960,735,76.6,Medium
HYD-GR-OCC01513,2024-12-24,08:40,HYD056,960,1153,120.2,Critical
HYD-GR-OCC01513,2024-12-24,08:25,HYD051,960,707,73.7,Medium
HYD-GR-OCC01513,2024-12-24,08:24,HYD057,960,561,58.5,Medium
HYD-GR-OCC01514,2024-12-24,18:14,HYD020,1800,2177,121.0,Critical
HYD-GR-OCC01514,2024-12-24,18:46,HYD051,1800,1897,105.4,Critical
HYD-GR-OCC01514,2024-12-24,18:35,HYD054,1800,1902,105.7,Critical
HYD-GR-OCC01514,2024-12-24,18:57,HYD057,1800,1428,79.4,Medium
HYD-GR-OCC01514,2024-12-24,18:45,HYD056,1800,1438,79.9,Medium
HYD-GR-OCC01515,2024-12-24,08:47,HYD051,1920,2158,112.4,Critical
HYD-GR-OCC01515,2024-12-24,08:38,HYD053,1920,1915,99.8,High
HYD-GR-OCC01515,2024-12-24,08:09,HYD055,1920,1155,60.2,Medium
HYD-GR-OCC01516,2024-12-28,19:34,HYD057,1920,1919,100.0,High
HYD-GR-OCC01516,2024-12-28,19:31,HYD055,1920,1882,98.0,High
HYD-GR-OCC01516,2024-12-28,19:51,HYD051,1920,1344,70.0,Medium
HYD-GR-OCC01517,2024-12-28,18:18,HYD020,1800,2000,111.1,Critical
HYD-GR-OCC01517,2024-12-28,18:44,HYD052,1800,1447,80.4,High
HYD-GR-OCC01517,2024-12-28,18:09,HYD053,1800,1339,74.4,Medium
HYD-GR-OCC01518,2024-12-28,16:29,HYD052,1800,934,51.9,Medium
HYD-GR-OCC01518,2024-12-28,16:03,HYD051,1800,527,29.3,Low
HYD-GR-OCC01518,2024-12-28,16:29,HYD055,1800,1122,62.4,Medium
CHN-BL-OCC01519,2024-10-01,13:48,CHN021,1800,300,16.7,Low
CHN-BL-OCC01519,2024-10-01,13:12,CHN020,1800,721,40.1,Low
CHN-BL-OCC01519,2024-10-01,13:39,CHN017,1800,810,45.0,Medium
CHN-BL-OCC01519,2024-10-01,13:06,CHN004,1800,745,41.4,Low
CHN-BL-OCC01519,2024-10-01,13:06,CHN002,1800,658,36.6,Low
CHN-BL-OCC01519,2024-10-01,13:43,CHN015,1800,737,40.9,Low
CHN-BL-OCC01520,2024-10-01,16:55,CHN005,1800,1055,58.7,Medium
CHN-BL-OCC01520,2024-10-01,16:06,CHN017,1800,798,44.4,Low
CHN-BL-OCC01520,2024-10-01,16:44,CHN004,1800,631,35.1,Low
CHN-BL-OCC01520,2024-10-01,16:54,CHN018,1800,851,47.3,Medium
CHN-BL-OCC01520,2024-10-01,16:10,CHN014,1800,637,35.4,Low
CHN-BL-OCC01521,2024-10-01,19:30,CHN016,1800,1428,79.3,Medium
CHN-BL-OCC01521,2024-10-01,19:23,CHN007,1800,1376,76.5,Medium
CHN-BL-OCC01521,2024-10-01,19:55,CHN019,1800,1855,103.1,High
CHN-BL-OCC01521,2024-10-01,19:24,CHN004,1800,1859,103.3,High
CHN-BL-OCC01521,2024-10-01,19:41,CHN022,1800,1966,109.2,Critical
CHN-BL-OCC01522,2024-10-05,20:29,CHN019,960,797,83.1,High
CHN-BL-OCC01522,2024-10-05,20:13,CHN003,960,227,23.7,Low
CHN-BL-OCC01522,2024-10-05,20:26,CHN005,960,949,98.9,High
CHN-BL-OCC01522,2024-10-05,20:15,CHN010,960,751,78.3,Medium
CHN-BL-OCC01522,2024-10-05,20:22,CHN015,960,694,72.3,Medium
CHN-BL-OCC01522,2024-10-05,20:50,CHN001,960,815,84.9,High
CHN-BL-OCC01523,2024-10-05,07:25,CHN012,1920,1643,85.6,High
CHN-BL-OCC01523,2024-10-05,07:59,CHN023,1920,963,50.2,Medium
CHN-BL-OCC01523,2024-10-05,07:28,CHN018,1920,887,46.2,Medium
CHN-BL-OCC01524,2024-10-05,08:23,CHN006,900,819,91.0,High
CHN-BL-OCC01524,2024-10-05,08:27,CHN023,900,1112,123.6,Critical
CHN-BL-OCC01524,2024-10-05,08:54,CHN013,900,841,93.5,High
CHN-BL-OCC01524,2024-10-05,08:23,CHN012,900,947,105.3,Critical
CHN-BL-OCC01524,2024-10-05,08:20,CHN009,900,677,75.3,Medium
CHN-BL-OCC01524,2024-10-05,08:55,CHN005,900,769,85.5,High
CHN-BL-OCC01525,2024-10-09,09:52,CHN005,1800,1375,76.4,Medium
CHN-BL-OCC01525,2024-10-09,09:02,CHN017,1800,1392,77.4,Medium
CHN-BL-OCC01525,2024-10-09,09:52,CHN016,1800,1566,87.0,High
CHN-BL-OCC01525,2024-10-09,09:07,CHN013,1800,1956,108.7,Critical
CHN-BL-OCC01525,2024-10-09,09:09,CHN001,1800,1259,70.0,Medium
CHN-BL-OCC01526,2024-10-09,18:46,CHN015,1920,1822,94.9,High
CHN-BL-OCC01526,2024-10-09,18:52,CHN008,1920,1411,73.5,Medium
CHN-BL-OCC01526,2024-10-09,18:24,CHN002,1920,1436,74.8,Medium
CHN-BL-OCC01526,2024-10-09,18:12,CHN018,1920,1576,82.1,High
CHN-BL-OCC01526,2024-10-09,18:13,CHN007,1920,1335,69.6,Medium
CHN-BL-OCC01526,2024-10-09,18:15,CHN006,1920,1489,77.6,Medium
CHN-BL-OCC01527,2024-10-09,10:09,CHN019,900,548,60.9,Medium
CHN-BL-OCC01527,2024-10-09,10:34,CHN010,900,793,88.1,High
CHN-BL-OCC01527,2024-10-09,10:40,CHN006,900,853,94.8,High
CHN-BL-OCC01527,2024-10-09,10:02,CHN016,900,713,79.3,Medium
CHN-BL-OCC01527,2024-10-09,10:45,CHN007,900,785,87.2,High
CHN-BL-OCC01527,2024-10-09,10:26,CHN011,900,558,62.1,Medium
CHN-BL-OCC01528,2024-10-13,11:45,CHN012,900,296,32.9,Low
CHN-BL-OCC01528,2024-10-13,11:43,CHN011,900,318,35.4,Low
CHN-BL-OCC01528,2024-10-13,11:48,CHN014,900,371,41.3,Low
CHN-BL-OCC01528,2024-10-13,11:16,CHN022,900,264,29.4,Low
CHN-BL-OCC01528,2024-10-13,11:42,CHN018,900,400,44.5,Low
CHN-BL-OCC01528,2024-10-13,11:40,CHN016,900,522,58.0,Medium
CHN-BL-OCC01529,2024-10-13,18:36,CHN007,1920,1893,98.6,High
CHN-BL-OCC01529,2024-10-13,18:17,CHN013,1920,1932,100.7,High
CHN-BL-OCC01529,2024-10-13,18:10,CHN016,1920,1668,86.9,High
CHN-BL-OCC01529,2024-10-13,18:03,CHN005,1920,1352,70.4,Medium
CHN-BL-OCC01530,2024-10-13,19:46,CHN005,900,990,110.0,Critical
CHN-BL-OCC01530,2024-10-13,19:59,CHN011,900,738,82.0,High
CHN-BL-OCC01530,2024-10-13,19:00,CHN001,900,1045,116.1,Critical
CHN-BL-OCC01530,2024-10-13,19:57,CHN014,900,759,84.4,High
CHN-BL-OCC01531,2024-10-17,10:17,CHN019,1920,795,41.4,Low
CHN-BL-OCC01531,2024-10-17,10:34,CHN011,1920,1136,59.2,Medium
CHN-BL-OCC01531,2024-10-17,10:48,CHN003,1920,831,43.3,Low
CHN-BL-OCC01532,2024-10-17,05:34,CHN001,960,559,58.3,Medium
CHN-BL-OCC01532,2024-10-17,05:04,CHN019,960,93,9.7,Low
CHN-BL-OCC01532,2024-10-17,05:10,CHN017,960,92,9.7,Low
CHN-BL-OCC01532,2024-10-17,05:52,CHN006,960,85,8.9,Low
CHN-BL-OCC01533,2024-10-17,20:58,CHN023,1800,1581,87.8,High
CHN-BL-OCC01533,2024-10-17,20:37,CHN004,1800,1271,70.6,Medium
CHN-BL-OCC01533,2024-10-17,20:00,CHN010,1800,1660,92.3,High
CHN-BL-OCC01533,2024-10-17,20:04,CHN022,1800,1640,91.1,High
CHN-BL-OCC01533,2024-10-17,20:23,CHN009,1800,575,32.0,Low
CHN-BL-OCC01534,2024-10-21,10:06,CHN016,1800,1340,74.5,Medium
CHN-BL-OCC01534,2024-10-21,10:45,CHN015,1800,1706,94.8,High
CHN-BL-OCC01534,2024-10-21,10:47,CHN007,1800,1488,82.7,High
CHN-BL-OCC01534,2024-10-21,10:05,CHN021,1800,717,39.9,Low
CHN-BL-OCC01534,2024-10-21,10:12,CHN014,1800,1156,64.2,Medium
CHN-BL-OCC01534,2024-10-21,10:43,CHN001,1800,1034,57.5,Medium
CHN-BL-OCC01535,2024-10-21,13:43,CHN009,900,328,36.5,Low
CHN-BL-OCC01535,2024-10-21,13:22,CHN016,900,788,87.6,High
CHN-BL-OCC01535,2024-10-21,13:16,CHN002,900,351,39.0,Low
CHN-BL-OCC01535,2024-10-21,13:53,CHN022,900,165,18.4,Low
CHN-BL-OCC01535,2024-10-21,13:56,CHN008,900,324,36.0,Low
CHN-BL-OCC01536,2024-10-21,09:31,CHN022,900,680,75.6,Medium
CHN-BL-OCC01536,2024-10-21,09:42,CHN020,900,567,63.1,Medium
CHN-BL-OCC01536,2024-10-21,09:35,CHN010,900,978,108.7,Critical
CHN-BL-OCC01536,2024-10-21,09:01,CHN001,900,934,103.8,High
CHN-BL-OCC01536,2024-10-21,09:22,CHN016,900,800,88.9,High
CHN-BL-OCC01536,2024-10-21,09:39,CHN004,900,951,105.7,Critical
CHN-BL-OCC01537,2024-10-25,20:38,CHN002,1920,1142,59.5,Medium
CHN-BL-OCC01537,2024-10-25,20:56,CHN008,1920,1807,94.2,High
CHN-BL-OCC01537,2024-10-25,20:17,CHN007,1920,1743,90.8,High
CHN-BL-OCC01537,2024-10-25,20:19,CHN009,1920,436,22.8,Low
CHN-BL-OCC01537,2024-10-25,20:18,CHN021,1920,1841,95.9,High
CHN-BL-OCC01537,2024-10-25,20:15,CHN020,1920,488,25.4,Low
CHN-BL-OCC01538,2024-10-25,10:07,CHN009,960,462,48.2,Medium
CHN-BL-OCC01538,2024-10-25,10:04,CHN007,960,943,98.3,High
CHN-BL-OCC01538,2024-10-25,10:53,CHN014,960,784,81.7,High
CHN-BL-OCC01539,2024-10-25,18:31,CHN018,1920,1344,70.0,Medium
CHN-BL-OCC01539,2024-10-25,18:29,CHN015,1920,1771,92.2,High
CHN-BL-OCC01539,2024-10-25,18:29,CHN006,1920,1213,63.2,Medium
CHN-BL-OCC01539,2024-10-25,18:59,CHN022,1920,1384,72.1,Medium
CHN-BL-OCC01539,2024-10-25,18:03,CHN001,1920,1519,79.2,Medium
CHN-BL-OCC01540,2024-10-29,09:02,CHN016,1920,2164,112.7,Critical
CHN-BL-OCC01540,2024-10-29,09:10,CHN011,1920,1369,71.3,Medium
CHN-BL-OCC01540,2024-10-29,09:50,CHN014,1920,1528,79.6,Medium
CHN-BL-OCC01540,2024-10-29,09:14,CHN018,1920,1627,84.8,High
CHN-BL-OCC01541,2024-10-29,09:21,CHN013,900,869,96.6,High
CHN-BL-OCC01541,2024-10-29,09:13,CHN014,900,1090,121.2,Critical
CHN-BL-OCC01541,2024-10-29,09:19,CHN023,900,1006,111.8,Critical
CHN-BL-OCC01541,2024-10-29,09:22,CHN008,900,1102,122.5,Critical
CHN-BL-OCC01541,2024-10-29,09:37,CHN010,900,940,104.5,High
CHN-BL-OCC01542,2024-10-29,08:49,CHN013,1920,2178,113.5,Critical
CHN-BL-OCC01542,2024-10-29,08:34,CHN004,1920,1166,60.8,Medium
CHN-BL-OCC01542,2024-10-29,08:24,CHN001,1920,1177,61.3,Medium
CHN-BL-OCC01543,2024-11-02,13:23,CHN009,1800,885,49.2,Medium
CHN-BL-OCC01543,2024-11-02,13:59,CHN008,1800,543,30.2,Low
CHN-BL-OCC01543,2024-11-02,13:38,CHN005,1800,738,41.0,Low
CHN-BL-OCC01544,2024-11-02,20:47,CHN002,1800,800,44.5,Low
CHN-BL-OCC01544,2024-11-02,20:17,CHN010,1800,1536,85.4,High
CHN-BL-OCC01544,2024-11-02,20:26,CHN022,1800,1685,93.7,High
CHN-BL-OCC01544,2024-11-02,20:08,CHN015,1800,1230,68.3,Medium
CHN-BL-OCC01545,2024-11-02,13:46,CHN007,1800,514,28.6,Low
CHN-BL-OCC01545,2024-11-02,13:34,CHN018,1800,598,33.3,Low
CHN-BL-OCC01545,2024-11-02,13:14,CHN008,1800,747,41.5,Low
CHN-BL-OCC01545,2024-11-02,13:03,CHN017,1800,583,32.4,Low
CHN-BL-OCC01545,2024-11-02,13:57,CHN001,1800,1038,57.7,Medium
CHN-BL-OCC01545,2024-11-02,13:38,CHN015,1800,806,44.8,Low
CHN-BL-OCC01546,2024-11-06,09:48,CHN009,1920,1473,76.7,Medium
CHN-BL-OCC01546,2024-11-06,09:12,CHN018,1920,1730,90.2,High
CHN-BL-OCC01546,2024-11-06,09:04,CHN007,1920,1472,76.7,Medium
CHN-BL-OCC01546,2024-11-06,09:54,CHN015,1920,2196,114.4,Critical
CHN-BL-OCC01546,2024-11-06,09:44,CHN012,1920,1754,91.4,High
CHN-BL-OCC01546,2024-11-06,09:01,CHN011,1920,1796,93.6,High
CHN-BL-OCC01547,2024-11-06,19:37,CHN003,1800,519,28.9,Low
CHN-BL-OCC01547,2024-11-06,19:03,CHN014,1800,1531,85.1,High
CHN-BL-OCC01547,2024-11-06,19:54,CHN016,1800,1794,99.7,High
CHN-BL-OCC01547,2024-11-06,19:37,CHN017,1800,1583,87.9,High
CHN-BL-OCC01548,2024-11-06,06:00,CHN014,900,134,14.9,Low
CHN-BL-OCC01548,2024-11-06,06:05,CHN011,900,127,14.2,Low
CHN-BL-OCC01548,2024-11-06,06:18,CHN010,900,214,23.8,Low
CHN-BL-OCC01548,2024-11-06,06:21,CHN005,900,189,21.0,Low
CHN-BL-OCC01549,2024-11-10,20:55,CHN007,900,728,80.9,High
CHN-BL-OCC01549,2024-11-10,20:14,CHN023,900,845,94.0,High
CHN-BL-OCC01549,2024-11-10,20:40,CHN002,900,525,58.3,Medium
CHN-BL-OCC01549,2024-11-10,20:06,CHN020,900,286,31.9,Low
CHN-BL-OCC01549,2024-11-10,20:35,CHN011,900,754,83.8,High
CHN-BL-OCC01549,2024-11-10,20:35,CHN016,900,716,79.6,Medium
CHN-BL-OCC01550,2024-11-10,06:35,CHN019,1920,534,27.8,Low
CHN-BL-OCC01550,2024-11-10,06:09,CHN013,1920,556,29.0,Low
CHN-BL-OCC01550,2024-11-10,06:30,CHN015,1920,317,16.5,Low
CHN-BL-OCC01551,2024-11-10,18:31,CHN019,1920,1649,85.9,High
CHN-BL-OCC01551,2024-11-10,18:43,CHN009,1920,1255,65.4,Medium
CHN-BL-OCC01551,2024-11-10,18:19,CHN002,1920,1418,73.9,Medium
CHN-BL-OCC01551,2024-11-10,18:36,CHN010,1920,1395,72.7,Medium
CHN-BL-OCC01551,2024-11-10,18:29,CHN003,1920,1156,60.2,Medium
CHN-BL-OCC01551,2024-11-10,18:52,CHN023,1920,1416,73.8,Medium
CHN-BL-OCC01552,2024-11-14,08:34,CHN005,960,926,96.5,High
CHN-BL-OCC01552,2024-11-14,08:14,CHN011,960,906,94.4,High
CHN-BL-OCC01552,2024-11-14,08:20,CHN002,960,849,88.5,High
CHN-BL-OCC01553,2024-11-14,15:52,CHN005,960,304,31.7,Low
CHN-BL-OCC01553,2024-11-14,15:57,CHN011,960,381,39.8,Low
CHN-BL-OCC01553,2024-11-14,15:10,CHN021,960,328,34.2,Low
CHN-BL-OCC01553,2024-11-14,15:59,CHN012,960,231,24.1,Low
CHN-BL-OCC01553,2024-11-14,15:19,CHN009,960,804,83.8,High
CHN-BL-OCC01554,2024-11-14,20:34,CHN020,900,199,22.1,Low
CHN-BL-OCC01554,2024-11-14,20:46,CHN008,900,667,74.2,Medium
CHN-BL-OCC01554,2024-11-14,20:05,CHN021,900,553,61.5,Medium
CHN-BL-OCC01554,2024-11-14,20:37,CHN003,900,335,37.3,Low
CHN-BL-OCC01555,2024-11-18,21:22,CHN009,1920,388,20.2,Low
CHN-BL-OCC01555,2024-11-18,21:24,CHN003,1920,299,15.6,Low
CHN-BL-OCC01555,2024-11-18,21:12,CHN016,1920,1659,86.4,High
CHN-BL-OCC01555,2024-11-18,21:04,CHN005,1920,756,39.4,Low
CHN-BL-OCC01556,2024-11-18,18:56,CHN010,1800,1443,80.2,High
CHN-BL-OCC01556,2024-11-18,18:09,CHN019,1800,1634,90.8,High
CHN-BL-OCC01556,2024-11-18,18:22,CHN013,1800,1505,83.6,High
CHN-BL-OCC01556,2024-11-18,18:58,CHN021,1800,1266,70.3,Medium
CHN-BL-OCC01556,2024-11-18,18:06,CHN005,1800,1554,86.3,High
CHN-BL-OCC01557,2024-11-18,17:28,CHN003,960,471,49.1,Medium
CHN-BL-OCC01557,2024-11-18,17:33,CHN001,960,969,100.9,High
CHN-BL-OCC01557,2024-11-18,17:59,CHN021,960,454,47.3,Medium
CHN-BL-OCC01557,2024-11-18,17:49,CHN007,960,763,79.5,Medium
CHN-BL-OCC01557,2024-11-18,17:04,CHN015,960,699,72.8,Medium
CHN-BL-OCC01558,2024-11-22,19:05,CHN015,1800,1871,104.0,High
CHN-BL-OCC01558,2024-11-22,19:40,CHN002,1800,1276,70.9,Medium
CHN-BL-OCC01558,2024-11-22,19:59,CHN003,1800,882,49.0,Medium
CHN-BL-OCC01558,2024-11-22,19:22,CHN004,1800,2066,114.8,Critical
CHN-BL-OCC01558,2024-11-22,19:17,CHN019,1800,2155,119.8,Critical
CHN-BL-OCC01558,2024-11-22,19:25,CHN009,1800,836,46.5,Medium
CHN-BL-OCC01559,2024-11-22,09:20,CHN006,1800,2139,118.9,Critical
CHN-BL-OCC01559,2024-11-22,09:56,CHN010,1800,2112,117.4,Critical
CHN-BL-OCC01559,2024-11-22,09:29,CHN020,1800,1291,71.8,Medium
CHN-BL-OCC01559,2024-11-22,09:21,CHN002,1800,1100,61.2,Medium
CHN-BL-OCC01559,2024-11-22,09:11,CHN021,1800,1567,87.1,High
CHN-BL-OCC01560,2024-11-22,09:12,CHN017,1800,1357,75.4,Medium
CHN-BL-OCC01560,2024-11-22,09:00,CHN013,1800,1244,69.1,Medium
CHN-BL-OCC01560,2024-11-22,09:53,CHN011,1800,1455,80.9,High
CHN-BL-OCC01560,2024-11-22,09:01,CHN012,1800,1367,76.0,Medium
CHN-BL-OCC01560,2024-11-22,09:45,CHN003,1800,1448,80.5,High
CHN-BL-OCC01561,2024-11-26,17:41,CHN014,1800,1268,70.5,Medium
CHN-BL-OCC01561,2024-11-26,17:18,CHN016,1800,1313,73.0,Medium
CHN-BL-OCC01561,2024-11-26,17:47,CHN007,1800,1302,72.3,Medium
CHN-BL-OCC01561,2024-11-26,17:40,CHN001,1800,1361,75.7,Medium
CHN-BL-OCC01561,2024-11-26,17:36,CHN009,1800,1344,74.7,Medium
CHN-BL-OCC01561,2024-11-26,17:21,CHN018,1800,1568,87.1,High
CHN-BL-OCC01562,2024-11-26,08:06,CHN012,1920,2120,110.5,Critical
CHN-BL-OCC01562,2024-11-26,08:31,CHN007,1920,1136,59.2,Medium
CHN-BL-OCC01562,2024-11-26,08:48,CHN001,1920,1767,92.1,High
CHN-BL-OCC01562,2024-11-26,08:56,CHN003,1920,2020,105.2,Critical
CHN-BL-OCC01562,2024-11-26,08:18,CHN018,1920,1718,89.5,High
CHN-BL-OCC01562,2024-11-26,08:43,CHN015,1920,1390,72.4,Medium
CHN-BL-OCC01563,2024-11-26,05:16,CHN019,1800,170,9.5,Low
CHN-BL-OCC01563,2024-11-26,05:02,CHN022,1800,133,7.4,Low
CHN-BL-OCC01563,2024-11-26,05:31,CHN018,1800,146,8.1,Low
CHN-BL-OCC01563,2024-11-26,05:44,CHN015,1800,183,10.2,Low
CHN-BL-OCC01564,2024-11-30,10:32,CHN016,1920,1667,86.9,High
CHN-BL-OCC01564,2024-11-30,10:15,CHN012,1920,995,51.8,Medium
CHN-BL-OCC01564,2024-11-30,10:26,CHN007,1920,2118,110.3,Critical
CHN-BL-OCC01564,2024-11-30,10:18,CHN003,1920,617,32.2,Low
CHN-BL-OCC01565,2024-11-30,20:03,CHN009,1800,548,30.4,Low
CHN-BL-OCC01565,2024-11-30,20:47,CHN022,1800,1371,76.2,Medium
CHN-BL-OCC01565,2024-11-30,20:27,CHN012,1800,1016,56.5,Medium
CHN-BL-OCC01565,2024-11-30,20:21,CHN021,1800,1172,65.1,Medium
CHN-BL-OCC01565,2024-11-30,20:38,CHN023,1800,1260,70.0,Medium
CHN-BL-OCC01565,2024-11-30,20:46,CHN007,1800,1565,87.0,High
CHN-BL-OCC01566,2024-11-30,23:05,CHN001,1800,1565,87.0,High
CHN-BL-OCC01566,2024-11-30,23:03,CHN007,1800,446,24.8,Low
CHN-BL-OCC01566,2024-11-30,23:13,CHN022,1800,216,12.1,Low
CHN-BL-OCC01566,2024-11-30,23:52,CHN011,1800,407,22.6,Low
CHN-BL-OCC01566,2024-11-30,23:56,CHN015,1800,275,15.3,Low
CHN-BL-OCC01567,2024-12-04,14:47,CHN014,900,331,36.8,Low
CHN-BL-OCC01567,2024-12-04,14:31,CHN008,900,429,47.7,Medium
CHN-BL-OCC01567,2024-12-04,14:29,CHN016,900,649,72.2,Medium
CHN-BL-OCC01567,2024-12-04,14:51,CHN006,900,361,40.1,Low
CHN-BL-OCC01567,2024-12-04,14:08,CHN005,900,252,28.0,Low
CHN-BL-OCC01568,2024-12-04,22:55,CHN013,1800,612,34.0,Low
CHN-BL-OCC01568,2024-12-04,22:45,CHN010,1800,604,33.6,Low
CHN-BL-OCC01568,2024-12-04,22:55,CHN021,1800,385,21.4,Low
CHN-BL-OCC01568,2024-12-04,22:37,CHN016,1800,1364,75.8,Medium
CHN-BL-OCC01568,2024-12-04,22:13,CHN009,1800,166,9.3,Low
CHN-BL-OCC01568,2024-12-04,22:15,CHN001,1800,1886,104.8,High
CHN-BL-OCC01569,2024-12-04,20:10,CHN006,1800,1746,97.0,High
CHN-BL-OCC01569,2024-12-04,20:10,CHN011,1800,1512,84.0,High
CHN-BL-OCC01569,2024-12-04,20:51,CHN018,1800,1452,80.7,High
CHN-BL-OCC01569,2024-12-04,20:35,CHN001,1800,1564,86.9,High
CHN-BL-OCC01570,2024-12-08,14:56,CHN016,1920,1292,67.3,Medium
CHN-BL-OCC01570,2024-12-08,14:52,CHN001,1920,980,51.0,Medium
CHN-BL-OCC01570,2024-12-08,14:58,CHN012,1920,335,17.5,Low
CHN-BL-OCC01571,2024-12-08,07:22,CHN013,1800,1252,69.6,Medium
CHN-BL-OCC01571,2024-12-08,07:51,CHN017,1800,569,31.6,Low
CHN-BL-OCC01571,2024-12-08,07:49,CHN011,1800,508,28.3,Low
CHN-BL-OCC01571,2024-12-08,07:09,CHN007,1800,686,38.2,Low
CHN-BL-OCC01571,2024-12-08,07:36,CHN009,1800,1545,85.8,High
CHN-BL-OCC01572,2024-12-08,19:46,CHN003,1920,549,28.6,Low
CHN-BL-OCC01572,2024-12-08,19:41,CHN001,1920,1709,89.0,High
CHN-BL-OCC01572,2024-12-08,19:51,CHN005,1920,1477,77.0,Medium
CHN-BL-OCC01573,2024-12-12,18:35,CHN005,900,899,99.9,High
CHN-BL-OCC01573,2024-12-12,18:27,CHN010,900,580,64.5,Medium
CHN-BL-OCC01573,2024-12-12,18:58,CHN020,900,559,62.2,Medium
CHN-BL-OCC01573,2024-12-12,18:23,CHN003,900,597,66.4,Medium
CHN-BL-OCC01574,2024-12-12,08:13,CHN019,1920,1984,103.3,High
CHN-BL-OCC01574,2024-12-12,08:56,CHN023,1920,1856,96.7,High
CHN-BL-OCC01574,2024-12-12,08:07,CHN006,1920,1715,89.3,High
CHN-BL-OCC01574,2024-12-12,08:58,CHN008,1920,1572,81.9,High
CHN-BL-OCC01574,2024-12-12,08:22,CHN010,1920,1365,71.1,Medium
CHN-BL-OCC01574,2024-12-12,08:53,CHN015,1920,1212,63.1,Medium
CHN-BL-OCC01575,2024-12-12,08:08,CHN008,1920,1259,65.6,Medium
CHN-BL-OCC01575,2024-12-12,08:14,CHN011,1920,1340,69.8,Medium
CHN-BL-OCC01575,2024-12-12,08:27,CHN022,1920,1703,88.7,High
CHN-BL-OCC01575,2024-12-12,08:26,CHN003,1920,2320,120.9,Critical
CHN-BL-OCC01575,2024-12-12,08:43,CHN007,1920,1508,78.6,Medium
CHN-BL-OCC01575,2024-12-12,08:58,CHN013,1920,2336,121.7,Critical
CHN-BL-OCC01576,2024-12-16,12:13,CHN009,1800,506,28.2,Low
CHN-BL-OCC01576,2024-12-16,12:36,CHN006,1800,709,39.4,Low
CHN-BL-OCC01576,2024-12-16,12:48,CHN001,1800,933,51.9,Medium
CHN-BL-OCC01576,2024-12-16,12:54,CHN003,1800,574,31.9,Low
CHN-BL-OCC01576,2024-12-16,12:13,CHN007,1800,616,34.3,Low
CHN-BL-OCC01576,2024-12-16,12:06,CHN018,1800,774,43.0,Low
CHN-BL-OCC01577,2024-12-16,18:54,CHN023,1800,1754,97.5,High
CHN-BL-OCC01577,2024-12-16,18:00,CHN020,1800,1175,65.3,Medium
CHN-BL-OCC01577,2024-12-16,18:49,CHN014,1800,1191,66.2,Medium
CHN-BL-OCC01578,2024-12-16,11:13,CHN005,1800,683,38.0,Low
CHN-BL-OCC01578,2024-12-16,11:26,CHN001,1800,1044,58.0,Medium
CHN-BL-OCC01578,2024-12-16,11:18,CHN011,1800,875,48.7,Medium
CHN-BL-OCC01578,2024-12-16,11:38,CHN019,1800,534,29.7,Low
CHN-BL-OCC01578,2024-12-16,11:45,CHN012,1800,599,33.3,Low
CHN-BL-OCC01579,2024-12-20,09:59,CHN019,1800,1973,109.6,Critical
CHN-BL-OCC01579,2024-12-20,09:04,CHN004,1800,1928,107.2,Critical
CHN-BL-OCC01579,2024-12-20,09:20,CHN018,1800,1987,110.4,Critical
CHN-BL-OCC01579,2024-12-20,09:11,CHN010,1800,1809,100.5,High
CHN-BL-OCC01579,2024-12-20,09:07,CHN009,1800,1301,72.3,Medium
CHN-BL-OCC01579,2024-12-20,09:56,CHN002,1800,1565,87.0,High
CHN-BL-OCC01580,2024-12-20,19:11,CHN019,1800,2176,120.9,Critical
CHN-BL-OCC01580,2024-12-20,19:41,CHN010,1800,1995,110.8,Critical
CHN-BL-OCC01580,2024-12-20,19:42,CHN001,1800,1579,87.7,High
CHN-BL-OCC01580,2024-12-20,19:43,CHN006,1800,1775,98.6,High
CHN-BL-OCC01580,2024-12-20,19:59,CHN009,1800,521,29.0,Low
CHN-BL-OCC01581,2024-12-20,09:40,CHN004,960,1123,117.1,Critical
CHN-BL-OCC01581,2024-12-20,09:11,CHN011,960,1007,104.9,High
CHN-BL-OCC01581,2024-12-20,09:58,CHN008,960,854,89.0,High
CHN-BL-OCC01581,2024-12-20,09:42,CHN007,960,1075,112.1,Critical
CHN-BL-OCC01581,2024-12-20,09:52,CHN021,960,889,92.6,High
CHN-BL-OCC01581,2024-12-20,09:05,CHN001,960,1007,105.0,High
CHN-BL-OCC01582,2024-12-24,09:04,CHN009,900,843,93.7,High
CHN-BL-OCC01582,2024-12-24,09:58,CHN005,900,1095,121.8,Critical
CHN-BL-OCC01582,2024-12-24,09:38,CHN021,900,898,99.8,High
CHN-BL-OCC01582,2024-12-24,09:37,CHN001,900,672,74.7,Medium
CHN-BL-OCC01583,2024-12-24,05:03,CHN019,960,91,9.5,Low
CHN-BL-OCC01583,2024-12-24,05:21,CHN001,960,478,49.8,Medium
CHN-BL-OCC01583,2024-12-24,05:13,CHN018,960,89,9.3,Low
CHN-BL-OCC01583,2024-12-24,05:45,CHN004,960,101,10.6,Low
CHN-BL-OCC01583,2024-12-24,05:30,CHN016,960,286,29.8,Low
CHN-BL-OCC01583,2024-12-24,05:37,CHN006,960,117,12.3,Low
CHN-BL-OCC01584,2024-12-24,08:09,CHN002,1800,1684,93.6,High
CHN-BL-OCC01584,2024-12-24,08:20,CHN001,1800,1901,105.7,Critical
CHN-BL-OCC01584,2024-12-24,08:49,CHN018,1800,1789,99.4,High
CHN-BL-OCC01584,2024-12-24,08:58,CHN021,1800,2076,115.4,Critical
CHN-BL-OCC01584,2024-12-24,08:46,CHN012,1800,2177,121.0,Critical
CHN-BL-OCC01584,2024-12-24,08:38,CHN020,1800,1282,71.2,Medium
CHN-BL-OCC01585,2024-12-28,09:24,CHN021,1920,1679,87.5,High
CHN-BL-OCC01585,2024-12-28,09:54,CHN020,1920,1876,97.7,High
CHN-BL-OCC01585,2024-12-28,09:37,CHN011,1920,2333,121.6,Critical
CHN-BL-OCC01585,2024-12-28,09:56,CHN002,1920,1450,75.6,Medium
CHN-BL-OCC01585,2024-12-28,09:56,CHN016,1920,1772,92.3,High
CHN-BL-OCC01586,2024-12-28,20:22,CHN022,1800,1698,94.4,High
CHN-BL-OCC01586,2024-12-28,20:42,CHN009,1800,604,33.6,Low
CHN-BL-OCC01586,2024-12-28,20:09,CHN007,1800,1714,95.2,High
CHN-BL-OCC01586,2024-12-28,20:48,CHN023,1800,1598,88.8,High
CHN-BL-OCC01587,2024-12-28,14:55,CHN014,1920,912,47.5,Medium
CHN-BL-OCC01587,2024-12-28,14:55,CHN017,1920,782,40.8,Low
CHN-BL-OCC01587,2024-12-28,14:11,CHN001,1920,1555,81.0,High
CHN-BL-OCC01587,2024-12-28,14:35,CHN011,1920,817,42.6,Low
CHN-GR-OCC01588,2024-10-01,18:43,CHN016,1920,1979,103.1,High
CHN-GR-OCC01588,2024-10-01,18:14,CHN032,1920,2040,106.3,Critical
CHN-GR-OCC01588,2024-10-01,18:18,CHN027,1920,886,46.2,Medium
CHN-GR-OCC01588,2024-10-01,18:38,CHN004,1920,1701,88.6,High
CHN-GR-OCC01588,2024-10-01,18:49,CHN024,1920,1977,103.0,High
CHN-GR-OCC01589,2024-10-01,12:44,CHN016,960,536,55.9,Medium
CHN-GR-OCC01589,2024-10-01,12:14,CHN026,960,210,22.0,Low
CHN-GR-OCC01589,2024-10-01,12:53,CHN005,960,409,42.6,Low
CHN-GR-OCC01590,2024-10-01,08:17,CHN030,1800,1556,86.5,High
CHN-GR-OCC01590,2024-10-01,08:04,CHN025,1800,1512,84.1,High
CHN-GR-OCC01590,2024-10-01,08:23,CHN026,1800,1295,72.0,Medium
CHN-GR-OCC01590,2024-10-01,08:25,CHN034,1800,1479,82.2,High
CHN-GR-OCC01590,2024-10-01,08:18,CHN035,1800,1865,103.6,High
CHN-GR-OCC01591,2024-10-05,23:33,CHN037,1800,132,7.4,Low
CHN-GR-OCC01591,2024-10-05,23:59,CHN036,1800,303,16.9,Low
CHN-GR-OCC01591,2024-10-05,23:17,CHN028,1800,161,9.0,Low
CHN-GR-OCC01592,2024-10-05,18:28,CHN025,960,869,90.6,High
CHN-GR-OCC01592,2024-10-05,18:30,CHN027,960,575,59.9,Medium
CHN-GR-OCC01592,2024-10-05,18:24,CHN029,960,741,77.2,Medium
CHN-GR-OCC01592,2024-10-05,18:10,CHN028,960,673,70.1,Medium
CHN-GR-OCC01592,2024-10-05,18:57,CHN037,960,472,49.2,Medium
CHN-GR-OCC01593,2024-10-05,20:06,CHN030,1920,1130,58.9,Medium
CHN-GR-OCC01593,2024-10-05,20:12,CHN036,1920,1877,97.8,High
CHN-GR-OCC01593,2024-10-05,20:27,CHN004,1920,1239,64.6,Medium
CHN-GR-OCC01593,2024-10-05,20:17,CHN027,1920,439,22.9,Low
CHN-GR-OCC01593,2024-10-05,20:49,CHN026,1920,1496,78.0,Medium
CHN-GR-OCC01594,2024-10-09,10:15,CHN032,1920,739,38.5,Low
CHN-GR-OCC01594,2024-10-09,10:49,CHN030,1920,1445,75.3,Medium
CHN-GR-OCC01594,2024-10-09,10:14,CHN029,1920,1531,79.8,Medium
CHN-GR-OCC01595,2024-10-09,09:49,CHN033,1920,1484,77.3,Medium
CHN-GR-OCC01595,2024-10-09,09:31,CHN004,1920,2379,123.9,Critical
CHN-GR-OCC01595,2024-10-09,09:53,CHN036,1920,1974,102.9,High
CHN-GR-OCC01595,2024-10-09,09:12,CHN016,1920,2181,113.6,Critical
CHN-GR-OCC01596,2024-10-09,15:20,CHN026,960,328,34.3,Low
CHN-GR-OCC01596,2024-10-09,15:01,CHN028,960,337,35.1,Low
CHN-GR-OCC01596,2024-10-09,15:58,CHN005,960,475,49.5,Medium
CHN-GR-OCC01596,2024-10-09,15:42,CHN031,960,276,28.8,Low
CHN-GR-OCC01597,2024-10-13,21:54,CHN033,1800,739,41.1,Low
CHN-GR-OCC01597,2024-10-13,21:26,CHN005,1800,1069,59.4,Medium
CHN-GR-OCC01597,2024-10-13,21:46,CHN036,1800,1013,56.3,Medium
CHN-GR-OCC01597,2024-10-13,21:32,CHN035,1800,689,38.3,Low
CHN-GR-OCC01597,2024-10-13,21:33,CHN034,1800,1052,58.5,Medium
CHN-GR-OCC01598,2024-10-13,10:47,CHN033,1800,1747,97.1,High
CHN-GR-OCC01598,2024-10-13,10:20,CHN034,1800,1066,59.3,Medium
CHN-GR-OCC01598,2024-10-13,10:23,CHN027,1800,545,30.3,Low
CHN-GR-OCC01598,2024-10-13,10:03,CHN029,1800,1664,92.5,High
CHN-GR-OCC01599,2024-10-13,14:30,CHN027,1800,1017,56.5,Medium
CHN-GR-OCC01599,2024-10-13,14:58,CHN028,1800,315,17.5,Low
CHN-GR-OCC01599,2024-10-13,14:21,CHN025,1800,718,39.9,Low
CHN-GR-OCC01599,2024-10-13,14:45,CHN035,1800,297,16.5,Low
CHN-GR-OCC01599,2024-10-13,14:22,CHN036,1800,517,28.7,Low
CHN-GR-OCC01599,2024-10-13,14:41,CHN004,1800,568,31.6,Low
CHN-GR-OCC01600,2024-10-17,10:45,CHN031,1800,800,44.5,Low
CHN-GR-OCC01600,2024-10-17,10:36,CHN024,1800,745,41.4,Low
CHN-GR-OCC01600,2024-10-17,10:14,CHN004,1800,1605,89.2,High
CHN-GR-OCC01601,2024-10-17,08:31,CHN025,960,634,66.1,Medium
CHN-GR-OCC01601,2024-10-17,08:04,CHN026,960,817,85.2,High
CHN-GR-OCC01601,2024-10-17,08:10,CHN016,960,1175,122.5,Critical
CHN-GR-OCC01602,2024-10-17,20:01,CHN036,1800,1175,65.3,Medium
CHN-GR-OCC01602,2024-10-17,20:02,CHN027,1800,552,30.7,Low
CHN-GR-OCC01602,2024-10-17,20:59,CHN029,1800,1388,77.1,Medium
CHN-GR-OCC01603,2024-10-21,17:05,CHN037,1920,1228,64.0,Medium
CHN-GR-OCC01603,2024-10-21,17:01,CHN030,1920,1526,79.5,Medium
CHN-GR-OCC01603,2024-10-21,17:02,CHN026,1920,1139,59.4,Medium
CHN-GR-OCC01604,2024-10-21,18:40,CHN030,900,681,75.7,Medium
CHN-GR-OCC01604,2024-10-21,18:55,CHN037,900,581,64.6,Medium
CHN-GR-OCC01604,2024-10-21,18:08,CHN033,900,770,85.6,High
CHN-GR-OCC01604,2024-10-21,18:11,CHN032,900,942,104.7,High
CHN-GR-OCC01604,2024-10-21,18:10,CHN029,900,602,66.9,Medium
CHN-GR-OCC01604,2024-10-21,18:10,CHN026,900,989,110.0,Critical
CHN-GR-OCC01605,2024-10-21,21:19,CHN036,900,319,35.6,Low
CHN-GR-OCC01605,2024-10-21,21:56,CHN027,900,190,21.1,Low
CHN-GR-OCC01605,2024-10-21,21:35,CHN034,900,495,55.1,Medium
CHN-GR-OCC01605,2024-10-21,21:16,CHN025,900,367,40.9,Low
CHN-GR-OCC01605,2024-10-21,21:01,CHN035,900,436,48.5,Medium
CHN-GR-OCC01605,2024-10-21,21:33,CHN004,900,404,44.9,Low
CHN-GR-OCC01606,2024-10-25,16:38,CHN027,1920,1806,94.1,High
CHN-GR-OCC01606,2024-10-25,16:41,CHN033,1920,730,38.0,Low
CHN-GR-OCC01606,2024-10-25,16:33,CHN037,1920,1882,98.0,High
CHN-GR-OCC01606,2024-10-25,16:17,CHN036,1920,1067,55.6,Medium
CHN-GR-OCC01606,2024-10-25,16:26,CHN026,1920,780,40.7,Low
CHN-GR-OCC01607,2024-10-25,07:56,CHN037,1920,1640,85.4,High
CHN-GR-OCC01607,2024-10-25,07:38,CHN033,1920,587,30.6,Low
CHN-GR-OCC01607,2024-10-25,07:39,CHN035,1920,1658,86.4,High
CHN-GR-OCC01607,2024-10-25,07:21,CHN028,1920,1231,64.1,Medium
CHN-GR-OCC01607,2024-10-25,07:26,CHN016,1920,1626,84.7,High
CHN-GR-OCC01607,2024-10-25,07:07,CHN032,1920,1189,61.9,Medium
CHN-GR-OCC01608,2024-10-25,16:24,CHN037,1920,1809,94.2,High
CHN-GR-OCC01608,2024-10-25,16:48,CHN026,1920,741,38.6,Low
CHN-GR-OCC01608,2024-10-25,16:43,CHN033,1920,700,36.5,Low
CHN-GR-OCC01608,2024-10-25,16:07,CHN035,1920,910,47.4,Medium
CHN-GR-OCC01608,2024-10-25,16:38,CHN034,1920,593,30.9,Low
CHN-GR-OCC01608,2024-10-25,16:39,CHN028,1920,860,44.8,Low
CHN-GR-OCC01609,2024-10-29,09:55,CHN005,1920,1871,97.5,High
CHN-GR-OCC01609,2024-10-29,09:29,CHN036,1920,1743,90.8,High
CHN-GR-OCC01609,2024-10-29,09:03,CHN032,1920,1405,73.2,Medium
CHN-GR-OCC01610,2024-10-29,21:36,CHN035,1800,1112,61.8,Medium
CHN-GR-OCC01610,2024-10-29,21:44,CHN034,1800,913,50.7,Medium
CHN-GR-OCC01610,2024-10-29,21:00,CHN031,1800,690,38.4,Low
CHN-GR-OCC01610,2024-10-29,21:18,CHN025,1800,718,39.9,Low
CHN-GR-OCC01610,2024-10-29,21:21,CHN030,1800,1017,56.5,Medium
CHN-GR-OCC01611,2024-10-29,08:59,CHN028,960,1114,116.1,Critical
CHN-GR-OCC01611,2024-10-29,08:21,CHN034,960,718,74.9,Medium
CHN-GR-OCC01611,2024-10-29,08:48,CHN035,960,919,95.8,High
CHN-GR-OCC01611,2024-10-29,08:17,CHN030,960,945,98.4,High
CHN-GR-OCC01611,2024-10-29,08:04,CHN025,960,639,66.6,Medium
CHN-GR-OCC01612,2024-11-02,21:43,CHN036,1800,1117,62.1,Medium
CHN-GR-OCC01612,2024-11-02,21:56,CHN004,1800,709,39.4,Low
CHN-GR-OCC01612,2024-11-02,21:13,CHN030,1800,1005,55.9,Medium
CHN-GR-OCC01612,2024-11-02,21:41,CHN032,1800,787,43.7,Low
CHN-GR-OCC01612,2024-11-02,21:15,CHN031,1800,660,36.7,Low
CHN-GR-OCC01613,2024-11-02,09:46,CHN028,1920,1494,77.9,Medium
CHN-GR-OCC01613,2024-11-02,09:31,CHN037,1920,1685,87.8,High
CHN-GR-OCC01613,2024-11-02,09:08,CHN024,1920,1612,84.0,High
CHN-GR-OCC01614,2024-11-02,19:37,CHN025,900,1045,116.2,Critical
CHN-GR-OCC01614,2024-11-02,19:48,CHN016,900,688,76.5,Medium
CHN-GR-OCC01614,2024-11-02,19:58,CHN004,900,819,91.1,High
CHN-GR-OCC01614,2024-11-02,19:47,CHN030,900,632,70.3,Medium
CHN-GR-OCC01614,2024-11-02,19:11,CHN033,900,833,92.6,High
CHN-GR-OCC01615,2024-11-06,11:27,CHN028,1800,599,33.3,Low
CHN-GR-OCC01615,2024-11-06,11:56,CHN036,1800,865,48.1,Medium
CHN-GR-OCC01615,2024-11-06,11:30,CHN024,1800,380,21.1,Low
CHN-GR-OCC01615,2024-11-06,11:43,CHN034,1800,382,21.2,Low
CHN-GR-OCC01615,2024-11-06,11:16,CHN033,1800,1054,58.6,Medium
CHN-GR-OCC01616,2024-11-06,10:27,CHN031,1920,1009,52.6,Medium
CHN-GR-OCC01616,2024-11-06,10:16,CHN034,1920,954,49.7,Medium
CHN-GR-OCC01616,2024-11-06,10:29,CHN025,1920,1670,87.0,High
CHN-GR-OCC01616,2024-11-06,10:41,CHN024,1920,1179,61.4,Medium
CHN-GR-OCC01616,2024-11-06,10:27,CHN035,1920,869,45.3,Medium
CHN-GR-OCC01617,2024-11-06,08:13,CHN031,900,798,88.7,High
CHN-GR-OCC01617,2024-11-06,08:22,CHN036,900,622,69.1,Medium
CHN-GR-OCC01617,2024-11-06,08:21,CHN030,900,877,97.5,High
CHN-GR-OCC01617,2024-11-06,08:39,CHN033,900,520,57.8,Medium
CHN-GR-OCC01618,2024-11-10,10:56,CHN026,1800,633,35.2,Low
CHN-GR-OCC01618,2024-11-10,10:19,CHN029,1800,1678,93.3,High
CHN-GR-OCC01618,2024-11-10,10:09,CHN032,1800,942,52.3,Medium
CHN-GR-OCC01618,2024-11-10,10:15,CHN004,1800,1736,96.5,High
CHN-GR-OCC01619,2024-11-10,15:45,CHN004,1800,628,34.9,Low
CHN-GR-OCC01619,2024-11-10,15:19,CHN029,1800,718,39.9,Low
CHN-GR-OCC01619,2024-11-10,15:33,CHN034,1800,621,34.5,Low
CHN-GR-OCC01619,2024-11-10,15:43,CHN016,1800,1334,74.1,Medium
CHN-GR-OCC01620,2024-11-10,09:00,CHN030,900,882,98.1,High
CHN-GR-OCC01620,2024-11-10,09:31,CHN033,900,657,73.0,Medium
CHN-GR-OCC01620,2024-11-10,09:06,CHN034,900,642,71.4,Medium
CHN-GR-OCC01621,2024-11-14,18:59,CHN035,1800,1582,87.9,High
CHN-GR-OCC01621,2024-11-14,18:56,CHN034,1800,1689,93.8,High
CHN-GR-OCC01621,2024-11-14,18:05,CHN027,1800,836,46.5,Medium
CHN-GR-OCC01621,2024-11-14,18:33,CHN029,1800,1287,71.5,Medium
CHN-GR-OCC01621,2024-11-14,18:46,CHN025,1800,1768,98.3,High
CHN-GR-OCC01622,2024-11-14,20:36,CHN029,900,782,87.0,High
CHN-GR-OCC01622,2024-11-14,20:57,CHN036,900,842,93.6,High
CHN-GR-OCC01622,2024-11-14,20:24,CHN004,900,838,93.2,High
CHN-GR-OCC01623,2024-11-14,09:52,CHN028,900,870,96.8,High
CHN-GR-OCC01623,2024-11-14,09:50,CHN027,900,804,89.3,High
CHN-GR-OCC01623,2024-11-14,09:05,CHN026,900,648,72.1,Medium
CHN-GR-OCC01623,2024-11-14,09:16,CHN005,900,869,96.6,High
CHN-GR-OCC01623,2024-11-14,09:51,CHN024,900,709,78.9,Medium
CHN-GR-OCC01624,2024-11-18,09:09,CHN036,1920,1728,90.0,High
CHN-GR-OCC01624,2024-11-18,09:44,CHN024,1920,1729,90.1,High
CHN-GR-OCC01624,2024-11-18,09:00,CHN016,1920,1374,71.6,Medium
CHN-GR-OCC01625,2024-11-18,20:33,CHN005,1920,1365,71.1,Medium
CHN-GR-OCC01625,2024-11-18,20:42,CHN034,1920,1431,74.6,Medium
CHN-GR-OCC01625,2024-11-18,20:53,CHN028,1920,1158,60.3,Medium
CHN-GR-OCC01625,2024-11-18,20:01,CHN026,1920,1288,67.1,Medium
CHN-GR-OCC01625,2024-11-18,20:20,CHN037,1920,664,34.6,Low
CHN-GR-OCC01625,2024-11-18,20:41,CHN024,1920,1339,69.8,Medium
CHN-GR-OCC01626,2024-11-18,11:10,CHN035,1800,448,24.9,Low
CHN-GR-OCC01626,2024-11-18,11:50,CHN024,1800,519,28.9,Low
CHN-GR-OCC01626,2024-11-18,11:47,CHN036,1800,787,43.8,Low
CHN-GR-OCC01627,2024-11-22,05:32,CHN028,1920,184,9.6,Low
CHN-GR-OCC01627,2024-11-22,05:35,CHN032,1920,147,7.7,Low
CHN-GR-OCC01627,2024-11-22,05:05,CHN027,1920,154,8.0,Low
CHN-GR-OCC01627,2024-11-22,05:39,CHN033,1920,198,10.3,Low
CHN-GR-OCC01627,2024-11-22,05:44,CHN034,1920,201,10.5,Low
CHN-GR-OCC01628,2024-11-22,12:37,CHN031,900,148,16.5,Low
CHN-GR-OCC01628,2024-11-22,12:06,CHN029,900,329,36.6,Low
CHN-GR-OCC01628,2024-11-22,12:37,CHN028,900,132,14.8,Low
CHN-GR-OCC01628,2024-11-22,12:45,CHN025,900,392,43.6,Low
CHN-GR-OCC01628,2024-11-22,12:31,CHN005,900,357,39.7,Low
CHN-GR-OCC01629,2024-11-22,17:52,CHN029,1800,1164,64.7,Medium
CHN-GR-OCC01629,2024-11-22,17:18,CHN026,1800,976,54.2,Medium
CHN-GR-OCC01629,2024-11-22,17:37,CHN024,1800,1037,57.6,Medium
CHN-GR-OCC01630,2024-11-26,12:13,CHN028,1800,339,18.9,Low
CHN-GR-OCC01630,2024-11-26,12:15,CHN031,1800,447,24.9,Low
CHN-GR-OCC01630,2024-11-26,12:45,CHN004,1800,664,36.9,Low
CHN-GR-OCC01630,2024-11-26,12:34,CHN036,1800,777,43.2,Low
CHN-GR-OCC01630,2024-11-26,12:24,CHN030,1800,512,28.5,Low
CHN-GR-OCC01630,2024-11-26,12:24,CHN016,1800,1443,80.2,High
CHN-GR-OCC01631,2024-11-26,16:34,CHN034,1920,904,47.1,Medium
CHN-GR-OCC01631,2024-11-26,16:17,CHN031,1920,630,32.8,Low
CHN-GR-OCC01631,2024-11-26,16:22,CHN028,1920,581,30.3,Low
CHN-GR-OCC01631,2024-11-26,16:19,CHN030,1920,1059,55.2,Medium
CHN-GR-OCC01631,2024-11-26,16:07,CHN026,1920,604,31.5,Low
CHN-GR-OCC01631,2024-11-26,16:00,CHN024,1920,778,40.6,Low
CHN-GR-OCC01632,2024-11-26,22:05,CHN016,1800,1089,60.6,Medium
CHN-GR-OCC01632,2024-11-26,22:06,CHN032,1800,499,27.7,Low
CHN-GR-OCC01632,2024-11-26,22:13,CHN029,1800,524,29.2,Low
CHN-GR-OCC01632,2024-11-26,22:31,CHN005,1800,454,25.2,Low
CHN-GR-OCC01633,2024-11-30,10:16,CHN035,1920,975,50.8,Medium
CHN-GR-OCC01633,2024-11-30,10:03,CHN030,1920,1148,59.8,Medium
CHN-GR-OCC01633,2024-11-30,10:05,CHN037,1920,558,29.1,Low
CHN-GR-OCC01633,2024-11-30,10:40,CHN032,1920,1048,54.6,Medium
CHN-GR-OCC01633,2024-11-30,10:37,CHN036,1920,1143,59.6,Medium
CHN-GR-OCC01633,2024-11-30,10:43,CHN031,1920,1128,58.8,Medium
CHN-GR-OCC01634,2024-11-30,05:48,CHN029,960,99,10.4,Low
CHN-GR-OCC01634,2024-11-30,05:17,CHN037,960,76,8.0,Low
CHN-GR-OCC01634,2024-11-30,05:07,CHN004,960,116,12.2,Low
CHN-GR-OCC01634,2024-11-30,05:22,CHN035,960,101,10.6,Low
CHN-GR-OCC01634,2024-11-30,05:45,CHN016,960,399,41.6,Low
CHN-GR-OCC01634,2024-11-30,05:37,CHN024,960,80,8.4,Low
CHN-GR-OCC01635,2024-11-30,09:27,CHN032,1800,1978,109.9,Critical
CHN-GR-OCC01635,2024-11-30,09:11,CHN026,1800,1814,100.8,High
CHN-GR-OCC01635,2024-11-30,09:28,CHN005,1800,1340,74.5,Medium
CHN-GR-OCC01636,2024-12-04,19:34,CHN031,900,819,91.0,High
CHN-GR-OCC01636,2024-12-04,19:16,CHN025,900,957,106.4,Critical
CHN-GR-OCC01636,2024-12-04,19:18,CHN037,900,359,39.9,Low
CHN-GR-OCC01636,2024-12-04,19:24,CHN027,900,352,39.2,Low
CHN-GR-OCC01636,2024-12-04,19:02,CHN034,900,650,72.3,Medium
CHN-GR-OCC01637,2024-12-04,19:44,CHN025,1920,1746,90.9,High
CHN-GR-OCC01637,2024-12-04,19:57,CHN028,1920,1824,95.0,High
CHN-GR-OCC01637,2024-12-04,19:21,CHN024,1920,1684,87.7,High
CHN-GR-OCC01638,2024-12-04,15:37,CHN004,1920,634,33.1,Low
CHN-GR-OCC01638,2024-12-04,15:37,CHN026,1920,703,36.6,Low
CHN-GR-OCC01638,2024-12-04,15:01,CHN034,1920,495,25.8,Low
CHN-GR-OCC01638,2024-12-04,15:44,CHN024,1920,715,37.3,Low
CHN-GR-OCC01639,2024-12-08,19:04,CHN031,1920,2392,124.6,Critical
CHN-GR-OCC01639,2024-12-08,19:58,CHN032,1920,2339,121.9,Critical
CHN-GR-OCC01639,2024-12-08,19:42,CHN024,1920,1575,82.0,High
CHN-GR-OCC01639,2024-12-08,19:27,CHN016,1920,1678,87.4,High
CHN-GR-OCC01639,2024-12-08,19:35,CHN035,1920,1360,70.9,Medium
CHN-GR-OCC01640,2024-12-08,07:17,CHN033,1920,722,37.6,Low
CHN-GR-OCC01640,2024-12-08,07:04,CHN027,1920,1155,60.2,Medium
CHN-GR-OCC01640,2024-12-08,07:16,CHN016,1920,2048,106.7,Critical
CHN-GR-OCC01641,2024-12-08,20:22,CHN033,1920,1439,75.0,Medium
CHN-GR-OCC01641,2024-12-08,20:02,CHN031,1920,1887,98.3,High
CHN-GR-OCC01641,2024-12-08,20:09,CHN036,1920,1847,96.2,High
CHN-GR-OCC01642,2024-12-12,10:51,CHN032,1920,749,39.1,Low
CHN-GR-OCC01642,2024-12-12,10:58,CHN026,1920,1021,53.2,Medium
CHN-GR-OCC01642,2024-12-12,10:43,CHN016,1920,1538,80.1,High
CHN-GR-OCC01642,2024-12-12,10:12,CHN034,1920,801,41.8,Low
CHN-GR-OCC01642,2024-12-12,10:26,CHN024,1920,1108,57.7,Medium
CHN-GR-OCC01642,2024-12-12,10:49,CHN033,1920,1881,98.0,High
CHN-GR-OCC01643,2024-12-12,08:34,CHN028,1800,1719,95.5,High
CHN-GR-OCC01643,2024-12-12,08:59,CHN035,1800,1913,106.3,Critical
CHN-GR-OCC01643,2024-12-12,08:16,CHN004,1800,1579,87.7,High
CHN-GR-OCC01644,2024-12-12,08:14,CHN033,960,669,69.8,Medium
CHN-GR-OCC01644,2024-12-12,08:30,CHN031,960,875,91.1,High
CHN-GR-OCC01644,2024-12-12,08:10,CHN025,960,813,84.8,High
CHN-GR-OCC01645,2024-12-16,19:01,CHN034,1920,2361,123.0,Critical
CHN-GR-OCC01645,2024-12-16,19:25,CHN016,1920,1686,87.9,High
CHN-GR-OCC01645,2024-12-16,19:15,CHN024,1920,1875,97.7,High
CHN-GR-OCC01645,2024-12-16,19:55,CHN029,1920,2212,115.3,Critical
CHN-GR-OCC01646,2024-12-16,21:28,CHN027,900,191,21.3,Low
CHN-GR-OCC01646,2024-12-16,21:08,CHN033,900,483,53.7,Medium
CHN-GR-OCC01646,2024-12-16,21:21,CHN004,900,371,41.3,Low
CHN-GR-OCC01646,2024-12-16,21:46,CHN016,900,590,65.6,Medium
CHN-GR-OCC01646,2024-12-16,21:11,CHN036,900,394,43.8,Low
CHN-GR-OCC01646,2024-12-16,21:26,CHN028,900,484,53.8,Medium
CHN-GR-OCC01647,2024-12-16,20:41,CHN005,1920,1309,68.2,Medium
CHN-GR-OCC01647,2024-12-16,20:46,CHN031,1920,1080,56.3,Medium
CHN-GR-OCC01647,2024-12-16,20:52,CHN024,1920,1878,97.9,High
CHN-GR-OCC01647,2024-12-16,20:56,CHN033,1920,1915,99.8,High
CHN-GR-OCC01647,2024-12-16,20:27,CHN029,1920,1319,68.7,Medium
CHN-GR-OCC01647,2024-12-16,20:32,CHN034,1920,1684,87.7,High
CHN-GR-OCC01648,2024-12-20,16:53,CHN034,900,260,28.9,Low
CHN-GR-OCC01648,2024-12-20,16:23,CHN033,900,513,57.0,Medium
CHN-GR-OCC01648,2024-12-20,16:41,CHN029,900,558,62.0,Medium
CHN-GR-OCC01649,2024-12-20,15:02,CHN036,1920,785,40.9,Low
CHN-GR-OCC01649,2024-12-20,15:13,CHN025,1920,593,30.9,Low
CHN-GR-OCC01649,2024-12-20,15:27,CHN033,1920,591,30.8,Low
CHN-GR-OCC01649,2024-12-20,15:59,CHN016,1920,1235,64.3,Medium
CHN-GR-OCC01649,2024-12-20,15:09,CHN031,1920,531,27.7,Low
CHN-GR-OCC01649,2024-12-20,15:07,CHN024,1920,675,35.2,Low
CHN-GR-OCC01650,2024-12-20,15:08,CHN036,900,418,46.5,Medium
CHN-GR-OCC01650,2024-12-20,15:29,CHN037,900,535,59.5,Medium
CHN-GR-OCC01650,2024-12-20,15:13,CHN031,900,322,35.9,Low
CHN-GR-OCC01650,2024-12-20,15:20,CHN030,900,446,49.6,Medium
CHN-GR-OCC01650,2024-12-20,15:15,CHN016,900,567,63.1,Medium
CHN-GR-OCC01650,2024-12-20,15:08,CHN033,900,380,42.3,Low
CHN-GR-OCC01651,2024-12-24,19:02,CHN027,900,396,44.1,Low
CHN-GR-OCC01651,2024-12-24,19:18,CHN031,900,682,75.8,Medium
CHN-GR-OCC01651,2024-12-24,19:17,CHN037,900,438,48.8,Medium
CHN-GR-OCC01651,2024-12-24,19:20,CHN005,900,805,89.5,High
CHN-GR-OCC01651,2024-12-24,19:33,CHN030,900,912,101.4,High
CHN-GR-OCC01651,2024-12-24,19:51,CHN016,900,860,95.6,High
CHN-GR-OCC01652,2024-12-24,20:29,CHN031,960,843,87.8,High
CHN-GR-OCC01652,2024-12-24,20:09,CHN035,960,862,89.9,High
CHN-GR-OCC01652,2024-12-24,20:33,CHN033,960,959,100.0,High
CHN-GR-OCC01652,2024-12-24,20:58,CHN037,960,236,24.6,Low
CHN-GR-OCC01653,2024-12-24,12:40,CHN016,1800,1516,84.2,High
CHN-GR-OCC01653,2024-12-24,12:55,CHN036,1800,726,40.3,Low
CHN-GR-OCC01653,2024-12-24,12:42,CHN004,1800,513,28.5,Low
CHN-GR-OCC01653,2024-12-24,12:30,CHN037,1800,560,31.1,Low
CHN-GR-OCC01653,2024-12-24,12:27,CHN005,1800,582,32.3,Low
CHN-GR-OCC01653,2024-12-24,12:37,CHN034,1800,445,24.7,Low
CHN-GR-OCC01654,2024-12-28,07:25,CHN036,900,444,49.4,Medium
CHN-GR-OCC01654,2024-12-28,07:21,CHN037,900,658,73.2,Medium
CHN-GR-OCC01654,2024-12-28,07:29,CHN035,900,488,54.3,Medium
CHN-GR-OCC01654,2024-12-28,07:30,CHN024,900,466,51.8,Medium
CHN-GR-OCC01655,2024-12-28,06:06,CHN026,1920,587,30.6,Low
CHN-GR-OCC01655,2024-12-28,06:21,CHN028,1920,611,31.8,Low
CHN-GR-OCC01655,2024-12-28,06:43,CHN036,1920,428,22.3,Low
CHN-GR-OCC01655,2024-12-28,06:21,CHN027,1920,544,28.4,Low
CHN-GR-OCC01655,2024-12-28,06:02,CHN037,1920,443,23.1,Low
CHN-GR-OCC01656,2024-12-28,18:13,CHN030,1800,1392,77.3,Medium
CHN-GR-OCC01656,2024-12-28,18:48,CHN028,1800,1355,75.3,Medium
CHN-GR-OCC01656,2024-12-28,18:10,CHN004,1800,1450,80.6,High
CHN-GR-OCC01656,2024-12-28,18:38,CHN037,1800,922,51.3,Medium
CHN-GR-OCC01656,2024-12-28,18:36,CHN027,1800,1304,72.5,Medium
CHN-GR-OCC01656,2024-12-28,18:47,CHN016,1800,2068,114.9,Critical
KOL-BL-OCC01657,2024-10-01,18:52,KOL023,1920,2056,107.1,Critical
KOL-BL-OCC01657,2024-10-01,18:08,KOL025,1920,1335,69.5,Medium
KOL-BL-OCC01657,2024-10-01,18:11,KOL005,1920,1241,64.7,Medium
KOL-BL-OCC01658,2024-10-01,12:18,KOL018,960,283,29.5,Low
KOL-BL-OCC01658,2024-10-01,12:19,KOL011,960,334,34.8,Low
KOL-BL-OCC01658,2024-10-01,12:41,KOL013,960,386,40.3,Low
KOL-BL-OCC01658,2024-10-01,12:02,KOL022,960,234,24.5,Low
KOL-BL-OCC01658,2024-10-01,12:31,KOL015,960,307,32.1,Low
KOL-BL-OCC01658,2024-10-01,12:03,KOL012,960,197,20.6,Low
KOL-BL-OCC01659,2024-10-01,20:51,KOL005,1920,1804,94.0,High
KOL-BL-OCC01659,2024-10-01,20:01,KOL026,1920,1268,66.1,Medium
KOL-BL-OCC01659,2024-10-01,20:31,KOL019,1920,1328,69.2,Medium
KOL-BL-OCC01659,2024-10-01,20:01,KOL004,1920,1513,78.8,Medium
KOL-BL-OCC01659,2024-10-01,20:50,KOL018,1920,1508,78.6,Medium
KOL-BL-OCC01660,2024-10-05,23:04,KOL016,1920,187,9.8,Low
KOL-BL-OCC01660,2024-10-05,23:42,KOL008,1920,388,20.3,Low
KOL-BL-OCC01660,2024-10-05,23:48,KOL003,1920,141,7.4,Low
KOL-BL-OCC01660,2024-10-05,23:58,KOL006,1920,194,10.1,Low
KOL-BL-OCC01661,2024-10-05,17:35,KOL011,1920,981,51.1,Medium
KOL-BL-OCC01661,2024-10-05,17:05,KOL017,1920,979,51.0,Medium
KOL-BL-OCC01661,2024-10-05,17:45,KOL015,1920,1398,72.8,Medium
KOL-BL-OCC01661,2024-10-05,17:54,KOL001,1920,1097,57.2,Medium
KOL-BL-OCC01662,2024-10-05,08:44,KOL025,960,961,100.2,High
KOL-BL-OCC01662,2024-10-05,08:21,KOL004,960,575,59.9,Medium
KOL-BL-OCC01662,2024-10-05,08:58,KOL002,960,583,60.8,Medium
KOL-BL-OCC01662,2024-10-05,08:34,KOL024,960,619,64.5,Medium
KOL-BL-OCC01663,2024-10-09,09:57,KOL005,1920,1761,91.7,High
KOL-BL-OCC01663,2024-10-09,09:49,KOL007,1920,1287,67.1,Medium
KOL-BL-OCC01663,2024-10-09,09:08,KOL010,1920,2230,116.2,Critical
KOL-BL-OCC01663,2024-10-09,09:59,KOL015,1920,2033,105.9,Critical
KOL-BL-OCC01663,2024-10-09,09:00,KOL021,1920,1537,80.1,High
KOL-BL-OCC01664,2024-10-09,09:28,KOL013,960,1079,112.4,Critical
KOL-BL-OCC01664,2024-10-09,09:40,KOL006,960,618,64.4,Medium
KOL-BL-OCC01664,2024-10-09,09:00,KOL020,960,1040,108.4,Critical
KOL-BL-OCC01664,2024-10-09,09:17,KOL026,960,1185,123.5,Critical
KOL-BL-OCC01665,2024-10-09,16:24,KOL001,1800,772,42.9,Low
KOL-BL-OCC01665,2024-10-09,16:36,KOL016,1800,705,39.2,Low
KOL-BL-OCC01665,2024-10-09,16:58,KOL025,1800,866,48.2,Medium
KOL-BL-OCC01665,2024-10-09,16:43,KOL023,1800,663,36.9,Low
KOL-BL-OCC01666,2024-10-13,20:28,KOL012,1800,1334,74.2,Medium
KOL-BL-OCC01666,2024-10-13,20:57,KOL002,1800,1250,69.5,Medium
KOL-BL-OCC01666,2024-10-13,20:54,KOL005,1800,1164,64.7,Medium
KOL-BL-OCC01667,2024-10-13,11:12,KOL017,960,249,26.0,Low
KOL-BL-OCC01667,2024-10-13,11:39,KOL018,960,488,50.9,Medium
KOL-BL-OCC01667,2024-10-13,11:45,KOL015,960,437,45.5,Medium
KOL-BL-OCC01667,2024-10-13,11:34,KOL012,960,293,30.5,Low
KOL-BL-OCC01668,2024-10-13,23:50,KOL022,1920,196,10.2,Low
KOL-BL-OCC01668,2024-10-13,23:37,KOL019,1920,177,9.3,Low
KOL-BL-OCC01668,2024-10-13,23:55,KOL018,1920,388,20.2,Low
KOL-BL-OCC01668,2024-10-13,23:43,KOL007,1920,149,7.8,Low
KOL-BL-OCC01668,2024-10-13,23:07,KOL025,1920,194,10.1,Low
KOL-BL-OCC01669,2024-10-17,18:38,KOL020,1800,1190,66.1,Medium
KOL-BL-OCC01669,2024-10-17,18:14,KOL014,1800,1520,84.5,High
KOL-BL-OCC01669,2024-10-17,18:25,KOL001,1800,1980,110.0,Critical
KOL-BL-OCC01669,2024-10-17,18:37,KOL011,1800,1733,96.3,High
KOL-BL-OCC01669,2024-10-17,18:23,KOL012,1800,1391,77.3,Medium
KOL-BL-OCC01670,2024-10-17,12:28,KOL020,1800,347,19.3,Low
KOL-BL-OCC01670,2024-10-17,12:35,KOL025,1800,265,14.7,Low
KOL-BL-OCC01670,2024-10-17,12:02,KOL012,1800,295,16.4,Low
KOL-BL-OCC01671,2024-10-17,21:02,KOL017,1920,693,36.1,Low
KOL-BL-OCC01671,2024-10-17,21:40,KOL002,1920,1192,62.1,Medium
KOL-BL-OCC01671,2024-10-17,21:52,KOL021,1920,847,44.1,Low
KOL-BL-OCC01671,2024-10-17,21:28,KOL006,1920,932,48.6,Medium
KOL-BL-OCC01671,2024-10-17,21:43,KOL020,1920,1057,55.1,Medium
KOL-BL-OCC01672,2024-10-21,18:22,KOL002,900,704,78.2,Medium
KOL-BL-OCC01672,2024-10-21,18:14,KOL007,900,750,83.4,High
KOL-BL-OCC01672,2024-10-21,18:18,KOL017,900,900,100.0,High
KOL-BL-OCC01672,2024-10-21,18:16,KOL014,900,945,105.1,Critical
KOL-BL-OCC01673,2024-10-21,18:15,KOL012,900,655,72.8,Medium
KOL-BL-OCC01673,2024-10-21,18:06,KOL022,900,967,107.5,Critical
KOL-BL-OCC01673,2024-10-21,18:21,KOL011,900,845,94.0,High
KOL-BL-OCC01673,2024-10-21,18:16,KOL009,900,618,68.7,Medium
KOL-BL-OCC01674,2024-10-21,09:29,KOL025,1800,1797,99.9,High
KOL-BL-OCC01674,2024-10-21,09:11,KOL013,1800,1572,87.3,High
KOL-BL-OCC01674,2024-10-21,09:59,KOL002,1800,2044,113.6,Critical
KOL-BL-OCC01674,2024-10-21,09:02,KOL024,1800,2201,122.3,Critical
KOL-BL-OCC01674,2024-10-21,09:00,KOL010,1800,1525,84.8,High
KOL-BL-OCC01674,2024-10-21,09:23,KOL021,1800,2148,119.4,Critical
KOL-BL-OCC01675,2024-10-25,20:38,KOL004,1920,1509,78.6,Medium
KOL-BL-OCC01675,2024-10-25,20:44,KOL018,1920,1776,92.5,High
KOL-BL-OCC01675,2024-10-25,20:24,KOL014,1920,1754,91.4,High
KOL-BL-OCC01675,2024-10-25,20:25,KOL006,1920,1160,60.4,Medium
KOL-BL-OCC01675,2024-10-25,20:45,KOL008,1920,1514,78.9,Medium
KOL-BL-OCC01675,2024-10-25,20:44,KOL010,1920,1838,95.8,High
KOL-BL-OCC01676,2024-10-25,09:48,KOL016,1920,1855,96.6,High
KOL-BL-OCC01676,2024-10-25,09:48,KOL020,1920,1663,86.6,High
KOL-BL-OCC01676,2024-10-25,09:28,KOL022,1920,1379,71.9,Medium
KOL-BL-OCC01677,2024-10-25,12:27,KOL007,1920,296,15.5,Low
KOL-BL-OCC01677,2024-10-25,12:42,KOL021,1920,679,35.4,Low
KOL-BL-OCC01677,2024-10-25,12:48,KOL011,1920,711,37.1,Low
KOL-BL-OCC01677,2024-10-25,12:12,KOL006,1920,422,22.0,Low
KOL-BL-OCC01677,2024-10-25,12:33,KOL014,1920,616,32.1,Low
KOL-BL-OCC01677,2024-10-25,12:43,KOL026,1920,600,31.3,Low
KOL-BL-OCC01678,2024-10-29,09:25,KOL019,1800,1668,92.7,High
KOL-BL-OCC01678,2024-10-29,09:54,KOL014,1800,2194,121.9,Critical
KOL-BL-OCC01678,2024-10-29,09:22,KOL003,1800,1284,71.4,Medium
KOL-BL-OCC01678,2024-10-29,09:20,KOL006,1800,1419,78.9,Medium
KOL-BL-OCC01679,2024-10-29,19:29,KOL003,1800,833,46.3,Medium
KOL-BL-OCC01679,2024-10-29,19:36,KOL013,1800,1577,87.6,High
KOL-BL-OCC01679,2024-10-29,19:18,KOL022,1800,1413,78.5,Medium
KOL-BL-OCC01679,2024-10-29,19:50,KOL016,1800,1483,82.4,High
KOL-BL-OCC01679,2024-10-29,19:00,KOL004,1800,1974,109.7,Critical
KOL-BL-OCC01680,2024-10-29,18:08,KOL015,1920,1612,84.0,High
KOL-BL-OCC01680,2024-10-29,18:43,KOL020,1920,2146,111.8,Critical
KOL-BL-OCC01680,2024-10-29,18:45,KOL016,1920,1628,84.8,High
KOL-BL-OCC01680,2024-10-29,18:26,KOL012,1920,1700,88.6,High
KOL-BL-OCC01681,2024-11-02,10:50,KOL021,1920,1808,94.2,High
KOL-BL-OCC01681,2024-11-02,10:38,KOL017,1920,1136,59.2,Medium
KOL-BL-OCC01681,2024-11-02,10:31,KOL012,1920,846,44.1,Low
KOL-BL-OCC01682,2024-11-02,14:18,KOL012,960,239,24.9,Low
KOL-BL-OCC01682,2024-11-02,14:50,KOL005,960,180,18.8,Low
KOL-BL-OCC01682,2024-11-02,14:37,KOL021,960,273,28.4,Low
KOL-BL-OCC01682,2024-11-02,14:08,KOL014,960,332,34.6,Low
KOL-BL-OCC01683,2024-11-02,09:42,KOL011,1800,1255,69.8,Medium
KOL-BL-OCC01683,2024-11-02,09:43,KOL003,1800,1722,95.7,High
KOL-BL-OCC01683,2024-11-02,09:31,KOL023,1800,1473,81.8,High
KOL-BL-OCC01683,2024-11-02,09:01,KOL004,1800,1780,98.9,High
KOL-BL-OCC01683,2024-11-02,09:07,KOL022,1800,1234,68.6,Medium
KOL-BL-OCC01683,2024-11-02,09:22,KOL006,1800,1599,88.9,High
KOL-BL-OCC01684,2024-11-06,08:09,KOL009,1800,1364,75.8,Medium
KOL-BL-OCC01684,2024-11-06,08:17,KOL022,1800,1279,71.1,Medium
KOL-BL-OCC01684,2024-11-06,08:31,KOL002,1800,1253,69.7,Medium
KOL-BL-OCC01685,2024-11-06,23:34,KOL013,1920,342,17.9,Low
KOL-BL-OCC01685,2024-11-06,23:30,KOL017,1920,235,12.3,Low
KOL-BL-OCC01685,2024-11-06,23:58,KOL015,1920,444,23.1,Low
KOL-BL-OCC01685,2024-11-06,23:43,KOL011,1920,203,10.6,Low
KOL-BL-OCC01686,2024-11-06,08:18,KOL003,1920,2289,119.3,Critical
KOL-BL-OCC01686,2024-11-06,08:30,KOL020,1920,2014,104.9,High
KOL-BL-OCC01686,2024-11-06,08:47,KOL021,1920,1235,64.4,Medium
KOL-BL-OCC01686,2024-11-06,08:13,KOL016,1920,2209,115.1,Critical
KOL-BL-OCC01687,2024-11-10,13:10,KOL022,960,143,15.0,Low
KOL-BL-OCC01687,2024-11-10,13:45,KOL003,960,296,30.9,Low
KOL-BL-OCC01687,2024-11-10,13:36,KOL006,960,210,21.9,Low
KOL-BL-OCC01688,2024-11-10,21:47,KOL020,1800,867,48.2,Medium
KOL-BL-OCC01688,2024-11-10,21:58,KOL026,1800,644,35.8,Low
KOL-BL-OCC01688,2024-11-10,21:23,KOL025,1800,690,38.4,Low
KOL-BL-OCC01689,2024-11-10,13:04,KOL017,1920,344,17.9,Low
KOL-BL-OCC01689,2024-11-10,13:30,KOL021,1920,607,31.6,Low
KOL-BL-OCC01689,2024-11-10,13:09,KOL019,1920,434,22.6,Low
KOL-BL-OCC01690,2024-11-14,19:58,KOL025,900,859,95.5,High
KOL-BL-OCC01690,2024-11-14,19:54,KOL007,900,1062,118.1,Critical
KOL-BL-OCC01690,2024-11-14,19:55,KOL011,900,567,63.1,Medium
KOL-BL-OCC01690,2024-11-14,19:20,KOL019,900,777,86.4,High
KOL-BL-OCC01691,2024-11-14,14:36,KOL002,1800,679,37.7,Low
KOL-BL-OCC01691,2024-11-14,14:36,KOL022,1800,337,18.7,Low
KOL-BL-OCC01691,2024-11-14,14:26,KOL024,1800,562,31.3,Low
KOL-BL-OCC01691,2024-11-14,14:45,KOL014,1800,605,33.6,Low
KOL-BL-OCC01692,2024-11-14,13:53,KOL025,1800,411,22.9,Low
KOL-BL-OCC01692,2024-11-14,13:19,KOL009,1800,678,37.7,Low
KOL-BL-OCC01692,2024-11-14,13:59,KOL012,1800,253,14.1,Low
KOL-BL-OCC01692,2024-11-14,13:45,KOL017,1800,400,22.2,Low
KOL-BL-OCC01692,2024-11-14,13:19,KOL001,1800,754,41.9,Low
KOL-BL-OCC01693,2024-11-18,06:24,KOL024,1800,388,21.6,Low
KOL-BL-OCC01693,2024-11-18,06:47,KOL005,1800,560,31.1,Low
KOL-BL-OCC01693,2024-11-18,06:24,KOL002,1800,330,18.4,Low
KOL-BL-OCC01693,2024-11-18,06:10,KOL026,1800,274,15.3,Low
KOL-BL-OCC01694,2024-11-18,14:57,KOL002,960,328,34.2,Low
KOL-BL-OCC01694,2024-11-18,14:32,KOL025,960,237,24.7,Low
KOL-BL-OCC01694,2024-11-18,14:40,KOL018,960,346,36.1,Low
KOL-BL-OCC01694,2024-11-18,14:13,KOL015,960,449,46.9,Medium
KOL-BL-OCC01694,2024-11-18,14:49,KOL001,960,406,42.4,Low
KOL-BL-OCC01695,2024-11-18,05:24,KOL021,960,99,10.4,Low
KOL-BL-OCC01695,2024-11-18,05:25,KOL016,960,77,8.0,Low
KOL-BL-OCC01695,2024-11-18,05:53,KOL004,960,116,12.2,Low
KOL-BL-OCC01695,2024-11-18,05:58,KOL015,960,108,11.3,Low
KOL-BL-OCC01695,2024-11-18,05:52,KOL002,960,67,7.1,Low
KOL-BL-OCC01695,2024-11-18,05:24,KOL026,960,72,7.6,Low
KOL-BL-OCC01696,2024-11-22,21:23,KOL013,1800,676,37.6,Low
KOL-BL-OCC01696,2024-11-22,21:22,KOL024,1800,1017,56.5,Medium
KOL-BL-OCC01696,2024-11-22,21:33,KOL016,1800,1035,57.5,Medium
KOL-BL-OCC01697,2024-11-22,18:06,KOL016,900,779,86.6,High
KOL-BL-OCC01697,2024-11-22,18:46,KOL007,900,783,87.1,High
KOL-BL-OCC01697,2024-11-22,18:21,KOL021,900,597,66.4,Medium
KOL-BL-OCC01697,2024-11-22,18:35,KOL025,900,636,70.8,Medium
KOL-BL-OCC01697,2024-11-22,18:30,KOL002,900,1006,111.8,Critical
KOL-BL-OCC01698,2024-11-22,06:59,KOL003,1920,660,34.4,Low
KOL-BL-OCC01698,2024-11-22,06:48,KOL022,1920,467,24.3,Low
KOL-BL-OCC01698,2024-11-22,06:46,KOL002,1920,420,21.9,Low
KOL-BL-OCC01698,2024-11-22,06:04,KOL011,1920,692,36.0,Low
KOL-BL-OCC01698,2024-11-22,06:03,KOL013,1920,287,15.0,Low
KOL-BL-OCC01698,2024-11-22,06:37,KOL004,1920,395,20.6,Low
KOL-BL-OCC01699,2024-11-26,22:09,KOL017,900,204,22.8,Low
KOL-BL-OCC01699,2024-11-26,22:42,KOL025,900,273,30.4,Low
KOL-BL-OCC01699,2024-11-26,22:01,KOL007,900,229,25.5,Low
KOL-BL-OCC01699,2024-11-26,22:22,KOL005,900,336,37.4,Low
KOL-BL-OCC01699,2024-11-26,22:56,KOL006,900,244,27.2,Low
KOL-BL-OCC01700,2024-11-26,20:15,KOL022,1920,1131,58.9,Medium
KOL-BL-OCC01700,2024-11-26,20:31,KOL015,1920,1649,85.9,High
KOL-BL-OCC01700,2024-11-26,20:30,KOL021,1920,1718,89.5,High
KOL-BL-OCC01701,2024-11-26,19:09,KOL020,1800,2234,124.1,Critical
KOL-BL-OCC01701,2024-11-26,19:22,KOL001,1800,1329,73.9,Medium
KOL-BL-OCC01701,2024-11-26,19:22,KOL025,1800,2134,118.6,Critical
KOL-BL-OCC01701,2024-11-26,19:09,KOL010,1800,1308,72.7,Medium
KOL-BL-OCC01701,2024-11-26,19:04,KOL018,1800,2009,111.6,Critical
KOL-BL-OCC01701,2024-11-26,19:55,KOL011,1800,1312,72.9,Medium
KOL-BL-OCC01702,2024-11-30,06:03,KOL025,1920,405,21.1,Low
KOL-BL-OCC01702,2024-11-30,06:17,KOL026,1920,350,18.2,Low
KOL-BL-OCC01702,2024-11-30,06:34,KOL009,1920,524,27.3,Low
KOL-BL-OCC01702,2024-11-30,06:19,KOL002,1920,403,21.0,Low
KOL-BL-OCC01703,2024-11-30,09:58,KOL003,900,768,85.4,High
KOL-BL-OCC01703,2024-11-30,09:54,KOL019,900,645,71.7,Medium
KOL-BL-OCC01703,2024-11-30,09:15,KOL015,900,1037,115.3,Critical
KOL-BL-OCC01703,2024-11-30,09:22,KOL007,900,670,74.5,Medium
KOL-BL-OCC01703,2024-11-30,09:33,KOL025,900,827,91.9,High
KOL-BL-OCC01703,2024-11-30,09:55,KOL017,900,648,72.1,Medium
KOL-BL-OCC01704,2024-11-30,14:25,KOL025,900,132,14.8,Low
KOL-BL-OCC01704,2024-11-30,14:19,KOL004,900,352,39.2,Low
KOL-BL-OCC01704,2024-11-30,14:18,KOL016,900,161,18.0,Low
KOL-BL-OCC01704,2024-11-30,14:25,KOL006,900,131,14.6,Low
KOL-BL-OCC01705,2024-12-04,23:42,KOL011,900,67,7.5,Low
KOL-BL-OCC01705,2024-12-04,23:56,KOL025,900,79,8.8,Low
KOL-BL-OCC01705,2024-12-04,23:22,KOL013,900,154,17.2,Low
KOL-BL-OCC01706,2024-12-04,08:25,KOL019,1800,1401,77.9,Medium
KOL-BL-OCC01706,2024-12-04,08:17,KOL021,1800,1419,78.9,Medium
KOL-BL-OCC01706,2024-12-04,08:26,KOL006,1800,1778,98.8,High
KOL-BL-OCC01706,2024-12-04,08:21,KOL001,1800,1034,57.5,Medium
KOL-BL-OCC01707,2024-12-04,19:10,KOL017,1920,2293,119.5,Critical
KOL-BL-OCC01707,2024-12-04,19:54,KOL021,1920,1444,75.2,Medium
KOL-BL-OCC01707,2024-12-04,19:43,KOL009,1920,932,48.6,Medium
KOL-BL-OCC01707,2024-12-04,19:33,KOL008,1920,2106,109.7,Critical
KOL-BL-OCC01707,2024-12-04,19:16,KOL022,1920,2059,107.3,Critical
KOL-BL-OCC01707,2024-12-04,19:28,KOL004,1920,1708,89.0,High
KOL-BL-OCC01708,2024-12-08,18:50,KOL023,960,641,66.9,Medium
KOL-BL-OCC01708,2024-12-08,18:36,KOL012,960,691,72.0,Medium
KOL-BL-OCC01708,2024-12-08,18:37,KOL003,960,605,63.0,Medium
KOL-BL-OCC01709,2024-12-08,08:11,KOL003,1800,2110,117.3,Critical
KOL-BL-OCC01709,2024-12-08,08:22,KOL018,1800,1753,97.4,High
KOL-BL-OCC01709,2024-12-08,08:25,KOL005,1800,1322,73.5,Medium
KOL-BL-OCC01709,2024-12-08,08:02,KOL008,1800,1191,66.2,Medium
KOL-BL-OCC01710,2024-12-08,10:30,KOL009,900,436,48.5,Medium
KOL-BL-OCC01710,2024-12-08,10:05,KOL022,900,488,54.3,Medium
KOL-BL-OCC01710,2024-12-08,10:20,KOL013,900,631,70.2,Medium
KOL-BL-OCC01710,2024-12-08,10:12,KOL024,900,622,69.1,Medium
KOL-BL-OCC01711,2024-12-12,09:50,KOL005,900,746,82.9,High
KOL-BL-OCC01711,2024-12-12,09:58,KOL009,900,870,96.7,High
KOL-BL-OCC01711,2024-12-12,09:10,KOL011,900,574,63.9,Medium
KOL-BL-OCC01711,2024-12-12,09:04,KOL003,900,833,92.7,High
KOL-BL-OCC01711,2024-12-12,09:51,KOL010,900,659,73.2,Medium
KOL-BL-OCC01711,2024-12-12,09:58,KOL017,900,670,74.5,Medium
KOL-BL-OCC01712,2024-12-12,09:30,KOL026,1800,1903,105.8,Critical
KOL-BL-OCC01712,2024-12-12,09:28,KOL012,1800,1933,107.4,Critical
KOL-BL-OCC01712,2024-12-12,09:08,KOL019,1800,1282,71.2,Medium
KOL-BL-OCC01712,2024-12-12,09:57,KOL022,1800,1323,73.5,Medium
KOL-BL-OCC01712,2024-12-12,09:12,KOL006,1800,1514,84.1,High
KOL-BL-OCC01713,2024-12-12,08:16,KOL006,900,781,86.8,High
KOL-BL-OCC01713,2024-12-12,08:38,KOL008,900,443,49.3,Medium
KOL-BL-OCC01713,2024-12-12,08:30,KOL011,900,867,96.3,High
KOL-BL-OCC01714,2024-12-16,20:03,KOL009,1920,541,28.2,Low
KOL-BL-OCC01714,2024-12-16,20:07,KOL023,1920,1457,75.9,Medium
KOL-BL-OCC01714,2024-12-16,20:19,KOL016,1920,1266,66.0,Medium
KOL-BL-OCC01714,2024-12-16,20:32,KOL014,1920,1867,97.3,High
KOL-BL-OCC01714,2024-12-16,20:58,KOL010,1920,1817,94.7,High
KOL-BL-OCC01715,2024-12-16,11:26,KOL012,1920,535,27.9,Low
KOL-BL-OCC01715,2024-12-16,11:04,KOL022,1920,416,21.7,Low
KOL-BL-OCC01715,2024-12-16,11:48,KOL020,1920,600,31.3,Low
KOL-BL-OCC01715,2024-12-16,11:29,KOL011,1920,681,35.5,Low
KOL-BL-OCC01715,2024-12-16,11:38,KOL013,1920,956,49.8,Medium
KOL-BL-OCC01716,2024-12-16,11:19,KOL023,960,296,30.9,Low
KOL-BL-OCC01716,2024-12-16,11:44,KOL020,960,251,26.2,Low
KOL-BL-OCC01716,2024-12-16,11:35,KOL002,960,370,38.6,Low
KOL-BL-OCC01716,2024-12-16,11:36,KOL010,960,544,56.7,Medium
KOL-BL-OCC01716,2024-12-16,11:03,KOL025,960,351,36.6,Low
KOL-BL-OCC01717,2024-12-20,18:32,KOL020,1800,1164,64.7,Medium
KOL-BL-OCC01717,2024-12-20,18:07,KOL014,1800,1743,96.8,High
KOL-BL-OCC01717,2024-12-20,18:36,KOL004,1800,1412,78.4,Medium
KOL-BL-OCC01717,2024-12-20,18:03,KOL008,1800,1753,97.4,High
KOL-BL-OCC01717,2024-12-20,18:45,KOL009,1800,1291,71.7,Medium
KOL-BL-OCC01718,2024-12-20,18:58,KOL011,1800,1962,109.0,Critical
KOL-BL-OCC01718,2024-12-20,18:01,KOL005,1800,1519,84.4,High
KOL-BL-OCC01718,2024-12-20,18:51,KOL001,1800,1449,80.5,High
KOL-BL-OCC01719,2024-12-20,19:37,KOL017,1800,1370,76.2,Medium
KOL-BL-OCC01719,2024-12-20,19:04,KOL010,1800,2240,124.5,Critical
KOL-BL-OCC01719,2024-12-20,19:45,KOL001,1800,2169,120.5,Critical
KOL-BL-OCC01720,2024-12-24,10:34,KOL017,1800,927,51.5,Medium
KOL-BL-OCC01720,2024-12-24,10:31,KOL013,1800,1491,82.9,High
KOL-BL-OCC01720,2024-12-24,10:36,KOL024,1800,1072,59.6,Medium
KOL-BL-OCC01720,2024-12-24,10:28,KOL002,1800,1604,89.1,High
KOL-BL-OCC01720,2024-12-24,10:09,KOL007,1800,1035,57.5,Medium
KOL-BL-OCC01721,2024-12-24,11:26,KOL021,1800,728,40.5,Low
KOL-BL-OCC01721,2024-12-24,11:25,KOL017,1800,646,35.9,Low
KOL-BL-OCC01721,2024-12-24,11:20,KOL001,1800,1114,61.9,Medium
KOL-BL-OCC01722,2024-12-24,13:44,KOL008,1800,621,34.5,Low
KOL-BL-OCC01722,2024-12-24,13:13,KOL009,1800,872,48.5,Medium
KOL-BL-OCC01722,2024-12-24,13:27,KOL005,1800,370,20.6,Low
KOL-BL-OCC01723,2024-12-28,23:57,KOL015,1920,479,25.0,Low
KOL-BL-OCC01723,2024-12-28,23:02,KOL003,1920,197,10.3,Low
KOL-BL-OCC01723,2024-12-28,23:06,KOL024,1920,431,22.4,Low
KOL-BL-OCC01723,2024-12-28,23:09,KOL010,1920,842,43.9,Low
KOL-BL-OCC01723,2024-12-28,23:23,KOL021,1920,447,23.3,Low
KOL-BL-OCC01724,2024-12-28,10:28,KOL020,1920,1031,53.7,Medium
KOL-BL-OCC01724,2024-12-28,10:16,KOL008,1920,1901,99.0,High
KOL-BL-OCC01724,2024-12-28,10:17,KOL001,1920,1870,97.4,High
KOL-BL-OCC01724,2024-12-28,10:55,KOL026,1920,1189,61.9,Medium
KOL-BL-OCC01724,2024-12-28,10:42,KOL011,1920,554,28.9,Low
KOL-BL-OCC01724,2024-12-28,10:13,KOL014,1920,1283,66.8,Medium
KOL-BL-OCC01725,2024-12-28,09:32,KOL004,900,836,93.0,High
KOL-BL-OCC01725,2024-12-28,09:16,KOL007,900,805,89.5,High
KOL-BL-OCC01725,2024-12-28,09:17,KOL017,900,675,75.1,Medium
KOL-BL-OCC01725,2024-12-28,09:52,KOL022,900,600,66.7,Medium
KOL-BL-OCC01725,2024-12-28,09:02,KOL019,900,671,74.6,Medium
KOL-BL-OCC01725,2024-12-28,09:41,KOL018,900,938,104.2,High
KOL-GR-OCC01726,2024-10-01,09:05,KOL027,900,795,88.4,High
KOL-GR-OCC01726,2024-10-01,09:13,KOL012,900,900,100.0,High
KOL-GR-OCC01726,2024-10-01,09:47,KOL033,900,989,109.9,Critical
KOL-GR-OCC01726,2024-10-01,09:09,KOL030,900,1065,118.4,Critical
KOL-GR-OCC01726,2024-10-01,09:46,KOL029,900,959,106.6,Critical
KOL-GR-OCC01727,2024-10-01,11:16,KOL027,1920,503,26.2,Low
KOL-GR-OCC01727,2024-10-01,11:02,KOL034,1920,1684,87.7,High
KOL-GR-OCC01727,2024-10-01,11:39,KOL028,1920,411,21.5,Low
KOL-GR-OCC01727,2024-10-01,11:31,KOL035,1920,445,23.2,Low
KOL-GR-OCC01727,2024-10-01,11:52,KOL033,1920,901,47.0,Medium
KOL-GR-OCC01727,2024-10-01,11:17,KOL029,1920,1422,74.1,Medium
KOL-GR-OCC01728,2024-10-01,17:22,KOL033,1920,1497,78.0,Medium
KOL-GR-OCC01728,2024-10-01,17:13,KOL034,1920,1581,82.3,High
KOL-GR-OCC01728,2024-10-01,17:29,KOL037,1920,1351,70.4,Medium
KOL-GR-OCC01728,2024-10-01,17:54,KOL036,1920,973,50.7,Medium
KOL-GR-OCC01729,2024-10-05,20:58,KOL032,1920,663,34.6,Low
KOL-GR-OCC01729,2024-10-05,20:34,KOL028,1920,1635,85.2,High
KOL-GR-OCC01729,2024-10-05,20:51,KOL035,1920,1623,84.5,High
KOL-GR-OCC01729,2024-10-05,20:05,KOL030,1920,1533,79.8,Medium
KOL-GR-OCC01730,2024-10-05,21:45,KOL033,1920,721,37.6,Low
KOL-GR-OCC01730,2024-10-05,21:56,KOL034,1920,1350,70.3,Medium
KOL-GR-OCC01730,2024-10-05,21:59,KOL037,1920,1088,56.7,Medium
KOL-GR-OCC01731,2024-10-05,10:10,KOL027,900,373,41.5,Low
KOL-GR-OCC01731,2024-10-05,10:19,KOL032,900,435,48.4,Medium
KOL-GR-OCC01731,2024-10-05,10:19,KOL029,900,662,73.6,Medium
KOL-GR-OCC01731,2024-10-05,10:53,KOL035,900,520,57.8,Medium
KOL-GR-OCC01731,2024-10-05,10:55,KOL036,900,755,83.9,High
KOL-GR-OCC01731,2024-10-05,10:40,KOL030,900,569,63.3,Medium
KOL-GR-OCC01732,2024-10-09,20:14,KOL031,1920,1370,71.4,Medium
KOL-GR-OCC01732,2024-10-09,20:34,KOL027,1920,1668,86.9,High
KOL-GR-OCC01732,2024-10-09,20:59,KOL035,1920,1156,60.2,Medium
KOL-GR-OCC01732,2024-10-09,20:12,KOL034,1920,2071,107.9,Critical
KOL-GR-OCC01732,2024-10-09,20:48,KOL012,1920,1393,72.6,Medium
KOL-GR-OCC01732,2024-10-09,20:46,KOL030,1920,1721,89.7,High
KOL-GR-OCC01733,2024-10-09,17:35,KOL030,1920,1227,63.9,Medium
KOL-GR-OCC01733,2024-10-09,17:43,KOL036,1920,1605,83.6,High
KOL-GR-OCC01733,2024-10-09,17:17,KOL033,1920,1183,61.6,Medium
KOL-GR-OCC01733,2024-10-09,17:21,KOL032,1920,1281,66.7,Medium
KOL-GR-OCC01734,2024-10-09,08:10,KOL012,960,734,76.5,Medium
KOL-GR-OCC01734,2024-10-09,08:14,KOL036,960,895,93.2,High
KOL-GR-OCC01734,2024-10-09,08:42,KOL033,960,760,79.2,Medium
KOL-GR-OCC01735,2024-10-13,19:48,KOL031,1920,1718,89.5,High
KOL-GR-OCC01735,2024-10-13,19:52,KOL034,1920,2243,116.9,Critical
KOL-GR-OCC01735,2024-10-13,19:37,KOL035,1920,1507,78.5,Medium
KOL-GR-OCC01736,2024-10-13,06:33,KOL012,960,207,21.6,Low
KOL-GR-OCC01736,2024-10-13,06:17,KOL034,960,586,61.1,Medium
KOL-GR-OCC01736,2024-10-13,06:29,KOL030,960,225,23.4,Low
KOL-GR-OCC01736,2024-10-13,06:25,KOL036,960,199,20.8,Low
KOL-GR-OCC01736,2024-10-13,06:32,KOL033,960,217,22.6,Low
KOL-GR-OCC01737,2024-10-13,14:08,KOL027,1920,287,15.0,Low
KOL-GR-OCC01737,2024-10-13,14:44,KOL032,1920,778,40.5,Low
KOL-GR-OCC01737,2024-10-13,14:48,KOL035,1920,452,23.6,Low
KOL-GR-OCC01737,2024-10-13,14:37,KOL030,1920,928,48.4,Medium
KOL-GR-OCC01737,2024-10-13,14:57,KOL012,1920,334,17.4,Low
KOL-GR-OCC01737,2024-10-13,14:01,KOL029,1920,1026,53.5,Medium
KOL-GR-OCC01738,2024-10-17,17:43,KOL032,1920,1252,65.3,Medium
KOL-GR-OCC01738,2024-10-17,17:52,KOL028,1920,913,47.6,Medium
KOL-GR-OCC01738,2024-10-17,17:10,KOL027,1920,874,45.6,Medium
KOL-GR-OCC01738,2024-10-17,17:19,KOL035,1920,1289,67.2,Medium
KOL-GR-OCC01738,2024-10-17,17:21,KOL036,1920,1036,54.0,Medium
KOL-GR-OCC01738,2024-10-17,17:38,KOL012,1920,1409,73.4,Medium
KOL-GR-OCC01739,2024-10-17,20:04,KOL028,1800,1631,90.7,High
KOL-GR-OCC01739,2024-10-17,20:11,KOL033,1800,1638,91.0,High
KOL-GR-OCC01739,2024-10-17,20:06,KOL030,1800,1443,80.2,High
KOL-GR-OCC01739,2024-10-17,20:50,KOL037,1800,1608,89.4,High
KOL-GR-OCC01739,2024-10-17,20:31,KOL034,1800,1354,75.3,Medium
KOL-GR-OCC01739,2024-10-17,20:00,KOL031,1800,1132,62.9,Medium
KOL-GR-OCC01740,2024-10-17,19:40,KOL032,1920,923,48.1,Medium
KOL-GR-OCC01740,2024-10-17,19:24,KOL036,1920,2077,108.2,Critical
KOL-GR-OCC01740,2024-10-17,19:50,KOL031,1920,1787,93.1,High
KOL-GR-OCC01740,2024-10-17,19:12,KOL012,1920,2156,112.3,Critical
KOL-GR-OCC01741,2024-10-21,22:38,KOL034,1920,970,50.6,Medium
KOL-GR-OCC01741,2024-10-21,22:23,KOL032,1920,164,8.6,Low
KOL-GR-OCC01741,2024-10-21,22:09,KOL029,1920,1265,65.9,Medium
KOL-GR-OCC01742,2024-10-21,09:11,KOL031,900,851,94.6,High
KOL-GR-OCC01742,2024-10-21,09:17,KOL027,900,637,70.8,Medium
KOL-GR-OCC01742,2024-10-21,09:28,KOL028,900,718,79.8,Medium
KOL-GR-OCC01742,2024-10-21,09:52,KOL030,900,990,110.1,Critical
KOL-GR-OCC01742,2024-10-21,09:42,KOL037,900,1004,111.6,Critical
KOL-GR-OCC01742,2024-10-21,09:37,KOL034,900,1033,114.8,Critical
KOL-GR-OCC01743,2024-10-21,08:21,KOL030,1920,1833,95.5,High
KOL-GR-OCC01743,2024-10-21,08:45,KOL012,1920,1987,103.5,High
KOL-GR-OCC01743,2024-10-21,08:38,KOL036,1920,1135,59.2,Medium
KOL-GR-OCC01743,2024-10-21,08:30,KOL029,1920,1600,83.4,High
KOL-GR-OCC01744,2024-10-25,19:28,KOL035,1800,1830,101.7,High
KOL-GR-OCC01744,2024-10-25,19:20,KOL033,1800,1652,91.8,High
KOL-GR-OCC01744,2024-10-25,19:31,KOL030,1800,2103,116.9,Critical
KOL-GR-OCC01745,2024-10-25,15:49,KOL012,1920,603,31.5,Low
KOL-GR-OCC01745,2024-10-25,15:29,KOL032,1920,1493,77.8,Medium
KOL-GR-OCC01745,2024-10-25,15:31,KOL033,1920,613,32.0,Low
KOL-GR-OCC01745,2024-10-25,15:06,KOL036,1920,901,47.0,Medium
KOL-GR-OCC01746,2024-10-25,16:01,KOL033,900,475,52.8,Medium
KOL-GR-OCC01746,2024-10-25,16:43,KOL036,900,327,36.4,Low
KOL-GR-OCC01746,2024-10-25,16:06,KOL031,900,384,42.8,Low
KOL-GR-OCC01746,2024-10-25,16:44,KOL037,900,270,30.1,Low
KOL-GR-OCC01747,2024-10-29,20:20,KOL036,960,881,91.8,High
KOL-GR-OCC01747,2024-10-29,20:20,KOL035,960,626,65.3,Medium
KOL-GR-OCC01747,2024-10-29,20:51,KOL027,960,934,97.3,High
KOL-GR-OCC01747,2024-10-29,20:28,KOL012,960,823,85.7,High
KOL-GR-OCC01748,2024-10-29,19:27,KOL032,900,416,46.3,Medium
KOL-GR-OCC01748,2024-10-29,19:58,KOL028,900,969,107.7,Critical
KOL-GR-OCC01748,2024-10-29,19:38,KOL033,900,977,108.6,Critical
KOL-GR-OCC01748,2024-10-29,19:21,KOL036,900,957,106.4,Critical
KOL-GR-OCC01748,2024-10-29,19:31,KOL035,900,639,71.1,Medium
KOL-GR-OCC01749,2024-10-29,08:26,KOL033,900,668,74.3,Medium
KOL-GR-OCC01749,2024-10-29,08:30,KOL028,900,932,103.7,High
KOL-GR-OCC01749,2024-10-29,08:25,KOL032,900,998,111.0,Critical
KOL-GR-OCC01749,2024-10-29,08:32,KOL035,900,1038,115.4,Critical
KOL-GR-OCC01749,2024-10-29,08:10,KOL012,900,947,105.2,Critical
KOL-GR-OCC01750,2024-11-02,08:26,KOL027,1920,1782,92.8,High
KOL-GR-OCC01750,2024-11-02,08:29,KOL028,1920,1663,86.6,High
KOL-GR-OCC01750,2024-11-02,08:07,KOL030,1920,1248,65.0,Medium
KOL-GR-OCC01751,2024-11-02,23:28,KOL032,1920,231,12.1,Low
KOL-GR-OCC01751,2024-11-02,23:18,KOL033,1920,271,14.1,Low
KOL-GR-OCC01751,2024-11-02,23:14,KOL035,1920,175,9.1,Low
KOL-GR-OCC01751,2024-11-02,23:56,KOL028,1920,202,10.6,Low
KOL-GR-OCC01751,2024-11-02,23:24,KOL034,1920,694,36.2,Low
KOL-GR-OCC01752,2024-11-02,15:04,KOL034,1920,1348,70.3,Medium
KOL-GR-OCC01752,2024-11-02,15:12,KOL032,1920,1585,82.6,High
KOL-GR-OCC01752,2024-11-02,15:13,KOL036,1920,568,29.6,Low
KOL-GR-OCC01752,2024-11-02,15:44,KOL031,1920,695,36.2,Low
KOL-GR-OCC01752,2024-11-02,15:56,KOL027,1920,604,31.5,Low
KOL-GR-OCC01753,2024-11-06,10:36,KOL033,1920,1670,87.0,High
KOL-GR-OCC01753,2024-11-06,10:46,KOL036,1920,1917,99.9,High
KOL-GR-OCC01753,2024-11-06,10:31,KOL031,1920,759,39.6,Low
KOL-GR-OCC01753,2024-11-06,10:17,KOL012,1920,1111,57.9,Medium
KOL-GR-OCC01753,2024-11-06,10:24,KOL028,1920,882,45.9,Medium
KOL-GR-OCC01754,2024-11-06,21:15,KOL030,1920,1047,54.6,Medium
KOL-GR-OCC01754,2024-11-06,21:57,KOL034,1920,1628,84.8,High
KOL-GR-OCC01754,2024-11-06,21:38,KOL031,1920,748,39.0,Low
KOL-GR-OCC01754,2024-11-06,21:25,KOL012,1920,730,38.0,Low
KOL-GR-OCC01754,2024-11-06,21:55,KOL029,1920,1272,66.3,Medium
KOL-GR-OCC01755,2024-11-06,14:43,KOL034,1800,1292,71.8,Medium
KOL-GR-OCC01755,2024-11-06,14:10,KOL036,1800,876,48.7,Medium
KOL-GR-OCC01755,2024-11-06,14:19,KOL032,1800,704,39.1,Low
KOL-GR-OCC01755,2024-11-06,14:08,KOL029,1800,1366,75.9,Medium
KOL-GR-OCC01755,2024-11-06,14:07,KOL033,1800,854,47.5,Medium
KOL-GR-OCC01756,2024-11-10,08:56,KOL035,900,766,85.2,High
KOL-GR-OCC01756,2024-11-10,08:02,KOL036,900,613,68.2,Medium
KOL-GR-OCC01756,2024-11-10,08:14,KOL028,900,871,96.8,High
KOL-GR-OCC01756,2024-11-10,08:50,KOL033,900,738,82.1,High
KOL-GR-OCC01756,2024-11-10,08:01,KOL031,900,1023,113.7,Critical
KOL-GR-OCC01756,2024-11-10,08:19,KOL027,900,983,109.3,Critical
KOL-GR-OCC01757,2024-11-10,20:17,KOL027,1800,1355,75.3,Medium
KOL-GR-OCC01757,2024-11-10,20:18,KOL035,1800,1773,98.5,High
KOL-GR-OCC01757,2024-11-10,20:42,KOL032,1800,403,22.4,Low
KOL-GR-OCC01758,2024-11-10,19:06,KOL029,1800,1481,82.3,High
KOL-GR-OCC01758,2024-11-10,19:36,KOL031,1800,1587,88.2,High
KOL-GR-OCC01758,2024-11-10,19:09,KOL012,1800,1683,93.5,High
KOL-GR-OCC01759,2024-11-14,17:53,KOL027,900,561,62.4,Medium
KOL-GR-OCC01759,2024-11-14,17:17,KOL030,900,478,53.2,Medium
KOL-GR-OCC01759,2024-11-14,17:42,KOL035,900,388,43.2,Low
KOL-GR-OCC01759,2024-11-14,17:07,KOL033,900,441,49.1,Medium
KOL-GR-OCC01759,2024-11-14,17:03,KOL031,900,521,57.9,Medium
KOL-GR-OCC01760,2024-11-14,19:05,KOL037,1920,2351,122.5,Critical
KOL-GR-OCC01760,2024-11-14,19:13,KOL035,1920,1559,81.2,High
KOL-GR-OCC01760,2024-11-14,19:55,KOL031,1920,2231,116.2,Critical
KOL-GR-OCC01761,2024-11-14,06:23,KOL012,1800,492,27.4,Low
KOL-GR-OCC01761,2024-11-14,06:16,KOL027,1800,513,28.5,Low
KOL-GR-OCC01761,2024-11-14,06:51,KOL031,1800,570,31.7,Low
KOL-GR-OCC01762,2024-11-18,08:07,KOL032,1920,1820,94.8,High
KOL-GR-OCC01762,2024-11-18,08:37,KOL027,1920,2037,106.1,Critical
KOL-GR-OCC01762,2024-11-18,08:49,KOL036,1920,1793,93.4,High
KOL-GR-OCC01762,2024-11-18,08:11,KOL037,1920,1368,71.3,Medium
KOL-GR-OCC01762,2024-11-18,08:53,KOL012,1920,2082,108.5,Critical
KOL-GR-OCC01763,2024-11-18,07:25,KOL032,900,473,52.6,Medium
KOL-GR-OCC01763,2024-11-18,07:15,KOL033,900,342,38.1,Low
KOL-GR-OCC01763,2024-11-18,07:53,KOL029,900,758,84.3,High
KOL-GR-OCC01763,2024-11-18,07:59,KOL035,900,635,70.7,Medium
KOL-GR-OCC01763,2024-11-18,07:34,KOL028,900,501,55.8,Medium
KOL-GR-OCC01764,2024-11-18,19:17,KOL028,1800,2103,116.9,Critical
KOL-GR-OCC01764,2024-11-18,19:04,KOL037,1800,1525,84.8,High
KOL-GR-OCC01764,2024-11-18,19:58,KOL036,1800,1929,107.2,Critical
KOL-GR-OCC01764,2024-11-18,19:06,KOL034,1800,1681,93.4,High
KOL-GR-OCC01765,2024-11-22,16:19,KOL031,1920,603,31.4,Low
KOL-GR-OCC01765,2024-11-22,16:06,KOL032,1920,1853,96.5,High
KOL-GR-OCC01765,2024-11-22,16:56,KOL037,1920,748,39.0,Low
KOL-GR-OCC01766,2024-11-22,22:01,KOL033,1920,667,34.8,Low
KOL-GR-OCC01766,2024-11-22,22:39,KOL034,1920,851,44.4,Low
KOL-GR-OCC01766,2024-11-22,22:51,KOL029,1920,1240,64.6,Medium
KOL-GR-OCC01766,2024-11-22,22:42,KOL036,1920,534,27.8,Low
KOL-GR-OCC01767,2024-11-22,20:28,KOL035,1800,1039,57.8,Medium
KOL-GR-OCC01767,2024-11-22,20:12,KOL034,1800,1732,96.3,High
KOL-GR-OCC01767,2024-11-22,20:37,KOL029,1800,1949,108.3,Critical
KOL-GR-OCC01767,2024-11-22,20:22,KOL030,1800,1333,74.1,Medium
KOL-GR-OCC01768,2024-11-26,15:03,KOL033,1800,839,46.6,Medium
KOL-GR-OCC01768,2024-11-26,15:25,KOL012,1800,612,34.0,Low
KOL-GR-OCC01768,2024-11-26,15:47,KOL036,1800,559,31.1,Low
KOL-GR-OCC01769,2024-11-26,05:37,KOL032,1800,214,11.9,Low
KOL-GR-OCC01769,2024-11-26,05:08,KOL030,1800,200,11.2,Low
KOL-GR-OCC01769,2024-11-26,05:41,KOL027,1800,126,7.0,Low
KOL-GR-OCC01769,2024-11-26,05:54,KOL012,1800,152,8.4,Low
KOL-GR-OCC01769,2024-11-26,05:36,KOL035,1800,217,12.1,Low
KOL-GR-OCC01770,2024-11-26,21:31,KOL036,1920,1176,61.3,Medium
KOL-GR-OCC01770,2024-11-26,21:32,KOL037,1920,960,50.0,Medium
KOL-GR-OCC01770,2024-11-26,21:27,KOL029,1920,1260,65.7,Medium
KOL-GR-OCC01770,2024-11-26,21:14,KOL034,1920,1465,76.3,Medium
KOL-GR-OCC01770,2024-11-26,21:00,KOL028,1920,1074,55.9,Medium
KOL-GR-OCC01770,2024-11-26,21:46,KOL031,1920,820,42.7,Low
KOL-GR-OCC01771,2024-11-30,10:05,KOL029,1920,1365,71.1,Medium
KOL-GR-OCC01771,2024-11-30,10:39,KOL030,1920,1686,87.8,High
KOL-GR-OCC01771,2024-11-30,10:42,KOL037,1920,722,37.6,Low
KOL-GR-OCC01771,2024-11-30,10:03,KOL032,1920,766,39.9,Low
KOL-GR-OCC01771,2024-11-30,10:27,KOL031,1920,889,46.3,Medium
KOL-GR-OCC01771,2024-11-30,10:16,KOL036,1920,1470,76.6,Medium
KOL-GR-OCC01772,2024-11-30,19:17,KOL032,1800,546,30.4,Low
KOL-GR-OCC01772,2024-11-30,19:46,KOL027,1800,1750,97.2,High
KOL-GR-OCC01772,2024-11-30,19:35,KOL028,1800,1437,79.9,Medium
KOL-GR-OCC01773,2024-11-30,09:03,KOL036,1800,1817,101.0,High
KOL-GR-OCC01773,2024-11-30,09:55,KOL031,1800,1154,64.2,Medium
KOL-GR-OCC01773,2024-11-30,09:26,KOL037,1800,1397,77.6,Medium
KOL-GR-OCC01773,2024-11-30,09:50,KOL035,1800,1354,75.2,Medium
KOL-GR-OCC01773,2024-11-30,09:29,KOL030,1800,1779,98.9,High
KOL-GR-OCC01773,2024-11-30,09:58,KOL034,1800,1616,89.8,High
KOL-GR-OCC01774,2024-12-04,20:55,KOL035,1920,1488,77.5,Medium
KOL-GR-OCC01774,2024-12-04,20:06,KOL027,1920,1488,77.5,Medium
KOL-GR-OCC01774,2024-12-04,20:19,KOL028,1920,1528,79.6,Medium
KOL-GR-OCC01774,2024-12-04,20:30,KOL012,1920,1437,74.8,Medium
KOL-GR-OCC01774,2024-12-04,20:59,KOL031,1920,1524,79.4,Medium
KOL-GR-OCC01775,2024-12-04,06:29,KOL036,1800,386,21.5,Low
KOL-GR-OCC01775,2024-12-04,06:48,KOL030,1800,354,19.7,Low
KOL-GR-OCC01775,2024-12-04,06:18,KOL032,1800,560,31.1,Low
KOL-GR-OCC01776,2024-12-04,06:52,KOL028,1920,588,30.7,Low
KOL-GR-OCC01776,2024-12-04,06:27,KOL012,1920,552,28.8,Low
KOL-GR-OCC01776,2024-12-04,06:12,KOL033,1920,307,16.0,Low
KOL-GR-OCC01776,2024-12-04,06:11,KOL037,1920,597,31.1,Low
KOL-GR-OCC01777,2024-12-08,14:33,KOL036,1800,708,39.4,Low
KOL-GR-OCC01777,2024-12-08,14:54,KOL012,1800,268,14.9,Low
KOL-GR-OCC01777,2024-12-08,14:30,KOL032,1800,904,50.3,Medium
KOL-GR-OCC01777,2024-12-08,14:40,KOL029,1800,1545,85.8,High
KOL-GR-OCC01777,2024-12-08,14:54,KOL030,1800,707,39.3,Low
KOL-GR-OCC01778,2024-12-08,06:23,KOL034,1800,962,53.5,Medium
KOL-GR-OCC01778,2024-12-08,06:47,KOL029,1800,1390,77.3,Medium
KOL-GR-OCC01778,2024-12-08,06:34,KOL027,1800,533,29.7,Low
KOL-GR-OCC01779,2024-12-08,10:35,KOL034,900,790,87.9,High
KOL-GR-OCC01779,2024-12-08,10:45,KOL037,900,440,49.0,Medium
KOL-GR-OCC01779,2024-12-08,10:27,KOL036,900,554,61.6,Medium
KOL-GR-OCC01779,2024-12-08,10:51,KOL035,900,368,41.0,Low
KOL-GR-OCC01779,2024-12-08,10:14,KOL028,900,486,54.1,Medium
KOL-GR-OCC01780,2024-12-12,08:24,KOL028,1800,1949,108.3,Critical
KOL-GR-OCC01780,2024-12-12,08:28,KOL029,1800,1574,87.5,High
KOL-GR-OCC01780,2024-12-12,08:10,KOL031,1800,1847,102.7,High
KOL-GR-OCC01780,2024-12-12,08:26,KOL012,1800,2233,124.1,Critical
KOL-GR-OCC01781,2024-12-12,22:05,KOL032,1800,129,7.2,Low
KOL-GR-OCC01781,2024-12-12,22:39,KOL012,1800,441,24.5,Low
KOL-GR-OCC01781,2024-12-12,22:41,KOL027,1800,571,31.7,Low
KOL-GR-OCC01782,2024-12-12,12:55,KOL012,1800,256,14.2,Low
KOL-GR-OCC01782,2024-12-12,12:49,KOL027,1800,355,19.8,Low
KOL-GR-OCC01782,2024-12-12,12:52,KOL032,1800,507,28.2,Low
KOL-GR-OCC01783,2024-12-16,17:30,KOL034,1920,1789,93.2,High
KOL-GR-OCC01783,2024-12-16,17:32,KOL035,1920,826,43.0,Low
KOL-GR-OCC01783,2024-12-16,17:37,KOL029,1920,2246,117.0,Critical
KOL-GR-OCC01783,2024-12-16,17:59,KOL031,1920,868,45.2,Medium
KOL-GR-OCC01783,2024-12-16,17:59,KOL037,1920,1177,61.3,Medium
KOL-GR-OCC01783,2024-12-16,17:26,KOL033,1920,1579,82.3,High
KOL-GR-OCC01784,2024-12-16,08:17,KOL032,1800,2207,122.6,Critical
KOL-GR-OCC01784,2024-12-16,08:15,KOL034,1800,1390,77.2,Medium
KOL-GR-OCC01784,2024-12-16,08:52,KOL030,1800,1112,61.8,Medium
KOL-GR-OCC01784,2024-12-16,08:32,KOL027,1800,1876,104.3,High
KOL-GR-OCC01785,2024-12-16,23:19,KOL028,1920,140,7.3,Low
KOL-GR-OCC01785,2024-12-16,23:13,KOL012,1920,178,9.3,Low
KOL-GR-OCC01785,2024-12-16,23:06,KOL031,1920,176,9.2,Low
KOL-GR-OCC01785,2024-12-16,23:11,KOL029,1920,682,35.5,Low
KOL-GR-OCC01785,2024-12-16,23:38,KOL034,1920,1145,59.7,Medium
KOL-GR-OCC01785,2024-12-16,23:49,KOL036,1920,354,18.4,Low
KOL-GR-OCC01786,2024-12-20,10:05,KOL012,960,591,61.6,Medium
KOL-GR-OCC01786,2024-12-20,10:41,KOL030,960,927,96.6,High
KOL-GR-OCC01786,2024-12-20,10:43,KOL032,960,287,29.9,Low
KOL-GR-OCC01786,2024-12-20,10:53,KOL028,960,470,49.0,Medium
KOL-GR-OCC01787,2024-12-20,06:13,KOL031,960,335,35.0,Low
KOL-GR-OCC01787,2024-12-20,06:33,KOL012,960,236,24.6,Low
KOL-GR-OCC01787,2024-12-20,06:53,KOL030,960,203,21.2,Low
KOL-GR-OCC01787,2024-12-20,06:36,KOL037,960,286,29.9,Low
KOL-GR-OCC01788,2024-12-20,09:18,KOL029,1920,1734,90.3,High
KOL-GR-OCC01788,2024-12-20,09:16,KOL027,1920,2007,104.5,High
KOL-GR-OCC01788,2024-12-20,09:01,KOL035,1920,1613,84.0,High
KOL-GR-OCC01788,2024-12-20,09:55,KOL012,1920,1388,72.3,Medium
KOL-GR-OCC01789,2024-12-24,14:56,KOL031,1800,357,19.9,Low
KOL-GR-OCC01789,2024-12-24,14:17,KOL032,1800,830,46.1,Medium
KOL-GR-OCC01789,2024-12-24,14:01,KOL034,1800,1491,82.9,High
KOL-GR-OCC01789,2024-12-24,14:45,KOL030,1800,698,38.8,Low
KOL-GR-OCC01789,2024-12-24,14:42,KOL036,1800,731,40.6,Low
KOL-GR-OCC01789,2024-12-24,14:31,KOL033,1800,665,37.0,Low
KOL-GR-OCC01790,2024-12-24,08:44,KOL032,960,862,89.8,High
KOL-GR-OCC01790,2024-12-24,08:47,KOL036,960,581,60.6,Medium
KOL-GR-OCC01790,2024-12-24,08:54,KOL012,960,796,83.0,High
KOL-GR-OCC01790,2024-12-24,08:55,KOL034,960,1080,112.6,Critical
KOL-GR-OCC01790,2024-12-24,08:22,KOL037,960,934,97.3,High
KOL-GR-OCC01791,2024-12-24,20:36,KOL031,1920,1445,75.3,Medium
KOL-GR-OCC01791,2024-12-24,20:45,KOL027,1920,1604,83.6,High
KOL-GR-OCC01791,2024-12-24,20:36,KOL030,1920,1417,73.8,Medium
KOL-GR-OCC01791,2024-12-24,20:22,KOL037,1920,1564,81.5,High
KOL-GR-OCC01791,2024-12-24,20:36,KOL012,1920,1613,84.0,High
KOL-GR-OCC01792,2024-12-28,07:44,KOL035,1920,1031,53.7,Medium
KOL-GR-OCC01792,2024-12-28,07:21,KOL036,1920,773,40.3,Low
KOL-GR-OCC01792,2024-12-28,07:37,KOL033,1920,574,29.9,Low
KOL-GR-OCC01792,2024-12-28,07:52,KOL034,1920,1864,97.1,High
KOL-GR-OCC01792,2024-12-28,07:38,KOL037,1920,1457,75.9,Medium
KOL-GR-OCC01793,2024-12-28,21:32,KOL037,960,505,52.7,Medium
KOL-GR-OCC01793,2024-12-28,21:02,KOL027,960,354,36.9,Low
KOL-GR-OCC01793,2024-12-28,21:44,KOL032,960,239,25.0,Low
KOL-GR-OCC01793,2024-12-28,21:21,KOL031,960,440,45.9,Medium
KOL-GR-OCC01793,2024-12-28,21:39,KOL030,960,384,40.1,Low
KOL-GR-OCC01793,2024-12-28,21:33,KOL035,960,587,61.2,Medium
KOL-GR-OCC01794,2024-12-28,19:05,KOL027,1920,1367,71.2,Medium
KOL-GR-OCC01794,2024-12-28,19:32,KOL032,1920,805,41.9,Low
KOL-GR-OCC01794,2024-12-28,19:53,KOL037,1920,2101,109.4,Critical
KOL-GR-OCC01794,2024-12-28,19:12,KOL034,1920,1603,83.5,High
AMD-BL-OCC01795,2024-10-01,06:14,AMD016,840,139,16.6,Low
AMD-BL-OCC01795,2024-10-01,06:55,AMD012,840,214,25.5,Low
AMD-BL-OCC01795,2024-10-01,06:18,AMD009,840,195,23.3,Low
AMD-BL-OCC01796,2024-10-01,07:09,AMD007,900,354,39.4,Low
AMD-BL-OCC01796,2024-10-01,07:19,AMD009,900,550,61.2,Medium
AMD-BL-OCC01796,2024-10-01,07:39,AMD015,900,596,66.2,Medium
AMD-BL-OCC01796,2024-10-01,07:41,AMD006,900,468,52.0,Medium
AMD-BL-OCC01797,2024-10-01,08:17,AMD016,1200,1003,83.6,High
AMD-BL-OCC01797,2024-10-01,08:59,AMD010,1200,1428,119.1,Critical
AMD-BL-OCC01797,2024-10-01,08:50,AMD003,1200,1048,87.4,High
AMD-BL-OCC01798,2024-10-05,10:15,AMD004,1120,612,54.7,Medium
AMD-BL-OCC01798,2024-10-05,10:16,AMD017,1120,1037,92.6,High
AMD-BL-OCC01798,2024-10-05,10:10,AMD012,1120,572,51.1,Medium
AMD-BL-OCC01799,2024-10-05,08:18,AMD004,1120,867,77.5,Medium
AMD-BL-OCC01799,2024-10-05,08:06,AMD014,1120,1261,112.6,Critical
AMD-BL-OCC01799,2024-10-05,08:18,AMD007,1120,847,75.6,Medium
AMD-BL-OCC01799,2024-10-05,08:11,AMD017,1120,858,76.6,Medium
AMD-BL-OCC01799,2024-10-05,08:22,AMD005,1120,782,69.9,Medium
AMD-BL-OCC01799,2024-10-05,08:55,AMD016,1120,630,56.3,Medium
AMD-BL-OCC01800,2024-10-05,11:51,AMD003,840,222,26.5,Low
AMD-BL-OCC01800,2024-10-05,11:14,AMD016,840,507,60.4,Medium
AMD-BL-OCC01800,2024-10-05,11:42,AMD004,840,258,30.8,Low
AMD-BL-OCC01801,2024-10-09,15:45,AMD011,1200,295,24.6,Low
AMD-BL-OCC01801,2024-10-09,15:26,AMD008,1200,403,33.7,Low
AMD-BL-OCC01801,2024-10-09,15:12,AMD014,1200,416,34.7,Low
AMD-BL-OCC01802,2024-10-09,09:05,AMD005,1200,1331,111.0,Critical
AMD-BL-OCC01802,2024-10-09,09:54,AMD002,1200,931,77.6,Medium
AMD-BL-OCC01802,2024-10-09,09:12,AMD001,1200,734,61.2,Medium
AMD-BL-OCC01803,2024-10-09,19:06,AMD003,840,779,92.8,High
AMD-BL-OCC01803,2024-10-09,19:03,AMD007,840,959,114.2,Critical
AMD-BL-OCC01803,2024-10-09,19:38,AMD006,840,720,85.8,High
AMD-BL-OCC01803,2024-10-09,19:20,AMD001,840,777,92.6,High
AMD-BL-OCC01803,2024-10-09,19:50,AMD014,840,807,96.1,High
AMD-BL-OCC01804,2024-10-13,18:52,AMD016,840,765,91.2,High
AMD-BL-OCC01804,2024-10-13,18:13,AMD017,840,583,69.5,Medium
AMD-BL-OCC01804,2024-10-13,18:15,AMD003,840,634,75.5,Medium
AMD-BL-OCC01804,2024-10-13,18:47,AMD008,840,659,78.6,Medium
AMD-BL-OCC01804,2024-10-13,18:28,AMD009,840,797,94.9,High
AMD-BL-OCC01805,2024-10-13,08:19,AMD006,900,835,92.8,High
AMD-BL-OCC01805,2024-10-13,08:27,AMD013,900,842,93.6,High
AMD-BL-OCC01805,2024-10-13,08:07,AMD011,900,860,95.6,High
AMD-BL-OCC01805,2024-10-13,08:24,AMD001,900,856,95.2,High
AMD-BL-OCC01806,2024-10-13,09:19,AMD011,1120,917,81.9,High
AMD-BL-OCC01806,2024-10-13,09:25,AMD005,1120,1032,92.2,High
AMD-BL-OCC01806,2024-10-13,09:56,AMD009,1120,710,63.4,Medium
AMD-BL-OCC01806,2024-10-13,09:00,AMD010,1120,1034,92.4,High
AMD-BL-OCC01806,2024-10-13,09:43,AMD006,1120,944,84.3,High
AMD-BL-OCC01806,2024-10-13,09:03,AMD001,1120,814,72.8,Medium
AMD-BL-OCC01807,2024-10-17,14:24,AMD014,840,331,39.4,Low
AMD-BL-OCC01807,2024-10-17,14:01,AMD010,840,768,91.5,High
AMD-BL-OCC01807,2024-10-17,14:54,AMD012,840,118,14.1,Low
AMD-BL-OCC01807,2024-10-17,14:43,AMD004,840,204,24.3,Low
AMD-BL-OCC01808,2024-10-17,13:59,AMD016,1120,354,31.7,Low
AMD-BL-OCC01808,2024-10-17,13:18,AMD004,1120,273,24.4,Low
AMD-BL-OCC01808,2024-10-17,13:39,AMD003,1120,196,17.6,Low
AMD-BL-OCC01808,2024-10-17,13:57,AMD014,1120,503,45.0,Low
AMD-BL-OCC01808,2024-10-17,13:54,AMD009,1120,218,19.5,Low
AMD-BL-OCC01808,2024-10-17,13:09,AMD005,1120,402,35.9,Low
AMD-BL-OCC01809,2024-10-17,06:22,AMD014,840,340,40.5,Low
AMD-BL-OCC01809,2024-10-17,06:05,AMD008,840,123,14.7,Low
AMD-BL-OCC01809,2024-10-17,06:39,AMD004,840,205,24.4,Low
AMD-BL-OCC01810,2024-10-21,11:01,AMD004,1200,385,32.1,Low
AMD-BL-OCC01810,2024-10-21,11:07,AMD002,1200,290,24.2,Low
AMD-BL-OCC01810,2024-10-21,11:39,AMD010,1200,1021,85.1,High
AMD-BL-OCC01810,2024-10-21,11:56,AMD014,1200,363,30.3,Low
AMD-BL-OCC01810,2024-10-21,11:37,AMD005,1200,710,59.2,Medium
AMD-BL-OCC01810,2024-10-21,11:13,AMD012,1200,265,22.1,Low
AMD-BL-OCC01811,2024-10-21,19:53,AMD012,840,978,116.5,Critical
AMD-BL-OCC01811,2024-10-21,19:32,AMD001,840,759,90.4,High
AMD-BL-OCC01811,2024-10-21,19:23,AMD007,840,979,116.6,Critical
AMD-BL-OCC01811,2024-10-21,19:49,AMD014,840,774,92.2,High
AMD-BL-OCC01811,2024-10-21,19:33,AMD006,840,916,109.1,Critical
AMD-BL-OCC01812,2024-10-21,18:44,AMD011,900,871,96.9,High
AMD-BL-OCC01812,2024-10-21,18:19,AMD014,900,714,79.4,Medium
AMD-BL-OCC01812,2024-10-21,18:57,AMD002,900,592,65.8,Medium
AMD-BL-OCC01812,2024-10-21,18:22,AMD006,900,918,102.1,High
AMD-BL-OCC01812,2024-10-21,18:57,AMD001,900,586,65.2,Medium
AMD-BL-OCC01812,2024-10-21,18:27,AMD007,900,932,103.6,High
AMD-BL-OCC01813,2024-10-25,13:51,AMD008,840,263,31.3,Low
AMD-BL-OCC01813,2024-10-25,13:42,AMD013,840,241,28.8,Low
AMD-BL-OCC01813,2024-10-25,13:13,AMD009,840,131,15.7,Low
AMD-BL-OCC01813,2024-10-25,13:30,AMD012,840,118,14.1,Low
AMD-BL-OCC01813,2024-10-25,13:55,AMD003,840,159,19.0,Low
AMD-BL-OCC01814,2024-10-25,10:41,AMD008,900,925,102.8,High
AMD-BL-OCC01814,2024-10-25,10:04,AMD011,900,532,59.2,Medium
AMD-BL-OCC01814,2024-10-25,10:50,AMD002,900,535,59.5,Medium
AMD-BL-OCC01814,2024-10-25,10:38,AMD005,900,836,92.9,High
AMD-BL-OCC01814,2024-10-25,10:26,AMD009,900,324,36.0,Low
AMD-BL-OCC01815,2024-10-25,08:22,AMD010,900,716,79.6,Medium
AMD-BL-OCC01815,2024-10-25,08:13,AMD009,900,1036,115.2,Critical
AMD-BL-OCC01815,2024-10-25,08:23,AMD001,900,684,76.1,Medium
AMD-BL-OCC01815,2024-10-25,08:13,AMD008,900,669,74.4,Medium
AMD-BL-OCC01815,2024-10-25,08:08,AMD011,900,1089,121.0,Critical
AMD-BL-OCC01815,2024-10-25,08:28,AMD003,900,728,81.0,High
AMD-BL-OCC01816,2024-10-29,18:58,AMD011,840,560,66.8,Medium
AMD-BL-OCC01816,2024-10-29,18:34,AMD001,840,902,107.5,Critical
AMD-BL-OCC01816,2024-10-29,18:37,AMD003,840,919,109.4,Critical
AMD-BL-OCC01816,2024-10-29,18:43,AMD006,840,654,77.9,Medium
AMD-BL-OCC01817,2024-10-29,08:59,AMD008,900,600,66.7,Medium
AMD-BL-OCC01817,2024-10-29,08:30,AMD012,900,884,98.3,High
AMD-BL-OCC01817,2024-10-29,08:04,AMD015,900,1031,114.6,Critical
AMD-BL-OCC01817,2024-10-29,08:14,AMD016,900,666,74.1,Medium
AMD-BL-OCC01818,2024-10-29,08:00,AMD015,900,743,82.6,High
AMD-BL-OCC01818,2024-10-29,08:00,AMD003,900,938,104.2,High
AMD-BL-OCC01818,2024-10-29,08:47,AMD002,900,855,95.1,High
AMD-BL-OCC01818,2024-10-29,08:08,AMD013,900,661,73.5,Medium
AMD-BL-OCC01819,2024-11-02,12:56,AMD007,840,292,34.9,Low
AMD-BL-OCC01819,2024-11-02,12:54,AMD005,840,399,47.6,Medium
AMD-BL-OCC01819,2024-11-02,12:57,AMD016,840,336,40.0,Low
AMD-BL-OCC01819,2024-11-02,12:46,AMD001,840,234,28.0,Low
AMD-BL-OCC01820,2024-11-02,11:42,AMD016,1120,688,61.4,Medium
AMD-BL-OCC01820,2024-11-02,11:59,AMD005,1120,680,60.7,Medium
AMD-BL-OCC01820,2024-11-02,11:16,AMD006,1120,341,30.5,Low
AMD-BL-OCC01820,2024-11-02,11:49,AMD010,1120,884,78.9,Medium
AMD-BL-OCC01820,2024-11-02,11:07,AMD003,1120,294,26.3,Low
AMD-BL-OCC01821,2024-11-02,10:50,AMD010,840,647,77.1,Medium
AMD-BL-OCC01821,2024-11-02,10:55,AMD017,840,770,91.8,High
AMD-BL-OCC01821,2024-11-02,10:58,AMD003,840,346,41.2,Low
AMD-BL-OCC01822,2024-11-06,10:12,AMD016,1120,890,79.5,Medium
AMD-BL-OCC01822,2024-11-06,10:30,AMD005,1120,914,81.6,High
AMD-BL-OCC01822,2024-11-06,10:10,AMD006,1120,635,56.8,Medium
AMD-BL-OCC01822,2024-11-06,10:09,AMD011,1120,407,36.4,Low
AMD-BL-OCC01822,2024-11-06,10:04,AMD012,1120,518,46.3,Medium
AMD-BL-OCC01823,2024-11-06,08:30,AMD001,1120,963,86.1,High
AMD-BL-OCC01823,2024-11-06,08:30,AMD009,1120,1243,111.0,Critical
AMD-BL-OCC01823,2024-11-06,08:07,AMD014,1120,895,80.0,Medium
AMD-BL-OCC01823,2024-11-06,08:37,AMD008,1120,836,74.7,Medium
AMD-BL-OCC01823,2024-11-06,08:15,AMD016,1120,688,61.4,Medium
AMD-BL-OCC01824,2024-11-06,12:34,AMD011,840,176,21.1,Low
AMD-BL-OCC01824,2024-11-06,12:47,AMD007,840,291,34.7,Low
AMD-BL-OCC01824,2024-11-06,12:56,AMD003,840,151,18.0,Low
AMD-BL-OCC01825,2024-11-10,10:46,AMD016,1200,824,68.7,Medium
AMD-BL-OCC01825,2024-11-10,10:16,AMD006,1200,526,43.8,Low
AMD-BL-OCC01825,2024-11-10,10:58,AMD005,1200,1068,89.0,High
AMD-BL-OCC01825,2024-11-10,10:02,AMD014,1200,462,38.6,Low
AMD-BL-OCC01826,2024-11-10,19:10,AMD008,840,652,77.6,Medium
AMD-BL-OCC01826,2024-11-10,19:20,AMD003,840,663,78.9,Medium
AMD-BL-OCC01826,2024-11-10,19:08,AMD015,840,659,78.5,Medium
AMD-BL-OCC01827,2024-11-10,13:26,AMD001,900,395,44.0,Low
AMD-BL-OCC01827,2024-11-10,13:13,AMD017,900,403,44.9,Low
AMD-BL-OCC01827,2024-11-10,13:36,AMD016,900,300,33.4,Low
AMD-BL-OCC01827,2024-11-10,13:54,AMD004,900,208,23.2,Low
AMD-BL-OCC01828,2024-11-14,09:38,AMD007,840,720,85.8,High
AMD-BL-OCC01828,2024-11-14,09:42,AMD009,840,929,110.6,Critical
AMD-BL-OCC01828,2024-11-14,09:05,AMD005,840,775,92.3,High
AMD-BL-OCC01828,2024-11-14,09:31,AMD015,840,663,79.0,Medium
AMD-BL-OCC01828,2024-11-14,09:29,AMD002,840,808,96.2,High
AMD-BL-OCC01828,2024-11-14,09:48,AMD014,840,613,73.1,Medium
AMD-BL-OCC01829,2024-11-14,09:27,AMD009,900,572,63.6,Medium
AMD-BL-OCC01829,2024-11-14,09:43,AMD013,900,946,105.2,Critical
AMD-BL-OCC01829,2024-11-14,09:14,AMD003,900,716,79.7,Medium
AMD-BL-OCC01830,2024-11-14,19:36,AMD005,900,867,96.4,High
AMD-BL-OCC01830,2024-11-14,19:51,AMD009,900,811,90.2,High
AMD-BL-OCC01830,2024-11-14,19:34,AMD006,900,964,107.2,Critical
AMD-BL-OCC01830,2024-11-14,19:05,AMD016,900,670,74.5,Medium
AMD-BL-OCC01831,2024-11-18,11:15,AMD016,1200,443,36.9,Low
AMD-BL-OCC01831,2024-11-18,11:24,AMD005,1200,668,55.7,Medium
AMD-BL-OCC01831,2024-11-18,11:10,AMD006,1200,348,29.0,Low
AMD-BL-OCC01831,2024-11-18,11:48,AMD011,1200,437,36.5,Low
AMD-BL-OCC01831,2024-11-18,11:46,AMD003,1200,321,26.8,Low
AMD-BL-OCC01831,2024-11-18,11:59,AMD012,1200,293,24.5,Low
AMD-BL-OCC01832,2024-11-18,08:20,AMD006,900,661,73.5,Medium
AMD-BL-OCC01832,2024-11-18,08:51,AMD004,900,841,93.5,High
AMD-BL-OCC01832,2024-11-18,08:48,AMD011,900,694,77.1,Medium
AMD-BL-OCC01832,2024-11-18,08:11,AMD017,900,783,87.1,High
AMD-BL-OCC01833,2024-11-18,05:10,AMD006,1200,131,11.0,Low
AMD-BL-OCC01833,2024-11-18,05:47,AMD002,1200,123,10.3,Low
AMD-BL-OCC01833,2024-11-18,05:28,AMD007,1200,95,8.0,Low
AMD-BL-OCC01834,2024-11-22,20:26,AMD014,1200,703,58.7,Medium
AMD-BL-OCC01834,2024-11-22,20:43,AMD009,1200,1018,84.8,High
AMD-BL-OCC01834,2024-11-22,20:27,AMD008,1200,1131,94.3,High
AMD-BL-OCC01835,2024-11-22,11:02,AMD017,900,659,73.3,Medium
AMD-BL-OCC01835,2024-11-22,11:47,AMD008,900,451,50.1,Medium
AMD-BL-OCC01835,2024-11-22,11:15,AMD003,900,332,36.9,Low
AMD-BL-OCC01835,2024-11-22,11:53,AMD007,900,507,56.3,Medium
AMD-BL-OCC01835,2024-11-22,11:52,AMD002,900,253,28.1,Low
AMD-BL-OCC01836,2024-11-22,11:35,AMD005,900,527,58.6,Medium
AMD-BL-OCC01836,2024-11-22,11:19,AMD001,900,298,33.2,Low
AMD-BL-OCC01836,2024-11-22,11:20,AMD010,900,615,68.4,Medium
AMD-BL-OCC01836,2024-11-22,11:03,AMD014,900,271,30.2,Low
AMD-BL-OCC01836,2024-11-22,11:23,AMD017,900,549,61.1,Medium
AMD-BL-OCC01837,2024-11-26,14:16,AMD017,900,306,34.1,Low
AMD-BL-OCC01837,2024-11-26,14:08,AMD005,900,397,44.1,Low
AMD-BL-OCC01837,2024-11-26,14:34,AMD010,900,819,91.0,High
AMD-BL-OCC01837,2024-11-26,14:03,AMD014,900,393,43.7,Low
AMD-BL-OCC01838,2024-11-26,20:00,AMD014,900,447,49.7,Medium
AMD-BL-OCC01838,2024-11-26,20:02,AMD008,900,793,88.2,High
AMD-BL-OCC01838,2024-11-26,20:14,AMD017,900,822,91.4,High
AMD-BL-OCC01838,2024-11-26,20:20,AMD016,900,551,61.3,Medium
AMD-BL-OCC01838,2024-11-26,20:23,AMD011,900,746,82.9,High
AMD-BL-OCC01838,2024-11-26,20:46,AMD005,900,731,81.3,High
AMD-BL-OCC01839,2024-11-26,07:05,AMD011,900,531,59.0,Medium
AMD-BL-OCC01839,2024-11-26,07:00,AMD002,900,689,76.7,Medium
AMD-BL-OCC01839,2024-11-26,07:23,AMD007,900,356,39.6,Low
AMD-BL-OCC01839,2024-11-26,07:53,AMD005,900,314,34.9,Low
AMD-BL-OCC01840,2024-11-30,08:14,AMD010,900,817,90.8,High
AMD-BL-OCC01840,2024-11-30,08:17,AMD015,900,932,103.6,High
AMD-BL-OCC01840,2024-11-30,08:54,AMD017,900,597,66.3,Medium
AMD-BL-OCC01840,2024-11-30,08:51,AMD016,900,583,64.8,Medium
AMD-BL-OCC01840,2024-11-30,08:01,AMD005,900,563,62.6,Medium
AMD-BL-OCC01841,2024-11-30,05:30,AMD008,900,70,7.8,Low
AMD-BL-OCC01841,2024-11-30,05:08,AMD004,900,108,12.0,Low
AMD-BL-OCC01841,2024-11-30,05:51,AMD003,900,66,7.4,Low
AMD-BL-OCC01841,2024-11-30,05:59,AMD001,900,189,21.1,Low
AMD-BL-OCC01841,2024-11-30,05:53,AMD011,900,66,7.4,Low
AMD-BL-OCC01842,2024-11-30,20:16,AMD013,840,623,74.3,Medium
AMD-BL-OCC01842,2024-11-30,20:50,AMD006,840,542,64.6,Medium
AMD-BL-OCC01842,2024-11-30,20:28,AMD012,840,630,75.1,Medium
AMD-BL-OCC01842,2024-11-30,20:54,AMD002,840,663,79.0,Medium
AMD-BL-OCC01842,2024-11-30,20:01,AMD001,840,322,38.3,Low
AMD-BL-OCC01842,2024-11-30,20:25,AMD017,840,665,79.2,Medium
AMD-BL-OCC01843,2024-12-04,11:17,AMD014,900,207,23.1,Low
AMD-BL-OCC01843,2024-12-04,11:25,AMD006,900,312,34.7,Low
AMD-BL-OCC01843,2024-12-04,11:56,AMD001,900,267,29.7,Low
AMD-BL-OCC01843,2024-12-04,11:42,AMD016,900,539,60.0,Medium
AMD-BL-OCC01843,2024-12-04,11:54,AMD002,900,211,23.5,Low
AMD-BL-OCC01843,2024-12-04,11:29,AMD013,900,353,39.3,Low
AMD-BL-OCC01844,2024-12-04,13:41,AMD004,840,145,17.3,Low
AMD-BL-OCC01844,2024-12-04,13:28,AMD017,840,284,33.8,Low
AMD-BL-OCC01844,2024-12-04,13:04,AMD016,840,284,33.9,Low
AMD-BL-OCC01844,2024-12-04,13:46,AMD010,840,530,63.2,Medium
AMD-BL-OCC01845,2024-12-04,12:41,AMD009,1120,243,21.7,Low
AMD-BL-OCC01845,2024-12-04,12:28,AMD008,1120,356,31.8,Low
AMD-BL-OCC01845,2024-12-04,12:22,AMD012,1120,188,16.8,Low
AMD-BL-OCC01845,2024-12-04,12:33,AMD017,1120,502,44.9,Low
AMD-BL-OCC01845,2024-12-04,12:02,AMD005,1120,393,35.1,Low
AMD-BL-OCC01845,2024-12-04,12:43,AMD007,1120,459,41.0,Low
AMD-BL-OCC01846,2024-12-08,09:36,AMD017,900,940,104.5,High
AMD-BL-OCC01846,2024-12-08,09:24,AMD010,900,783,87.0,High
AMD-BL-OCC01846,2024-12-08,09:51,AMD005,900,752,83.6,High
AMD-BL-OCC01846,2024-12-08,09:31,AMD012,900,906,100.8,High
AMD-BL-OCC01847,2024-12-08,20:44,AMD014,840,411,48.9,Medium
AMD-BL-OCC01847,2024-12-08,20:01,AMD007,840,596,71.0,Medium
AMD-BL-OCC01847,2024-12-08,20:00,AMD015,840,837,99.7,High
AMD-BL-OCC01848,2024-12-08,16:51,AMD002,1200,393,32.8,Low
AMD-BL-OCC01848,2024-12-08,16:46,AMD009,1200,361,30.1,Low
AMD-BL-OCC01848,2024-12-08,16:10,AMD001,1200,440,36.7,Low
AMD-BL-OCC01848,2024-12-08,16:22,AMD008,1200,708,59.0,Medium
AMD-BL-OCC01849,2024-12-12,18:42,AMD016,900,655,72.9,Medium
AMD-BL-OCC01849,2024-12-12,18:47,AMD001,900,914,101.6,High
AMD-BL-OCC01849,2024-12-12,18:17,AMD003,900,883,98.2,High
AMD-BL-OCC01849,2024-12-12,18:40,AMD012,900,953,106.0,Critical
AMD-BL-OCC01849,2024-12-12,18:40,AMD017,900,920,102.3,High
AMD-BL-OCC01849,2024-12-12,18:18,AMD004,900,675,75.0,Medium
AMD-BL-OCC01850,2024-12-12,18:42,AMD010,840,608,72.5,Medium
AMD-BL-OCC01850,2024-12-12,18:24,AMD015,840,844,100.5,High
AMD-BL-OCC01850,2024-12-12,18:45,AMD006,840,883,105.2,Critical
AMD-BL-OCC01850,2024-12-12,18:42,AMD016,840,572,68.1,Medium
AMD-BL-OCC01851,2024-12-12,11:17,AMD007,1200,785,65.5,Medium
AMD-BL-OCC01851,2024-12-12,11:41,AMD014,1200,363,30.3,Low
AMD-BL-OCC01851,2024-12-12,11:48,AMD003,1200,345,28.8,Low
AMD-BL-OCC01852,2024-12-16,07:52,AMD014,1120,1043,93.2,High
AMD-BL-OCC01852,2024-12-16,07:16,AMD017,1120,466,41.7,Low
AMD-BL-OCC01852,2024-12-16,07:08,AMD008,1120,393,35.1,Low
AMD-BL-OCC01852,2024-12-16,07:04,AMD002,1120,791,70.7,Medium
AMD-BL-OCC01852,2024-12-16,07:24,AMD001,1120,1256,112.2,Critical
AMD-BL-OCC01853,2024-12-16,16:58,AMD011,840,365,43.5,Low
AMD-BL-OCC01853,2024-12-16,16:20,AMD014,840,504,60.0,Medium
AMD-BL-OCC01853,2024-12-16,16:16,AMD008,840,493,58.7,Medium
AMD-BL-OCC01854,2024-12-16,15:13,AMD004,840,196,23.4,Low
AMD-BL-OCC01854,2024-12-16,15:40,AMD010,840,558,66.5,Medium
AMD-BL-OCC01854,2024-12-16,15:51,AMD015,840,290,34.5,Low
AMD-BL-OCC01855,2024-12-20,22:45,AMD011,1120,290,26.0,Low
AMD-BL-OCC01855,2024-12-20,22:40,AMD005,1120,353,31.6,Low
AMD-BL-OCC01855,2024-12-20,22:16,AMD015,1120,363,32.4,Low
AMD-BL-OCC01855,2024-12-20,22:50,AMD002,1120,413,36.9,Low
AMD-BL-OCC01855,2024-12-20,22:52,AMD017,1120,273,24.4,Low
AMD-BL-OCC01856,2024-12-20,09:52,AMD010,1200,977,81.5,High
AMD-BL-OCC01856,2024-12-20,09:11,AMD008,1200,1331,111.0,Critical
AMD-BL-OCC01856,2024-12-20,09:16,AMD002,1200,1165,97.1,High
AMD-BL-OCC01856,2024-12-20,09:12,AMD005,1200,1407,117.3,Critical
AMD-BL-OCC01857,2024-12-20,20:54,AMD008,840,778,92.7,High
AMD-BL-OCC01857,2024-12-20,20:07,AMD004,840,573,68.3,Medium
AMD-BL-OCC01857,2024-12-20,20:56,AMD016,840,560,66.7,Medium
AMD-BL-OCC01858,2024-12-24,05:24,AMD010,1120,295,26.4,Low
AMD-BL-OCC01858,2024-12-24,05:09,AMD016,1120,132,11.8,Low
AMD-BL-OCC01858,2024-12-24,05:22,AMD009,1120,117,10.5,Low
AMD-BL-OCC01858,2024-12-24,05:01,AMD002,1120,85,7.7,Low
AMD-BL-OCC01859,2024-12-24,09:58,AMD012,1120,867,77.4,Medium
AMD-BL-OCC01859,2024-12-24,09:46,AMD017,1120,1145,102.3,High
AMD-BL-OCC01859,2024-12-24,09:16,AMD011,1120,975,87.1,High
AMD-BL-OCC01859,2024-12-24,09:28,AMD015,1120,949,84.8,High
AMD-BL-OCC01859,2024-12-24,09:13,AMD016,1120,837,74.8,Medium
AMD-BL-OCC01860,2024-12-24,13:08,AMD013,840,287,34.3,Low
AMD-BL-OCC01860,2024-12-24,13:19,AMD003,840,188,22.4,Low
AMD-BL-OCC01860,2024-12-24,13:18,AMD014,840,252,30.1,Low
AMD-BL-OCC01860,2024-12-24,13:19,AMD016,840,378,45.0,Medium
AMD-BL-OCC01860,2024-12-24,13:39,AMD012,840,172,20.5,Low
AMD-BL-OCC01860,2024-12-24,13:52,AMD015,840,152,18.1,Low
AMD-BL-OCC01861,2024-12-28,06:37,AMD005,900,213,23.8,Low
AMD-BL-OCC01861,2024-12-28,06:36,AMD006,900,305,33.9,Low
AMD-BL-OCC01861,2024-12-28,06:04,AMD013,900,220,24.5,Low
AMD-BL-OCC01862,2024-12-28,09:56,AMD011,1200,1095,91.3,High
AMD-BL-OCC01862,2024-12-28,09:31,AMD005,1200,1035,86.3,High
AMD-BL-OCC01862,2024-12-28,09:37,AMD013,1200,1294,107.8,Critical
AMD-BL-OCC01863,2024-12-28,20:02,AMD013,900,815,90.6,High
AMD-BL-OCC01863,2024-12-28,20:57,AMD008,900,612,68.1,Medium
AMD-BL-OCC01863,2024-12-28,20:34,AMD005,900,582,64.7,Medium
AMD-BL-OCC01863,2024-12-28,20:04,AMD002,900,583,64.9,Medium
AMD-RE-OCC01864,2024-10-01,09:34,AMD022,900,544,60.5,Medium
AMD-RE-OCC01864,2024-10-01,09:24,AMD027,900,739,82.1,High
AMD-RE-OCC01864,2024-10-01,09:03,AMD024,900,684,76.0,Medium
AMD-RE-OCC01864,2024-10-01,09:49,AMD033,900,922,102.5,High
AMD-RE-OCC01865,2024-10-01,20:52,AMD027,1200,359,29.9,Low
AMD-RE-OCC01865,2024-10-01,20:47,AMD007,1200,967,80.6,High
AMD-RE-OCC01865,2024-10-01,20:50,AMD029,1200,370,30.9,Low
AMD-RE-OCC01865,2024-10-01,20:09,AMD019,1200,781,65.1,Medium
AMD-RE-OCC01865,2024-10-01,20:17,AMD032,1200,963,80.3,High
AMD-RE-OCC01865,2024-10-01,20:06,AMD024,1200,1141,95.1,High
AMD-RE-OCC01866,2024-10-01,23:51,AMD027,900,95,10.6,Low
AMD-RE-OCC01866,2024-10-01,23:56,AMD021,900,407,45.3,Medium
AMD-RE-OCC01866,2024-10-01,23:05,AMD020,900,199,22.2,Low
AMD-RE-OCC01866,2024-10-01,23:29,AMD024,900,75,8.4,Low
AMD-RE-OCC01867,2024-10-05,22:47,AMD028,900,286,31.8,Low
AMD-RE-OCC01867,2024-10-05,22:30,AMD021,900,460,51.2,Medium
AMD-RE-OCC01867,2024-10-05,22:12,AMD018,900,109,12.2,Low
AMD-RE-OCC01867,2024-10-05,22:05,AMD024,900,287,31.9,Low
AMD-RE-OCC01868,2024-10-05,06:01,AMD022,1200,564,47.1,Medium
AMD-RE-OCC01868,2024-10-05,06:01,AMD003,1200,326,27.2,Low
AMD-RE-OCC01868,2024-10-05,06:47,AMD020,1200,233,19.5,Low
AMD-RE-OCC01869,2024-10-05,08:46,AMD029,840,773,92.1,High
AMD-RE-OCC01869,2024-10-05,08:04,AMD030,840,616,73.4,Medium
AMD-RE-OCC01869,2024-10-05,08:45,AMD033,840,705,84.0,High
AMD-RE-OCC01869,2024-10-05,08:42,AMD026,840,649,77.4,Medium
AMD-RE-OCC01869,2024-10-05,08:24,AMD031,840,1048,124.8,Critical
AMD-RE-OCC01869,2024-10-05,08:08,AMD025,840,986,117.5,Critical
AMD-RE-OCC01870,2024-10-09,15:53,AMD021,900,796,88.5,High
AMD-RE-OCC01870,2024-10-09,15:30,AMD007,900,382,42.5,Low
AMD-RE-OCC01870,2024-10-09,15:23,AMD027,900,669,74.4,Medium
AMD-RE-OCC01870,2024-10-09,15:22,AMD031,900,314,35.0,Low
AMD-RE-OCC01871,2024-10-09,08:25,AMD006,840,937,111.6,Critical
AMD-RE-OCC01871,2024-10-09,08:17,AMD024,840,660,78.6,Medium
AMD-RE-OCC01871,2024-10-09,08:57,AMD029,840,803,95.6,High
AMD-RE-OCC01872,2024-10-09,10:37,AMD022,1120,391,34.9,Low
AMD-RE-OCC01872,2024-10-09,10:46,AMD019,1120,855,76.4,Medium
AMD-RE-OCC01872,2024-10-09,10:38,AMD026,1120,545,48.7,Medium
AMD-RE-OCC01872,2024-10-09,10:01,AMD028,1120,978,87.4,High
AMD-RE-OCC01872,2024-10-09,10:50,AMD021,1120,995,88.9,High
AMD-RE-OCC01873,2024-10-13,20:48,AMD021,840,868,103.5,High
AMD-RE-OCC01873,2024-10-13,20:07,AMD030,840,575,68.5,Medium
AMD-RE-OCC01873,2024-10-13,20:34,AMD032,840,565,67.3,Medium
AMD-RE-OCC01873,2024-10-13,20:12,AMD018,840,218,26.0,Low
AMD-RE-OCC01874,2024-10-13,09:56,AMD024,1200,1006,83.8,High
AMD-RE-OCC01874,2024-10-13,09:17,AMD026,1200,1233,102.8,High
AMD-RE-OCC01874,2024-10-13,09:15,AMD027,1200,921,76.8,Medium
AMD-RE-OCC01874,2024-10-13,09:05,AMD019,1200,854,71.2,Medium
AMD-RE-OCC01874,2024-10-13,09:22,AMD032,1200,1325,110.4,Critical
AMD-RE-OCC01874,2024-10-13,09:44,AMD003,1200,941,78.4,Medium
AMD-RE-OCC01875,2024-10-13,07:51,AMD024,900,702,78.0,Medium
AMD-RE-OCC01875,2024-10-13,07:11,AMD027,900,510,56.7,Medium
AMD-RE-OCC01875,2024-10-13,07:05,AMD021,900,758,84.2,High
AMD-RE-OCC01876,2024-10-17,12:20,AMD023,1120,220,19.6,Low
AMD-RE-OCC01876,2024-10-17,12:42,AMD003,1120,222,19.8,Low
AMD-RE-OCC01876,2024-10-17,12:52,AMD007,1120,456,40.8,Low
AMD-RE-OCC01876,2024-10-17,12:06,AMD019,1120,536,47.9,Medium
AMD-RE-OCC01877,2024-10-17,10:22,AMD020,900,1005,111.7,Critical
AMD-RE-OCC01877,2024-10-17,10:31,AMD033,900,612,68.0,Medium
AMD-RE-OCC01877,2024-10-17,10:03,AMD029,900,391,43.5,Low
AMD-RE-OCC01877,2024-10-17,10:18,AMD024,900,418,46.5,Medium
AMD-RE-OCC01877,2024-10-17,10:50,AMD031,900,487,54.2,Medium
AMD-RE-OCC01877,2024-10-17,10:20,AMD003,900,327,36.3,Low
AMD-RE-OCC01878,2024-10-17,20:56,AMD021,900,898,99.9,High
AMD-RE-OCC01878,2024-10-17,20:25,AMD029,900,214,23.8,Low
AMD-RE-OCC01878,2024-10-17,20:43,AMD025,900,688,76.5,Medium
AMD-RE-OCC01878,2024-10-17,20:10,AMD019,900,666,74.1,Medium
AMD-RE-OCC01878,2024-10-17,20:19,AMD032,900,541,60.2,Medium
AMD-RE-OCC01879,2024-10-21,07:57,AMD026,840,668,79.6,Medium
AMD-RE-OCC01879,2024-10-21,07:13,AMD027,840,515,61.4,Medium
AMD-RE-OCC01879,2024-10-21,07:39,AMD022,840,922,109.8,Critical
AMD-RE-OCC01879,2024-10-21,07:52,AMD031,840,692,82.5,High
AMD-RE-OCC01879,2024-10-21,07:05,AMD020,840,280,33.4,Low
AMD-RE-OCC01880,2024-10-21,07:23,AMD024,900,613,68.1,Medium
AMD-RE-OCC01880,2024-10-21,07:13,AMD020,900,445,49.5,Medium
AMD-RE-OCC01880,2024-10-21,07:02,AMD003,900,628,69.8,Medium
AMD-RE-OCC01880,2024-10-21,07:33,AMD019,900,279,31.1,Low
AMD-RE-OCC01880,2024-10-21,07:54,AMD025,900,663,73.8,Medium
AMD-RE-OCC01880,2024-10-21,07:39,AMD026,900,603,67.1,Medium
AMD-RE-OCC01881,2024-10-21,20:29,AMD031,1200,695,58.0,Medium
AMD-RE-OCC01881,2024-10-21,20:17,AMD020,1200,775,64.6,Medium
AMD-RE-OCC01881,2024-10-21,20:23,AMD033,1200,883,73.6,Medium
AMD-RE-OCC01882,2024-10-25,18:39,AMD023,1120,1038,92.7,High
AMD-RE-OCC01882,2024-10-25,18:12,AMD033,1120,1124,100.4,High
AMD-RE-OCC01882,2024-10-25,18:16,AMD018,1120,641,57.3,Medium
AMD-RE-OCC01883,2024-10-25,08:59,AMD007,840,482,57.5,Medium
AMD-RE-OCC01883,2024-10-25,08:20,AMD032,840,789,94.0,High
AMD-RE-OCC01883,2024-10-25,08:40,AMD024,840,809,96.3,High
AMD-RE-OCC01884,2024-10-25,13:33,AMD027,1200,409,34.2,Low
AMD-RE-OCC01884,2024-10-25,13:41,AMD020,1200,423,35.3,Low
AMD-RE-OCC01884,2024-10-25,13:04,AMD033,1200,424,35.3,Low
AMD-RE-OCC01885,2024-10-29,20:06,AMD021,900,932,103.6,High
AMD-RE-OCC01885,2024-10-29,20:04,AMD028,900,676,75.2,Medium
AMD-RE-OCC01885,2024-10-29,20:40,AMD022,900,353,39.3,Low
AMD-RE-OCC01885,2024-10-29,20:27,AMD023,900,662,73.7,Medium
AMD-RE-OCC01885,2024-10-29,20:29,AMD029,900,335,37.3,Low
AMD-RE-OCC01886,2024-10-29,16:17,AMD025,900,415,46.1,Medium
AMD-RE-OCC01886,2024-10-29,16:02,AMD018,900,809,89.9,High
AMD-RE-OCC01886,2024-10-29,16:14,AMD028,900,498,55.4,Medium
AMD-RE-OCC01886,2024-10-29,16:34,AMD003,900,320,35.6,Low
AMD-RE-OCC01886,2024-10-29,16:34,AMD023,900,443,49.3,Medium
AMD-RE-OCC01887,2024-10-29,09:39,AMD006,840,648,77.2,Medium
AMD-RE-OCC01887,2024-10-29,09:02,AMD032,840,942,112.2,Critical
AMD-RE-OCC01887,2024-10-29,09:27,AMD028,840,986,117.4,Critical
AMD-RE-OCC01887,2024-10-29,09:42,AMD029,840,817,97.3,High
AMD-RE-OCC01888,2024-11-02,19:39,AMD006,1200,1054,87.9,High
AMD-RE-OCC01888,2024-11-02,19:40,AMD018,1200,431,36.0,Low
AMD-RE-OCC01888,2024-11-02,19:38,AMD021,1200,1130,94.2,High
AMD-RE-OCC01888,2024-11-02,19:00,AMD003,1200,1040,86.7,High
AMD-RE-OCC01889,2024-11-02,07:49,AMD003,840,667,79.5,Medium
AMD-RE-OCC01889,2024-11-02,07:16,AMD029,840,719,85.7,High
AMD-RE-OCC01889,2024-11-02,07:55,AMD025,840,540,64.4,Medium
AMD-RE-OCC01889,2024-11-02,07:00,AMD021,840,837,99.6,High
AMD-RE-OCC01889,2024-11-02,07:44,AMD026,840,623,74.2,Medium
AMD-RE-OCC01890,2024-11-02,15:05,AMD030,1120,434,38.8,Low
AMD-RE-OCC01890,2024-11-02,15:02,AMD026,1120,411,36.7,Low
AMD-RE-OCC01890,2024-11-02,15:18,AMD028,1120,453,40.5,Low
AMD-RE-OCC01891,2024-11-06,18:39,AMD030,840,916,109.1,Critical
AMD-RE-OCC01891,2024-11-06,18:28,AMD020,840,937,111.6,Critical
AMD-RE-OCC01891,2024-11-06,18:20,AMD023,840,849,101.2,High
AMD-RE-OCC01891,2024-11-06,18:45,AMD031,840,629,75.0,Medium
AMD-RE-OCC01891,2024-11-06,18:59,AMD022,840,849,101.1,High
AMD-RE-OCC01892,2024-11-06,14:21,AMD006,1200,176,14.7,Low
AMD-RE-OCC01892,2024-11-06,14:41,AMD020,1200,349,29.1,Low
AMD-RE-OCC01892,2024-11-06,14:28,AMD021,1200,873,72.8,Medium
AMD-RE-OCC01892,2024-11-06,14:49,AMD025,1200,202,16.9,Low
AMD-RE-OCC01893,2024-11-06,13:17,AMD007,840,253,30.2,Low
AMD-RE-OCC01893,2024-11-06,13:48,AMD027,840,320,38.2,Low
AMD-RE-OCC01893,2024-11-06,13:30,AMD033,840,270,32.2,Low
AMD-RE-OCC01893,2024-11-06,13:51,AMD028,840,369,44.0,Low
AMD-RE-OCC01893,2024-11-06,13:55,AMD003,840,185,22.1,Low
AMD-RE-OCC01893,2024-11-06,13:55,AMD022,840,256,30.5,Low
AMD-RE-OCC01894,2024-11-10,05:58,AMD031,1120,119,10.7,Low
AMD-RE-OCC01894,2024-11-10,05:34,AMD021,1120,467,41.8,Low
AMD-RE-OCC01894,2024-11-10,05:44,AMD028,1120,131,11.8,Low
AMD-RE-OCC01895,2024-11-10,19:13,AMD026,840,871,103.8,High
AMD-RE-OCC01895,2024-11-10,19:02,AMD003,840,932,111.0,Critical
AMD-RE-OCC01895,2024-11-10,19:34,AMD020,840,962,114.6,Critical
AMD-RE-OCC01895,2024-11-10,19:20,AMD028,840,876,104.4,High
AMD-RE-OCC01896,2024-11-10,09:12,AMD029,840,490,58.4,Medium
AMD-RE-OCC01896,2024-11-10,09:53,AMD026,840,741,88.3,High
AMD-RE-OCC01896,2024-11-10,09:54,AMD028,840,745,88.8,High
AMD-RE-OCC01896,2024-11-10,09:36,AMD020,840,630,75.1,Medium
AMD-RE-OCC01897,2024-11-14,17:25,AMD019,900,569,63.3,Medium
AMD-RE-OCC01897,2024-11-14,17:25,AMD006,900,398,44.3,Low
AMD-RE-OCC01897,2024-11-14,17:43,AMD024,900,597,66.4,Medium
AMD-RE-OCC01897,2024-11-14,17:11,AMD021,900,633,70.4,Medium
AMD-RE-OCC01897,2024-11-14,17:09,AMD027,900,523,58.1,Medium
AMD-RE-OCC01898,2024-11-14,16:41,AMD020,1120,412,36.9,Low
AMD-RE-OCC01898,2024-11-14,16:07,AMD021,1120,964,86.1,High
AMD-RE-OCC01898,2024-11-14,16:54,AMD032,1120,615,55.0,Medium
AMD-RE-OCC01898,2024-11-14,16:39,AMD030,1120,570,50.9,Medium
AMD-RE-OCC01899,2024-11-14,19:24,AMD031,900,701,77.9,Medium
AMD-RE-OCC01899,2024-11-14,19:03,AMD022,900,821,91.2,High
AMD-RE-OCC01899,2024-11-14,19:10,AMD029,900,402,44.8,Low
AMD-RE-OCC01900,2024-11-18,18:09,AMD029,900,639,71.1,Medium
AMD-RE-OCC01900,2024-11-18,18:43,AMD021,900,861,95.7,High
AMD-RE-OCC01900,2024-11-18,18:30,AMD024,900,837,93.1,High
AMD-RE-OCC01901,2024-11-18,10:10,AMD026,1120,682,61.0,Medium
AMD-RE-OCC01901,2024-11-18,10:40,AMD032,1120,832,74.3,Medium
AMD-RE-OCC01901,2024-11-18,10:32,AMD027,1120,538,48.1,Medium
AMD-RE-OCC01901,2024-11-18,10:46,AMD007,1120,748,66.8,Medium
AMD-RE-OCC01901,2024-11-18,10:24,AMD024,1120,397,35.5,Low
AMD-RE-OCC01901,2024-11-18,10:06,AMD022,1120,425,38.0,Low
AMD-RE-OCC01902,2024-11-18,21:16,AMD030,840,376,44.8,Low
AMD-RE-OCC01902,2024-11-18,21:48,AMD027,840,185,22.0,Low
AMD-RE-OCC01902,2024-11-18,21:46,AMD022,840,180,21.5,Low
AMD-RE-OCC01903,2024-11-22,18:36,AMD026,900,772,85.9,High
AMD-RE-OCC01903,2024-11-22,18:33,AMD032,900,831,92.4,High
AMD-RE-OCC01903,2024-11-22,18:53,AMD019,900,627,69.7,Medium
AMD-RE-OCC01904,2024-11-22,19:47,AMD033,900,713,79.3,Medium
AMD-RE-OCC01904,2024-11-22,19:50,AMD024,900,881,97.9,High
AMD-RE-OCC01904,2024-11-22,19:36,AMD021,900,639,71.0,Medium
AMD-RE-OCC01904,2024-11-22,19:03,AMD027,900,389,43.3,Low
AMD-RE-OCC01904,2024-11-22,19:41,AMD020,900,1101,122.3,Critical
AMD-RE-OCC01905,2024-11-22,21:13,AMD018,1120,164,14.7,Low
AMD-RE-OCC01905,2024-11-22,21:01,AMD027,1120,166,14.9,Low
AMD-RE-OCC01905,2024-11-22,21:34,AMD020,1120,453,40.5,Low
AMD-RE-OCC01905,2024-11-22,21:14,AMD019,1120,672,60.1,Medium
AMD-RE-OCC01905,2024-11-22,21:24,AMD031,1120,611,54.6,Medium
AMD-RE-OCC01906,2024-11-26,22:02,AMD025,840,190,22.7,Low
AMD-RE-OCC01906,2024-11-26,22:07,AMD030,840,198,23.7,Low
AMD-RE-OCC01906,2024-11-26,22:02,AMD021,840,546,65.0,Medium
AMD-RE-OCC01906,2024-11-26,22:12,AMD022,840,160,19.2,Low
AMD-RE-OCC01906,2024-11-26,22:03,AMD018,840,59,7.1,Low
AMD-RE-OCC01907,2024-11-26,20:17,AMD006,1200,782,65.2,Medium
AMD-RE-OCC01907,2024-11-26,20:14,AMD007,1200,1036,86.4,High
AMD-RE-OCC01907,2024-11-26,20:06,AMD025,1200,879,73.3,Medium
AMD-RE-OCC01907,2024-11-26,20:54,AMD003,1200,823,68.6,Medium
AMD-RE-OCC01907,2024-11-26,20:59,AMD027,1200,342,28.5,Low
AMD-RE-OCC01908,2024-11-26,10:47,AMD007,1120,1018,90.9,High
AMD-RE-OCC01908,2024-11-26,10:06,AMD025,1120,689,61.5,Medium
AMD-RE-OCC01908,2024-11-26,10:16,AMD029,1120,322,28.8,Low
AMD-RE-OCC01908,2024-11-26,10:39,AMD031,1120,484,43.3,Low
AMD-RE-OCC01908,2024-11-26,10:11,AMD006,1120,484,43.3,Low
AMD-RE-OCC01908,2024-11-26,10:31,AMD026,1120,664,59.3,Medium
AMD-RE-OCC01909,2024-11-30,20:19,AMD032,1200,1081,90.1,High
AMD-RE-OCC01909,2024-11-30,20:46,AMD018,1200,398,33.2,Low
AMD-RE-OCC01909,2024-11-30,20:00,AMD033,1200,908,75.7,Medium
AMD-RE-OCC01909,2024-11-30,20:39,AMD007,1200,1117,93.1,High
AMD-RE-OCC01909,2024-11-30,20:45,AMD027,1200,440,36.7,Low
AMD-RE-OCC01910,2024-11-30,15:36,AMD021,900,676,75.2,Medium
AMD-RE-OCC01910,2024-11-30,15:13,AMD027,900,546,60.8,Medium
AMD-RE-OCC01910,2024-11-30,15:39,AMD030,900,314,34.9,Low
AMD-RE-OCC01910,2024-11-30,15:34,AMD033,900,387,43.0,Low
AMD-RE-OCC01910,2024-11-30,15:25,AMD025,900,263,29.3,Low
AMD-RE-OCC01910,2024-11-30,15:00,AMD003,900,214,23.8,Low
AMD-RE-OCC01911,2024-11-30,20:11,AMD003,1120,899,80.3,High
AMD-RE-OCC01911,2024-11-30,20:56,AMD006,1120,739,66.0,Medium
AMD-RE-OCC01911,2024-11-30,20:45,AMD020,1120,681,60.8,Medium
AMD-RE-OCC01912,2024-12-04,10:02,AMD030,840,489,58.3,Medium
AMD-RE-OCC01912,2024-12-04,10:20,AMD018,840,235,28.1,Low
AMD-RE-OCC01912,2024-12-04,10:33,AMD003,840,385,45.9,Medium
AMD-RE-OCC01912,2024-12-04,10:09,AMD029,840,310,37.0,Low
AMD-RE-OCC01912,2024-12-04,10:41,AMD023,840,343,40.8,Low
AMD-RE-OCC01913,2024-12-04,19:20,AMD021,1120,1215,108.5,Critical
AMD-RE-OCC01913,2024-12-04,19:06,AMD022,1120,987,88.2,High
AMD-RE-OCC01913,2024-12-04,19:41,AMD033,1120,787,70.3,Medium
AMD-RE-OCC01914,2024-12-04,21:11,AMD031,900,345,38.3,Low
AMD-RE-OCC01914,2024-12-04,21:52,AMD022,900,300,33.4,Low
AMD-RE-OCC01914,2024-12-04,21:03,AMD026,900,518,57.6,Medium
AMD-RE-OCC01914,2024-12-04,21:04,AMD030,900,528,58.8,Medium
AMD-RE-OCC01915,2024-12-08,10:33,AMD028,900,588,65.3,Medium
AMD-RE-OCC01915,2024-12-08,10:58,AMD019,900,895,99.5,High
AMD-RE-OCC01915,2024-12-08,10:29,AMD031,900,462,51.4,Medium
AMD-RE-OCC01916,2024-12-08,08:13,AMD027,900,834,92.7,High
AMD-RE-OCC01916,2024-12-08,08:33,AMD025,900,746,83.0,High
AMD-RE-OCC01916,2024-12-08,08:43,AMD031,900,957,106.4,Critical
AMD-RE-OCC01916,2024-12-08,08:17,AMD033,900,566,62.9,Medium
AMD-RE-OCC01917,2024-12-08,20:18,AMD029,840,257,30.6,Low
AMD-RE-OCC01917,2024-12-08,20:29,AMD025,840,771,91.8,High
AMD-RE-OCC01917,2024-12-08,20:23,AMD028,840,773,92.0,High
AMD-RE-OCC01917,2024-12-08,20:22,AMD023,840,827,98.5,High
AMD-RE-OCC01917,2024-12-08,20:13,AMD033,840,508,60.6,Medium
AMD-RE-OCC01917,2024-12-08,20:15,AMD020,840,756,90.0,High
AMD-RE-OCC01918,2024-12-12,21:08,AMD029,900,132,14.8,Low
AMD-RE-OCC01918,2024-12-12,21:02,AMD022,900,263,29.3,Low
AMD-RE-OCC01918,2024-12-12,21:15,AMD019,900,536,59.6,Medium
AMD-RE-OCC01918,2024-12-12,21:43,AMD024,900,505,56.2,Medium
AMD-RE-OCC01918,2024-12-12,21:23,AMD003,900,324,36.1,Low
AMD-RE-OCC01919,2024-12-12,11:40,AMD018,1120,320,28.6,Low
AMD-RE-OCC01919,2024-12-12,11:34,AMD032,1120,605,54.0,Medium
AMD-RE-OCC01919,2024-12-12,11:30,AMD006,1120,386,34.5,Low
AMD-RE-OCC01919,2024-12-12,11:57,AMD033,1120,793,70.9,Medium
AMD-RE-OCC01920,2024-12-12,05:00,AMD007,900,91,10.1,Low
AMD-RE-OCC01920,2024-12-12,05:59,AMD021,900,259,28.8,Low
AMD-RE-OCC01920,2024-12-12,05:59,AMD003,900,70,7.8,Low
AMD-RE-OCC01921,2024-12-16,09:40,AMD027,1120,908,81.1,High
AMD-RE-OCC01921,2024-12-16,09:12,AMD018,1120,799,71.3,Medium
AMD-RE-OCC01921,2024-12-16,09:34,AMD024,1120,1019,91.0,High
AMD-RE-OCC01922,2024-12-16,20:54,AMD033,840,787,93.8,High
AMD-RE-OCC01922,2024-12-16,20:19,AMD031,840,678,80.8,High
AMD-RE-OCC01922,2024-12-16,20:32,AMD019,840,797,95.0,High
AMD-RE-OCC01922,2024-12-16,20:09,AMD026,840,706,84.1,High
AMD-RE-OCC01922,2024-12-16,20:02,AMD023,840,571,68.1,Medium
AMD-RE-OCC01922,2024-12-16,20:51,AMD018,840,269,32.1,Low
AMD-RE-OCC01923,2024-12-16,18:24,AMD018,900,535,59.5,Medium
AMD-RE-OCC01923,2024-12-16,18:36,AMD027,900,566,63.0,Medium
AMD-RE-OCC01923,2024-12-16,18:59,AMD028,900,860,95.6,High
AMD-RE-OCC01923,2024-12-16,18:57,AMD019,900,852,94.7,High
AMD-RE-OCC01923,2024-12-16,18:38,AMD007,900,824,91.6,High
AMD-RE-OCC01923,2024-12-16,18:20,AMD026,900,631,70.2,Medium
AMD-RE-OCC01924,2024-12-20,08:37,AMD006,840,897,106.8,Critical
AMD-RE-OCC01924,2024-12-20,08:18,AMD021,840,691,82.3,High
AMD-RE-OCC01924,2024-12-20,08:55,AMD029,840,882,105.0,Critical
AMD-RE-OCC01924,2024-12-20,08:38,AMD018,840,630,75.1,Medium
AMD-RE-OCC01924,2024-12-20,08:46,AMD003,840,674,80.3,High
AMD-RE-OCC01925,2024-12-20,17:27,AMD028,900,615,68.4,Medium
AMD-RE-OCC01925,2024-12-20,17:08,AMD003,900,598,66.5,Medium
AMD-RE-OCC01925,2024-12-20,17:39,AMD031,900,548,61.0,Medium
AMD-RE-OCC01925,2024-12-20,17:52,AMD018,900,527,58.6,Medium
AMD-RE-OCC01926,2024-12-20,17:41,AMD024,900,562,62.5,Medium
AMD-RE-OCC01926,2024-12-20,17:28,AMD027,900,615,68.4,Medium
AMD-RE-OCC01926,2024-12-20,17:59,AMD029,900,715,79.5,Medium
AMD-RE-OCC01927,2024-12-24,15:35,AMD003,1200,356,29.7,Low
AMD-RE-OCC01927,2024-12-24,15:32,AMD029,1200,750,62.5,Medium
AMD-RE-OCC01927,2024-12-24,15:35,AMD026,1200,400,33.4,Low
AMD-RE-OCC01927,2024-12-24,15:51,AMD025,1200,384,32.0,Low
AMD-RE-OCC01927,2024-12-24,15:54,AMD007,1200,510,42.5,Low
AMD-RE-OCC01928,2024-12-24,10:34,AMD019,900,870,96.7,High
AMD-RE-OCC01928,2024-12-24,10:33,AMD023,900,489,54.3,Medium
AMD-RE-OCC01928,2024-12-24,10:14,AMD022,900,350,39.0,Low
AMD-RE-OCC01928,2024-12-24,10:46,AMD025,900,475,52.8,Medium
AMD-RE-OCC01929,2024-12-24,22:13,AMD026,900,298,33.1,Low
AMD-RE-OCC01929,2024-12-24,22:14,AMD030,900,275,30.6,Low
AMD-RE-OCC01929,2024-12-24,22:49,AMD025,900,278,30.9,Low
AMD-RE-OCC01929,2024-12-24,22:50,AMD024,900,327,36.4,Low
AMD-RE-OCC01929,2024-12-24,22:24,AMD006,900,273,30.4,Low
AMD-RE-OCC01930,2024-12-28,10:28,AMD029,1200,405,33.8,Low
AMD-RE-OCC01930,2024-12-28,10:32,AMD028,1200,1007,84.0,High
AMD-RE-OCC01930,2024-12-28,10:20,AMD033,1200,1117,93.1,High
AMD-RE-OCC01930,2024-12-28,10:37,AMD018,1200,501,41.8,Low
AMD-RE-OCC01930,2024-12-28,10:24,AMD022,1200,506,42.2,Low
AMD-RE-OCC01931,2024-12-28,18:06,AMD028,900,898,99.8,High
AMD-RE-OCC01931,2024-12-28,18:03,AMD030,900,892,99.2,High
AMD-RE-OCC01931,2024-12-28,18:23,AMD022,900,868,96.5,High
AMD-RE-OCC01931,2024-12-28,18:48,AMD021,900,1059,117.7,Critical
AMD-RE-OCC01932,2024-12-28,10:11,AMD021,900,847,94.2,High
AMD-RE-OCC01932,2024-12-28,10:34,AMD018,900,321,35.7,Low
AMD-RE-OCC01932,2024-12-28,10:36,AMD003,900,343,38.1,Low
AMD-RE-OCC01932,2024-12-28,10:20,AMD024,900,411,45.7,Medium
KOC-LI-OCC01933,2024-10-01,10:02,KOC022,1120,979,87.5,High
KOC-LI-OCC01933,2024-10-01,10:03,KOC008,1120,549,49.1,Medium
KOC-LI-OCC01933,2024-10-01,10:39,KOC020,1120,811,72.4,Medium
KOC-LI-OCC01933,2024-10-01,10:50,KOC016,1120,386,34.5,Low
KOC-LI-OCC01934,2024-10-01,13:52,KOC013,840,265,31.6,Low
KOC-LI-OCC01934,2024-10-01,13:29,KOC020,840,338,40.3,Low
KOC-LI-OCC01934,2024-10-01,13:27,KOC012,840,307,36.6,Low
KOC-LI-OCC01934,2024-10-01,13:48,KOC011,840,306,36.5,Low
KOC-LI-OCC01935,2024-10-01,08:52,KOC003,1120,975,87.1,High
KOC-LI-OCC01935,2024-10-01,08:27,KOC021,1120,996,88.9,High
KOC-LI-OCC01935,2024-10-01,08:37,KOC017,1120,1103,98.5,High
KOC-LI-OCC01935,2024-10-01,08:12,KOC008,1120,1212,108.3,Critical
KOC-LI-OCC01936,2024-10-05,08:33,KOC002,900,575,63.9,Medium
KOC-LI-OCC01936,2024-10-05,08:43,KOC024,900,706,78.5,Medium
KOC-LI-OCC01936,2024-10-05,08:01,KOC010,900,1066,118.5,Critical
KOC-LI-OCC01937,2024-10-05,19:16,KOC009,900,913,101.5,High
KOC-LI-OCC01937,2024-10-05,19:42,KOC008,900,668,74.3,Medium
KOC-LI-OCC01937,2024-10-05,19:54,KOC017,900,732,81.3,High
KOC-LI-OCC01937,2024-10-05,19:29,KOC018,900,1067,118.6,Critical
KOC-LI-OCC01937,2024-10-05,19:00,KOC005,900,1093,121.5,Critical
KOC-LI-OCC01938,2024-10-05,20:59,KOC024,1200,946,78.9,Medium
KOC-LI-OCC01938,2024-10-05,20:58,KOC002,1200,778,64.9,Medium
KOC-LI-OCC01938,2024-10-05,20:56,KOC007,1200,391,32.6,Low
KOC-LI-OCC01938,2024-10-05,20:14,KOC021,1200,1140,95.1,High
KOC-LI-OCC01939,2024-10-09,09:54,KOC005,900,927,103.1,High
KOC-LI-OCC01939,2024-10-09,09:04,KOC019,900,999,111.0,Critical
KOC-LI-OCC01939,2024-10-09,09:03,KOC020,900,734,81.6,High
KOC-LI-OCC01939,2024-10-09,09:54,KOC008,900,813,90.4,High
KOC-LI-OCC01940,2024-10-09,13:11,KOC007,900,389,43.3,Low
KOC-LI-OCC01940,2024-10-09,13:24,KOC020,900,413,45.9,Medium
KOC-LI-OCC01940,2024-10-09,13:11,KOC008,900,200,22.3,Low
KOC-LI-OCC01940,2024-10-09,13:04,KOC024,900,506,56.2,Medium
KOC-LI-OCC01941,2024-10-09,11:57,KOC008,1120,374,33.4,Low
KOC-LI-OCC01941,2024-10-09,11:21,KOC020,1120,405,36.2,Low
KOC-LI-OCC01941,2024-10-09,11:50,KOC009,1120,353,31.5,Low
KOC-LI-OCC01941,2024-10-09,11:19,KOC023,1120,271,24.2,Low
KOC-LI-OCC01942,2024-10-13,21:29,KOC006,900,241,26.8,Low
KOC-LI-OCC01942,2024-10-13,21:21,KOC010,900,560,62.2,Medium
KOC-LI-OCC01942,2024-10-13,21:18,KOC014,900,518,57.6,Medium
KOC-LI-OCC01942,2024-10-13,21:50,KOC016,900,204,22.7,Low
KOC-LI-OCC01942,2024-10-13,21:58,KOC017,900,545,60.7,Medium
KOC-LI-OCC01943,2024-10-13,20:16,KOC011,1120,1101,98.4,High
KOC-LI-OCC01943,2024-10-13,20:01,KOC012,1120,387,34.6,Low
KOC-LI-OCC01943,2024-10-13,20:30,KOC025,1120,1040,92.9,High
KOC-LI-OCC01943,2024-10-13,20:50,KOC003,1120,704,62.9,Medium
KOC-LI-OCC01944,2024-10-13,13:29,KOC008,1120,235,21.0,Low
KOC-LI-OCC01944,2024-10-13,13:52,KOC019,1120,361,32.3,Low
KOC-LI-OCC01944,2024-10-13,13:18,KOC021,1120,258,23.1,Low
KOC-LI-OCC01944,2024-10-13,13:49,KOC003,1120,380,34.0,Low
KOC-LI-OCC01944,2024-10-13,13:41,KOC009,1120,185,16.6,Low
KOC-LI-OCC01944,2024-10-13,13:48,KOC023,1120,517,46.2,Medium
KOC-LI-OCC01945,2024-10-17,08:52,KOC014,840,987,117.6,Critical
KOC-LI-OCC01945,2024-10-17,08:54,KOC020,840,687,81.9,High
KOC-LI-OCC01945,2024-10-17,08:13,KOC006,840,839,99.9,High
KOC-LI-OCC01945,2024-10-17,08:06,KOC022,840,733,87.4,High
KOC-LI-OCC01945,2024-10-17,08:23,KOC010,840,686,81.7,High
KOC-LI-OCC01946,2024-10-17,23:06,KOC017,900,171,19.1,Low
KOC-LI-OCC01946,2024-10-17,23:00,KOC002,900,161,17.9,Low
KOC-LI-OCC01946,2024-10-17,23:52,KOC006,900,63,7.0,Low
KOC-LI-OCC01947,2024-10-17,10:14,KOC015,1120,1057,94.4,High
KOC-LI-OCC01947,2024-10-17,10:46,KOC009,1120,694,62.0,Medium
KOC-LI-OCC01947,2024-10-17,10:29,KOC019,1120,703,62.8,Medium
KOC-LI-OCC01947,2024-10-17,10:13,KOC018,1120,543,48.5,Medium
KOC-LI-OCC01948,2024-10-21,18:46,KOC004,1120,803,71.7,Medium
KOC-LI-OCC01948,2024-10-21,18:51,KOC010,1120,1096,97.9,High
KOC-LI-OCC01948,2024-10-21,18:28,KOC009,1120,1117,99.8,High
KOC-LI-OCC01948,2024-10-21,18:47,KOC024,1120,1087,97.1,High
KOC-LI-OCC01948,2024-10-21,18:34,KOC001,1120,848,75.8,Medium
KOC-LI-OCC01949,2024-10-21,08:49,KOC011,900,820,91.2,High
KOC-LI-OCC01949,2024-10-21,08:52,KOC007,900,733,81.5,High
KOC-LI-OCC01949,2024-10-21,08:20,KOC024,900,887,98.6,High
KOC-LI-OCC01950,2024-10-21,09:38,KOC018,840,623,74.2,Medium
KOC-LI-OCC01950,2024-10-21,09:44,KOC023,840,479,57.1,Medium
KOC-LI-OCC01950,2024-10-21,09:42,KOC004,840,621,74.0,Medium
KOC-LI-OCC01950,2024-10-21,09:29,KOC010,840,861,102.6,High
KOC-LI-OCC01951,2024-10-25,20:31,KOC014,840,750,89.4,High
KOC-LI-OCC01951,2024-10-25,20:19,KOC013,840,491,58.5,Medium
KOC-LI-OCC01951,2024-10-25,20:43,KOC022,840,658,78.4,Medium
KOC-LI-OCC01951,2024-10-25,20:28,KOC024,840,763,90.9,High
KOC-LI-OCC01951,2024-10-25,20:37,KOC004,840,826,98.4,High
KOC-LI-OCC01951,2024-10-25,20:37,KOC002,840,688,82.0,High
KOC-LI-OCC01952,2024-10-25,20:03,KOC001,840,487,58.1,Medium
KOC-LI-OCC01952,2024-10-25,20:38,KOC006,840,336,40.0,Low
KOC-LI-OCC01952,2024-10-25,20:57,KOC019,840,475,56.6,Medium
KOC-LI-OCC01952,2024-10-25,20:18,KOC020,840,619,73.7,Medium
KOC-LI-OCC01953,2024-10-25,10:18,KOC017,1200,931,77.6,Medium
KOC-LI-OCC01953,2024-10-25,10:45,KOC009,1200,585,48.8,Medium
KOC-LI-OCC01953,2024-10-25,10:59,KOC011,1200,705,58.8,Medium
KOC-LI-OCC01953,2024-10-25,10:20,KOC021,1200,521,43.5,Low
KOC-LI-OCC01953,2024-10-25,10:29,KOC001,1200,654,54.6,Medium
KOC-LI-OCC01954,2024-10-29,13:29,KOC019,1200,536,44.7,Low
KOC-LI-OCC01954,2024-10-29,13:18,KOC024,1200,894,74.5,Medium
KOC-LI-OCC01954,2024-10-29,13:05,KOC023,1200,349,29.1,Low
KOC-LI-OCC01955,2024-10-29,16:37,KOC005,900,356,39.7,Low
KOC-LI-OCC01955,2024-10-29,16:30,KOC010,900,347,38.6,Low
KOC-LI-OCC01955,2024-10-29,16:20,KOC017,900,362,40.3,Low
KOC-LI-OCC01955,2024-10-29,16:13,KOC004,900,381,42.4,Low
KOC-LI-OCC01956,2024-10-29,17:30,KOC021,840,494,58.8,Medium
KOC-LI-OCC01956,2024-10-29,17:25,KOC009,840,566,67.4,Medium
KOC-LI-OCC01956,2024-10-29,17:20,KOC004,840,403,48.1,Medium
KOC-LI-OCC01956,2024-10-29,17:32,KOC007,840,478,57.0,Medium
KOC-LI-OCC01956,2024-10-29,17:33,KOC002,840,588,70.1,Medium
KOC-LI-OCC01957,2024-11-02,19:34,KOC016,1120,401,35.8,Low
KOC-LI-OCC01957,2024-11-02,19:40,KOC013,1120,773,69.1,Medium
KOC-LI-OCC01957,2024-11-02,19:38,KOC021,1120,1029,91.9,High
KOC-LI-OCC01957,2024-11-02,19:47,KOC008,1120,1059,94.6,High
KOC-LI-OCC01957,2024-11-02,19:54,KOC011,1120,799,71.4,Medium
KOC-LI-OCC01957,2024-11-02,19:21,KOC022,1120,943,84.3,High
KOC-LI-OCC01958,2024-11-02,18:01,KOC011,840,627,74.7,Medium
KOC-LI-OCC01958,2024-11-02,18:29,KOC010,840,716,85.3,High
KOC-LI-OCC01958,2024-11-02,18:33,KOC020,840,871,103.7,High
KOC-LI-OCC01959,2024-11-02,07:48,KOC017,900,351,39.1,Low
KOC-LI-OCC01959,2024-11-02,07:05,KOC007,900,504,56.0,Medium
KOC-LI-OCC01959,2024-11-02,07:59,KOC014,900,581,64.6,Medium
KOC-LI-OCC01960,2024-11-06,17:26,KOC005,840,426,50.8,Medium
KOC-LI-OCC01960,2024-11-06,17:43,KOC007,840,688,82.0,High
KOC-LI-OCC01960,2024-11-06,17:40,KOC014,840,622,74.1,Medium
KOC-LI-OCC01961,2024-11-06,14:53,KOC014,840,158,18.9,Low
KOC-LI-OCC01961,2024-11-06,14:00,KOC018,840,173,20.7,Low
KOC-LI-OCC01961,2024-11-06,14:37,KOC006,840,377,45.0,Low
KOC-LI-OCC01961,2024-11-06,14:50,KOC025,840,373,44.5,Low
KOC-LI-OCC01961,2024-11-06,14:37,KOC019,840,293,34.9,Low
KOC-LI-OCC01961,2024-11-06,14:35,KOC020,840,268,31.9,Low
KOC-LI-OCC01962,2024-11-06,23:27,KOC025,1120,195,17.5,Low
KOC-LI-OCC01962,2024-11-06,23:31,KOC020,1120,222,19.9,Low
KOC-LI-OCC01962,2024-11-06,23:09,KOC021,1120,79,7.1,Low
KOC-LI-OCC01962,2024-11-06,23:53,KOC013,1120,139,12.4,Low
KOC-LI-OCC01962,2024-11-06,23:45,KOC005,1120,190,17.0,Low
KOC-LI-OCC01962,2024-11-06,23:45,KOC019,1120,230,20.6,Low
KOC-LI-OCC01963,2024-11-10,10:56,KOC020,840,743,88.5,High
KOC-LI-OCC01963,2024-11-10,10:23,KOC025,840,701,83.5,High
KOC-LI-OCC01963,2024-11-10,10:31,KOC021,840,484,57.7,Medium
KOC-LI-OCC01963,2024-11-10,10:13,KOC005,840,820,97.7,High
KOC-LI-OCC01964,2024-11-10,20:36,KOC012,1120,415,37.1,Low
KOC-LI-OCC01964,2024-11-10,20:14,KOC025,1120,973,86.9,High
KOC-LI-OCC01964,2024-11-10,20:52,KOC014,1120,676,60.4,Medium
KOC-LI-OCC01964,2024-11-10,20:34,KOC020,1120,853,76.2,Medium
KOC-LI-OCC01964,2024-11-10,20:40,KOC010,1120,627,56.1,Medium
KOC-LI-OCC01964,2024-11-10,20:23,KOC021,1120,928,82.9,High
KOC-LI-OCC01965,2024-11-10,10:54,KOC006,1120,373,33.3,Low
KOC-LI-OCC01965,2024-11-10,10:47,KOC023,1120,543,48.6,Medium
KOC-LI-OCC01965,2024-11-10,10:41,KOC018,1120,627,56.0,Medium
KOC-LI-OCC01966,2024-11-14,20:45,KOC002,900,801,89.0,High
KOC-LI-OCC01966,2024-11-14,20:17,KOC006,900,424,47.2,Medium
KOC-LI-OCC01966,2024-11-14,20:02,KOC013,900,533,59.3,Medium
KOC-LI-OCC01966,2024-11-14,20:33,KOC012,900,290,32.2,Low
KOC-LI-OCC01966,2024-11-14,20:05,KOC010,900,836,92.9,High
KOC-LI-OCC01967,2024-11-14,19:26,KOC025,840,849,101.2,High
KOC-LI-OCC01967,2024-11-14,19:37,KOC008,840,679,80.9,High
KOC-LI-OCC01967,2024-11-14,19:48,KOC022,840,837,99.7,High
KOC-LI-OCC01967,2024-11-14,19:07,KOC003,840,698,83.1,High
KOC-LI-OCC01967,2024-11-14,19:21,KOC023,840,303,36.2,Low
KOC-LI-OCC01967,2024-11-14,19:58,KOC012,840,286,34.0,Low
KOC-LI-OCC01968,2024-11-14,22:41,KOC003,900,301,33.5,Low
KOC-LI-OCC01968,2024-11-14,22:34,KOC020,900,245,27.2,Low
KOC-LI-OCC01968,2024-11-14,22:31,KOC008,900,313,34.9,Low
KOC-LI-OCC01968,2024-11-14,22:23,KOC023,900,89,10.0,Low
KOC-LI-OCC01968,2024-11-14,22:17,KOC021,900,331,36.8,Low
KOC-LI-OCC01968,2024-11-14,22:27,KOC011,900,216,24.1,Low
KOC-LI-OCC01969,2024-11-18,19:29,KOC025,840,723,86.1,High
KOC-LI-OCC01969,2024-11-18,19:47,KOC017,840,866,103.2,High
KOC-LI-OCC01969,2024-11-18,19:41,KOC019,840,742,88.4,High
KOC-LI-OCC01969,2024-11-18,19:03,KOC008,840,903,107.6,Critical
KOC-LI-OCC01970,2024-11-18,09:01,KOC003,1120,892,79.6,Medium
KOC-LI-OCC01970,2024-11-18,09:00,KOC009,1120,1132,101.1,High
KOC-LI-OCC01970,2024-11-18,09:01,KOC015,1120,1000,89.3,High
KOC-LI-OCC01970,2024-11-18,09:19,KOC008,1120,855,76.4,Medium
KOC-LI-OCC01970,2024-11-18,09:21,KOC023,1120,671,59.9,Medium
KOC-LI-OCC01970,2024-11-18,09:10,KOC013,1120,889,79.4,Medium
KOC-LI-OCC01971,2024-11-18,10:12,KOC017,840,659,78.5,Medium
KOC-LI-OCC01971,2024-11-18,10:05,KOC002,840,528,62.9,Medium
KOC-LI-OCC01971,2024-11-18,10:14,KOC006,840,324,38.6,Low
KOC-LI-OCC01972,2024-11-22,19:45,KOC008,1120,1094,97.8,High
KOC-LI-OCC01972,2024-11-22,19:09,KOC010,1120,1119,100.0,High
KOC-LI-OCC01972,2024-11-22,19:45,KOC013,1120,754,67.4,Medium
KOC-LI-OCC01972,2024-11-22,19:37,KOC015,1120,804,71.8,Medium
KOC-LI-OCC01973,2024-11-22,22:43,KOC004,900,266,29.6,Low
KOC-LI-OCC01973,2024-11-22,22:19,KOC003,900,198,22.1,Low
KOC-LI-OCC01973,2024-11-22,22:41,KOC025,900,231,25.7,Low
KOC-LI-OCC01973,2024-11-22,22:22,KOC009,900,283,31.6,Low
KOC-LI-OCC01973,2024-11-22,22:11,KOC018,900,249,27.7,Low
KOC-LI-OCC01974,2024-11-22,10:43,KOC010,1200,456,38.1,Low
KOC-LI-OCC01974,2024-11-22,10:44,KOC009,1200,666,55.5,Medium
KOC-LI-OCC01974,2024-11-22,10:46,KOC021,1200,587,48.9,Medium
KOC-LI-OCC01974,2024-11-22,10:58,KOC006,1200,404,33.7,Low
KOC-LI-OCC01974,2024-11-22,10:04,KOC007,1200,391,32.6,Low
KOC-LI-OCC01975,2024-11-26,15:13,KOC020,1120,448,40.0,Low
KOC-LI-OCC01975,2024-11-26,15:26,KOC015,1120,482,43.1,Low
KOC-LI-OCC01975,2024-11-26,15:15,KOC025,1120,454,40.5,Low
KOC-LI-OCC01975,2024-11-26,15:40,KOC018,1120,329,29.4,Low
KOC-LI-OCC01975,2024-11-26,15:02,KOC002,1120,519,46.4,Medium
KOC-LI-OCC01975,2024-11-26,15:09,KOC004,1120,395,35.3,Low
KOC-LI-OCC01976,2024-11-26,15:08,KOC006,900,382,42.5,Low
KOC-LI-OCC01976,2024-11-26,15:51,KOC005,900,396,44.1,Low
KOC-LI-OCC01976,2024-11-26,15:52,KOC001,900,233,25.9,Low
KOC-LI-OCC01976,2024-11-26,15:38,KOC007,900,508,56.5,Medium
KOC-LI-OCC01977,2024-11-26,20:50,KOC024,840,831,99.0,High
KOC-LI-OCC01977,2024-11-26,20:32,KOC020,840,605,72.1,Medium
KOC-LI-OCC01977,2024-11-26,20:45,KOC023,840,281,33.5,Low
KOC-LI-OCC01977,2024-11-26,20:08,KOC001,840,572,68.1,Medium
KOC-LI-OCC01977,2024-11-26,20:42,KOC005,840,534,63.6,Medium
KOC-LI-OCC01978,2024-11-30,18:57,KOC012,840,598,71.2,Medium
KOC-LI-OCC01978,2024-11-30,18:58,KOC017,840,638,76.0,Medium
KOC-LI-OCC01978,2024-11-30,18:28,KOC021,840,856,102.0,High
KOC-LI-OCC01978,2024-11-30,18:45,KOC023,840,548,65.3,Medium
KOC-LI-OCC01978,2024-11-30,18:08,KOC011,840,732,87.2,High
KOC-LI-OCC01979,2024-11-30,20:48,KOC002,840,691,82.4,High
KOC-LI-OCC01979,2024-11-30,20:56,KOC012,840,180,21.5,Low
KOC-LI-OCC01979,2024-11-30,20:39,KOC011,840,733,87.3,High
KOC-LI-OCC01979,2024-11-30,20:17,KOC023,840,253,30.2,Low
KOC-LI-OCC01979,2024-11-30,20:59,KOC010,840,510,60.7,Medium
KOC-LI-OCC01979,2024-11-30,20:40,KOC004,840,523,62.3,Medium
KOC-LI-OCC01980,2024-11-30,18:12,KOC013,1120,789,70.5,Medium
KOC-LI-OCC01980,2024-11-30,18:05,KOC010,1120,1220,109.0,Critical
KOC-LI-OCC01980,2024-11-30,18:51,KOC004,1120,926,82.8,High
KOC-LI-OCC01980,2024-11-30,18:43,KOC011,1120,981,87.7,High
KOC-LI-OCC01981,2024-12-04,09:11,KOC002,840,970,115.5,Critical
KOC-LI-OCC01981,2024-12-04,09:02,KOC021,840,765,91.2,High
KOC-LI-OCC01981,2024-12-04,09:14,KOC012,840,498,59.3,Medium
KOC-LI-OCC01981,2024-12-04,09:49,KOC016,840,719,85.6,High
KOC-LI-OCC01981,2024-12-04,09:34,KOC006,840,703,83.8,High
KOC-LI-OCC01981,2024-12-04,09:52,KOC018,840,718,85.5,High
KOC-LI-OCC01982,2024-12-04,05:04,KOC014,900,94,10.5,Low
KOC-LI-OCC01982,2024-12-04,05:39,KOC010,900,86,9.6,Low
KOC-LI-OCC01982,2024-12-04,05:13,KOC020,900,87,9.8,Low
KOC-LI-OCC01982,2024-12-04,05:04,KOC004,900,73,8.2,Low
KOC-LI-OCC01982,2024-12-04,05:08,KOC016,900,65,7.3,Low
KOC-LI-OCC01982,2024-12-04,05:52,KOC005,900,103,11.5,Low
KOC-LI-OCC01983,2024-12-04,18:48,KOC022,1120,787,70.3,Medium
KOC-LI-OCC01983,2024-12-04,18:17,KOC018,1120,1064,95.1,High
KOC-LI-OCC01983,2024-12-04,18:54,KOC016,1120,513,45.8,Medium
KOC-LI-OCC01983,2024-12-04,18:00,KOC002,1120,885,79.0,Medium
KOC-LI-OCC01983,2024-12-04,18:19,KOC012,1120,618,55.2,Medium
KOC-LI-OCC01983,2024-12-04,18:37,KOC003,1120,937,83.7,High
KOC-LI-OCC01984,2024-12-08,17:23,KOC014,900,468,52.1,Medium
KOC-LI-OCC01984,2024-12-08,17:37,KOC010,900,424,47.2,Medium
KOC-LI-OCC01984,2024-12-08,17:35,KOC021,900,599,66.7,Medium
KOC-LI-OCC01985,2024-12-08,18:10,KOC015,1200,948,79.1,Medium
KOC-LI-OCC01985,2024-12-08,18:10,KOC024,1200,1352,112.7,Critical
KOC-LI-OCC01985,2024-12-08,18:24,KOC005,1200,994,82.9,High
KOC-LI-OCC01985,2024-12-08,18:47,KOC022,1200,1295,107.9,Critical
KOC-LI-OCC01985,2024-12-08,18:48,KOC023,1200,535,44.6,Low
KOC-LI-OCC01986,2024-12-08,22:58,KOC015,900,336,37.4,Low
KOC-LI-OCC01986,2024-12-08,22:17,KOC024,900,552,61.4,Medium
KOC-LI-OCC01986,2024-12-08,22:29,KOC010,900,293,32.6,Low
KOC-LI-OCC01986,2024-12-08,22:55,KOC005,900,213,23.8,Low
KOC-LI-OCC01987,2024-12-12,18:21,KOC009,1120,708,63.3,Medium
KOC-LI-OCC01987,2024-12-12,18:02,KOC016,1120,801,71.6,Medium
KOC-LI-OCC01987,2024-12-12,18:46,KOC004,1120,970,86.7,High
KOC-LI-OCC01987,2024-12-12,18:09,KOC015,1120,713,63.7,Medium
KOC-LI-OCC01987,2024-12-12,18:25,KOC023,1120,821,73.3,Medium
KOC-LI-OCC01988,2024-12-12,15:25,KOC001,1120,372,33.3,Low
KOC-LI-OCC01988,2024-12-12,15:57,KOC005,1120,448,40.0,Low
KOC-LI-OCC01988,2024-12-12,15:08,KOC004,1120,408,36.5,Low
KOC-LI-OCC01988,2024-12-12,15:46,KOC012,1120,720,64.3,Medium
KOC-LI-OCC01989,2024-12-12,06:15,KOC008,840,209,24.9,Low
KOC-LI-OCC01989,2024-12-12,06:33,KOC002,840,138,16.5,Low
KOC-LI-OCC01989,2024-12-12,06:00,KOC010,840,250,29.8,Low
KOC-LI-OCC01989,2024-12-12,06:58,KOC011,840,134,16.1,Low
KOC-LI-OCC01989,2024-12-12,06:27,KOC022,840,128,15.3,Low
KOC-LI-OCC01989,2024-12-12,06:58,KOC020,840,177,21.2,Low
KOC-LI-OCC01990,2024-12-16,11:02,KOC016,1120,379,33.9,Low
KOC-LI-OCC01990,2024-12-16,11:15,KOC004,1120,394,35.2,Low
KOC-LI-OCC01990,2024-12-16,11:44,KOC022,1120,690,61.6,Medium
KOC-LI-OCC01990,2024-12-16,11:26,KOC025,1120,484,43.2,Low
KOC-LI-OCC01991,2024-12-16,15:50,KOC012,1120,700,62.5,Medium
KOC-LI-OCC01991,2024-12-16,15:33,KOC005,1120,495,44.3,Low
KOC-LI-OCC01991,2024-12-16,15:31,KOC017,1120,426,38.1,Low
KOC-LI-OCC01991,2024-12-16,15:40,KOC003,1120,454,40.6,Low
KOC-LI-OCC01992,2024-12-16,10:17,KOC002,900,529,58.8,Medium
KOC-LI-OCC01992,2024-12-16,10:34,KOC005,900,972,108.1,Critical
KOC-LI-OCC01992,2024-12-16,10:57,KOC015,900,615,68.4,Medium
KOC-LI-OCC01992,2024-12-16,10:21,KOC008,900,333,37.0,Low
KOC-LI-OCC01992,2024-12-16,10:05,KOC018,900,331,36.8,Low
KOC-LI-OCC01992,2024-12-16,10:46,KOC013,900,338,37.7,Low
KOC-LI-OCC01993,2024-12-20,12:23,KOC006,900,319,35.5,Low
KOC-LI-OCC01993,2024-12-20,12:03,KOC011,900,391,43.5,Low
KOC-LI-OCC01993,2024-12-20,12:15,KOC002,900,421,46.8,Medium
KOC-LI-OCC01994,2024-12-20,05:26,KOC020,1200,97,8.1,Low
KOC-LI-OCC01994,2024-12-20,05:58,KOC009,1200,127,10.6,Low
KOC-LI-OCC01994,2024-12-20,05:34,KOC008,1200,118,9.9,Low
KOC-LI-OCC01994,2024-12-20,05:49,KOC013,1200,246,20.5,Low
KOC-LI-OCC01994,2024-12-20,05:17,KOC004,1200,146,12.2,Low
KOC-LI-OCC01994,2024-12-20,05:02,KOC005,1200,127,10.6,Low
KOC-LI-OCC01995,2024-12-20,11:09,KOC010,900,235,26.2,Low
KOC-LI-OCC01995,2024-12-20,11:04,KOC022,900,627,69.8,Medium
KOC-LI-OCC01995,2024-12-20,11:58,KOC020,900,423,47.1,Medium
KOC-LI-OCC01995,2024-12-20,11:18,KOC016,900,310,34.5,Low
KOC-LI-OCC01996,2024-12-24,19:11,KOC015,900,878,97.7,High
KOC-LI-OCC01996,2024-12-24,19:54,KOC022,900,802,89.2,High
KOC-LI-OCC01996,2024-12-24,19:03,KOC023,900,423,47.0,Medium
KOC-LI-OCC01996,2024-12-24,19:51,KOC010,900,669,74.4,Medium
KOC-LI-OCC01996,2024-12-24,19:52,KOC013,900,603,67.1,Medium
KOC-LI-OCC01997,2024-12-24,22:45,KOC001,840,229,27.3,Low
KOC-LI-OCC01997,2024-12-24,22:43,KOC007,840,84,10.0,Low
KOC-LI-OCC01997,2024-12-24,22:59,KOC004,840,212,25.3,Low
KOC-LI-OCC01997,2024-12-24,22:01,KOC008,840,246,29.4,Low
KOC-LI-OCC01998,2024-12-24,09:37,KOC016,900,869,96.7,High
KOC-LI-OCC01998,2024-12-24,09:37,KOC015,900,694,77.2,Medium
KOC-LI-OCC01998,2024-12-24,09:39,KOC013,900,769,85.5,High
KOC-LI-OCC01999,2024-12-28,20:12,KOC004,900,814,90.5,High
KOC-LI-OCC01999,2024-12-28,20:49,KOC014,900,746,83.0,High
KOC-LI-OCC01999,2024-12-28,20:55,KOC011,900,767,85.3,High
KOC-LI-OCC02000,2024-12-28,21:40,KOC004,1200,557,46.5,Medium
KOC-LI-OCC02000,2024-12-28,21:48,KOC008,1200,557,46.4,Medium
KOC-LI-OCC02000,2024-12-28,21:42,KOC020,1200,557,46.5,Medium
KOC-LI-OCC02001,2024-12-28,19:24,KOC007,1120,331,29.6,Low
KOC-LI-OCC02001,2024-12-28,19:52,KOC017,1120,919,82.1,High
KOC-LI-OCC02001,2024-12-28,19:49,KOC020,1120,1346,120.2,Critical
LKO-RE-OCC02002,2024-10-01,09:55,LKO011,900,648,72.0,Medium
LKO-RE-OCC02002,2024-10-01,09:13,LKO019,900,944,104.9,High
LKO-RE-OCC02002,2024-10-01,09:18,LKO001,900,612,68.0,Medium
LKO-RE-OCC02002,2024-10-01,09:17,LKO004,900,821,91.3,High
LKO-RE-OCC02003,2024-10-01,08:04,LKO017,840,915,108.9,Critical
LKO-RE-OCC02003,2024-10-01,08:55,LKO012,840,439,52.3,Medium
LKO-RE-OCC02003,2024-10-01,08:36,LKO009,840,568,67.7,Medium
LKO-RE-OCC02003,2024-10-01,08:13,LKO001,840,510,60.8,Medium
LKO-RE-OCC02003,2024-10-01,08:59,LKO002,840,856,102.0,High
LKO-RE-OCC02004,2024-10-01,08:03,LKO013,840,536,63.8,Medium
LKO-RE-OCC02004,2024-10-01,08:16,LKO019,840,619,73.7,Medium
LKO-RE-OCC02004,2024-10-01,08:44,LKO007,840,802,95.5,High
LKO-RE-OCC02005,2024-10-05,18:02,LKO016,1120,781,69.8,Medium
LKO-RE-OCC02005,2024-10-05,18:57,LKO017,1120,1258,112.4,Critical
LKO-RE-OCC02005,2024-10-05,18:10,LKO008,1120,860,76.8,Medium
LKO-RE-OCC02005,2024-10-05,18:27,LKO018,1120,977,87.3,High
LKO-RE-OCC02006,2024-10-05,19:57,LKO004,840,841,100.2,High
LKO-RE-OCC02006,2024-10-05,19:13,LKO006,840,644,76.7,Medium
LKO-RE-OCC02006,2024-10-05,19:47,LKO013,840,846,100.8,High
LKO-RE-OCC02006,2024-10-05,19:34,LKO016,840,251,30.0,Low
LKO-RE-OCC02007,2024-10-05,08:50,LKO001,1200,1166,97.2,High
LKO-RE-OCC02007,2024-10-05,08:04,LKO014,1200,1343,111.9,Critical
LKO-RE-OCC02007,2024-10-05,08:09,LKO009,1200,1097,91.4,High
LKO-RE-OCC02007,2024-10-05,08:55,LKO013,1200,1011,84.3,High
LKO-RE-OCC02007,2024-10-05,08:43,LKO016,1200,880,73.4,Medium
LKO-RE-OCC02007,2024-10-05,08:22,LKO012,1200,878,73.2,Medium
LKO-RE-OCC02008,2024-10-09,20:37,LKO003,1200,689,57.5,Medium
LKO-RE-OCC02008,2024-10-09,20:27,LKO004,1200,1149,95.8,High
LKO-RE-OCC02008,2024-10-09,20:21,LKO017,1200,876,73.1,Medium
LKO-RE-OCC02008,2024-10-09,20:28,LKO012,1200,1065,88.8,High
LKO-RE-OCC02008,2024-10-09,20:50,LKO007,1200,1083,90.3,High
LKO-RE-OCC02008,2024-10-09,20:58,LKO005,1200,794,66.2,Medium
LKO-RE-OCC02009,2024-10-09,08:02,LKO007,1120,765,68.3,Medium
LKO-RE-OCC02009,2024-10-09,08:25,LKO017,1120,1112,99.4,High
LKO-RE-OCC02009,2024-10-09,08:45,LKO019,1120,1037,92.7,High
LKO-RE-OCC02009,2024-10-09,08:05,LKO002,1120,1281,114.4,Critical
LKO-RE-OCC02009,2024-10-09,08:37,LKO011,1120,1186,105.9,Critical
LKO-RE-OCC02010,2024-10-09,16:50,LKO017,900,324,36.0,Low
LKO-RE-OCC02010,2024-10-09,16:05,LKO016,900,654,72.7,Medium
LKO-RE-OCC02010,2024-10-09,16:37,LKO018,900,482,53.6,Medium
LKO-RE-OCC02010,2024-10-09,16:00,LKO020,900,317,35.3,Low
LKO-RE-OCC02010,2024-10-09,16:57,LKO010,900,882,98.0,High
LKO-RE-OCC02011,2024-10-13,17:37,LKO019,900,773,85.9,High
LKO-RE-OCC02011,2024-10-13,17:15,LKO020,900,691,76.8,Medium
LKO-RE-OCC02011,2024-10-13,17:49,LKO006,900,713,79.2,Medium
LKO-RE-OCC02012,2024-10-13,10:24,LKO002,1120,576,51.5,Medium
LKO-RE-OCC02012,2024-10-13,10:47,LKO019,1120,911,81.4,High
LKO-RE-OCC02012,2024-10-13,10:26,LKO003,1120,446,39.8,Low
LKO-RE-OCC02013,2024-10-13,18:41,LKO017,900,918,102.1,High
LKO-RE-OCC02013,2024-10-13,18:49,LKO007,900,1011,112.4,Critical
LKO-RE-OCC02013,2024-10-13,18:25,LKO003,900,857,95.3,High
LKO-RE-OCC02013,2024-10-13,18:18,LKO012,900,723,80.4,High
LKO-RE-OCC02013,2024-10-13,18:08,LKO008,900,832,92.5,High
LKO-RE-OCC02013,2024-10-13,18:08,LKO005,900,795,88.4,High
LKO-RE-OCC02014,2024-10-17,18:26,LKO006,900,719,79.9,Medium
LKO-RE-OCC02014,2024-10-17,18:01,LKO019,900,950,105.6,Critical
LKO-RE-OCC02014,2024-10-17,18:19,LKO015,900,585,65.1,Medium
LKO-RE-OCC02014,2024-10-17,18:35,LKO018,900,961,106.9,Critical
LKO-RE-OCC02015,2024-10-17,17:54,LKO015,1200,789,65.8,Medium
LKO-RE-OCC02015,2024-10-17,17:58,LKO021,1200,861,71.8,Medium
LKO-RE-OCC02015,2024-10-17,17:55,LKO008,1200,823,68.7,Medium
LKO-RE-OCC02015,2024-10-17,17:00,LKO017,1200,875,72.9,Medium
LKO-RE-OCC02016,2024-10-17,19:13,LKO021,840,810,96.5,High
LKO-RE-OCC02016,2024-10-17,19:51,LKO003,840,665,79.3,Medium
LKO-RE-OCC02016,2024-10-17,19:47,LKO007,840,672,80.1,High
LKO-RE-OCC02016,2024-10-17,19:05,LKO008,840,786,93.6,High
LKO-RE-OCC02017,2024-10-21,10:16,LKO017,900,560,62.3,Medium
LKO-RE-OCC02017,2024-10-21,10:55,LKO005,900,405,45.1,Medium
LKO-RE-OCC02017,2024-10-21,10:24,LKO001,900,720,80.1,High
LKO-RE-OCC02017,2024-10-21,10:24,LKO015,900,330,36.7,Low
LKO-RE-OCC02018,2024-10-21,08:00,LKO020,840,889,105.9,Critical
LKO-RE-OCC02018,2024-10-21,08:15,LKO016,840,709,84.5,High
LKO-RE-OCC02018,2024-10-21,08:23,LKO008,840,837,99.7,High
LKO-RE-OCC02018,2024-10-21,08:53,LKO011,840,980,116.7,Critical
LKO-RE-OCC02018,2024-10-21,08:59,LKO019,840,598,71.2,Medium
LKO-RE-OCC02018,2024-10-21,08:14,LKO004,840,418,49.9,Medium
LKO-RE-OCC02019,2024-10-21,08:54,LKO003,900,802,89.2,High
LKO-RE-OCC02019,2024-10-21,08:06,LKO017,900,976,108.5,Critical
LKO-RE-OCC02019,2024-10-21,08:28,LKO018,900,859,95.5,High
LKO-RE-OCC02019,2024-10-21,08:08,LKO015,900,776,86.3,High
LKO-RE-OCC02019,2024-10-21,08:32,LKO010,900,1020,113.4,Critical
LKO-RE-OCC02019,2024-10-21,08:28,LKO019,900,641,71.2,Medium
LKO-RE-OCC02020,2024-10-25,20:57,LKO005,900,882,98.1,High
LKO-RE-OCC02020,2024-10-25,20:21,LKO008,900,769,85.5,High
LKO-RE-OCC02020,2024-10-25,20:03,LKO013,900,695,77.2,Medium
LKO-RE-OCC02021,2024-10-25,08:45,LKO018,1200,1005,83.8,High
LKO-RE-OCC02021,2024-10-25,08:38,LKO003,1200,904,75.4,Medium
LKO-RE-OCC02021,2024-10-25,08:32,LKO002,1200,1191,99.3,High
LKO-RE-OCC02021,2024-10-25,08:01,LKO016,1200,957,79.8,Medium
LKO-RE-OCC02021,2024-10-25,08:51,LKO007,1200,1129,94.1,High
LKO-RE-OCC02022,2024-10-25,20:23,LKO011,900,598,66.5,Medium
LKO-RE-OCC02022,2024-10-25,20:13,LKO001,900,767,85.3,High
LKO-RE-OCC02022,2024-10-25,20:12,LKO009,900,809,90.0,High
LKO-RE-OCC02022,2024-10-25,20:43,LKO021,900,755,84.0,High
LKO-RE-OCC02022,2024-10-25,20:16,LKO004,900,579,64.4,Medium
LKO-RE-OCC02023,2024-10-29,15:05,LKO020,840,341,40.7,Low
LKO-RE-OCC02023,2024-10-29,15:24,LKO006,840,698,83.2,High
LKO-RE-OCC02023,2024-10-29,15:14,LKO005,840,234,27.9,Low
LKO-RE-OCC02023,2024-10-29,15:15,LKO001,840,585,69.7,Medium
LKO-RE-OCC02023,2024-10-29,15:33,LKO004,840,311,37.1,Low
LKO-RE-OCC02023,2024-10-29,15:48,LKO008,840,312,37.2,Low
LKO-RE-OCC02024,2024-10-29,18:24,LKO017,1200,1094,91.2,High
LKO-RE-OCC02024,2024-10-29,18:33,LKO015,1200,796,66.4,Medium
LKO-RE-OCC02024,2024-10-29,18:54,LKO016,1200,756,63.1,Medium
LKO-RE-OCC02024,2024-10-29,18:52,LKO009,1200,1249,104.1,High
LKO-RE-OCC02025,2024-10-29,19:36,LKO010,1200,1272,106.1,Critical
LKO-RE-OCC02025,2024-10-29,19:46,LKO005,1200,1208,100.7,High
LKO-RE-OCC02025,2024-10-29,19:04,LKO016,1200,424,35.4,Low
LKO-RE-OCC02025,2024-10-29,19:16,LKO008,1200,998,83.2,High
LKO-RE-OCC02025,2024-10-29,19:48,LKO013,1200,1211,101.0,High
LKO-RE-OCC02026,2024-11-02,08:44,LKO013,1120,700,62.5,Medium
LKO-RE-OCC02026,2024-11-02,08:07,LKO021,1120,995,88.9,High
LKO-RE-OCC02026,2024-11-02,08:43,LKO004,1120,694,62.0,Medium
LKO-RE-OCC02026,2024-11-02,08:51,LKO012,1120,960,85.7,High
LKO-RE-OCC02026,2024-11-02,08:02,LKO006,1120,1254,112.1,Critical
LKO-RE-OCC02027,2024-11-02,12:36,LKO007,1200,458,38.2,Low
LKO-RE-OCC02027,2024-11-02,12:06,LKO018,1200,492,41.0,Low
LKO-RE-OCC02027,2024-11-02,12:43,LKO017,1200,265,22.2,Low
LKO-RE-OCC02027,2024-11-02,12:40,LKO014,1200,299,24.9,Low
LKO-RE-OCC02028,2024-11-02,10:33,LKO009,1200,741,61.8,Medium
LKO-RE-OCC02028,2024-11-02,10:55,LKO002,1200,595,49.6,Medium
LKO-RE-OCC02028,2024-11-02,10:09,LKO001,1200,940,78.4,Medium
LKO-RE-OCC02028,2024-11-02,10:43,LKO019,1200,751,62.6,Medium
LKO-RE-OCC02029,2024-11-06,14:08,LKO012,840,237,28.3,Low
LKO-RE-OCC02029,2024-11-06,14:29,LKO011,840,163,19.5,Low
LKO-RE-OCC02029,2024-11-06,14:35,LKO008,840,148,17.7,Low
LKO-RE-OCC02029,2024-11-06,14:25,LKO009,840,406,48.4,Medium
LKO-RE-OCC02030,2024-11-06,17:31,LKO019,900,554,61.7,Medium
LKO-RE-OCC02030,2024-11-06,17:29,LKO006,900,998,110.9,Critical
LKO-RE-OCC02030,2024-11-06,17:44,LKO010,900,839,93.3,High
LKO-RE-OCC02030,2024-11-06,17:11,LKO012,900,578,64.3,Medium
LKO-RE-OCC02030,2024-11-06,17:53,LKO002,900,564,62.7,Medium
LKO-RE-OCC02030,2024-11-06,17:03,LKO009,900,444,49.4,Medium
LKO-RE-OCC02031,2024-11-06,10:52,LKO010,900,596,66.2,Medium
LKO-RE-OCC02031,2024-11-06,10:47,LKO007,900,669,74.4,Medium
LKO-RE-OCC02031,2024-11-06,10:27,LKO008,900,365,40.6,Low
LKO-RE-OCC02031,2024-11-06,10:21,LKO019,900,805,89.5,High
LKO-RE-OCC02031,2024-11-06,10:39,LKO013,900,671,74.6,Medium
LKO-RE-OCC02032,2024-11-10,19:10,LKO002,1200,1372,114.3,Critical
LKO-RE-OCC02032,2024-11-10,19:35,LKO013,1200,1216,101.4,High
LKO-RE-OCC02032,2024-11-10,19:15,LKO004,1200,1432,119.4,Critical
LKO-RE-OCC02033,2024-11-10,18:13,LKO019,900,871,96.8,High
LKO-RE-OCC02033,2024-11-10,18:15,LKO014,900,460,51.2,Medium
LKO-RE-OCC02033,2024-11-10,18:24,LKO017,900,715,79.5,Medium
LKO-RE-OCC02033,2024-11-10,18:40,LKO002,900,688,76.5,Medium
LKO-RE-OCC02033,2024-11-10,18:14,LKO015,900,556,61.8,Medium
LKO-RE-OCC02033,2024-11-10,18:48,LKO001,900,678,75.4,Medium
LKO-RE-OCC02034,2024-11-10,23:51,LKO005,1120,130,11.7,Low
LKO-RE-OCC02034,2024-11-10,23:18,LKO020,1120,105,9.4,Low
LKO-RE-OCC02034,2024-11-10,23:52,LKO008,1120,114,10.2,Low
LKO-RE-OCC02034,2024-11-10,23:57,LKO018,1120,196,17.5,Low
LKO-RE-OCC02034,2024-11-10,23:45,LKO010,1120,436,39.0,Low
LKO-RE-OCC02034,2024-11-10,23:47,LKO003,1120,107,9.6,Low
LKO-RE-OCC02035,2024-11-14,10:16,LKO016,840,403,48.1,Medium
LKO-RE-OCC02035,2024-11-14,10:20,LKO012,840,659,78.5,Medium
LKO-RE-OCC02035,2024-11-14,10:56,LKO005,840,497,59.2,Medium
LKO-RE-OCC02036,2024-11-14,13:35,LKO014,900,363,40.4,Low
LKO-RE-OCC02036,2024-11-14,13:26,LKO012,900,334,37.2,Low
LKO-RE-OCC02036,2024-11-14,13:22,LKO016,900,446,49.6,Medium
LKO-RE-OCC02037,2024-11-14,09:30,LKO018,900,803,89.2,High
LKO-RE-OCC02037,2024-11-14,09:23,LKO016,900,896,99.6,High
LKO-RE-OCC02037,2024-11-14,09:58,LKO012,900,636,70.7,Medium
LKO-RE-OCC02038,2024-11-18,12:54,LKO007,1200,412,34.4,Low
LKO-RE-OCC02038,2024-11-18,12:58,LKO020,1200,418,34.8,Low
LKO-RE-OCC02038,2024-11-18,12:24,LKO014,1200,333,27.8,Low
LKO-RE-OCC02038,2024-11-18,12:51,LKO021,1200,484,40.4,Low
LKO-RE-OCC02038,2024-11-18,12:19,LKO008,1200,299,25.0,Low
LKO-RE-OCC02039,2024-11-18,23:25,LKO001,900,772,85.8,High
LKO-RE-OCC02039,2024-11-18,23:55,LKO012,900,206,22.9,Low
LKO-RE-OCC02039,2024-11-18,23:34,LKO020,900,108,12.0,Low
LKO-RE-OCC02039,2024-11-18,23:39,LKO017,900,63,7.1,Low
LKO-RE-OCC02039,2024-11-18,23:22,LKO019,900,194,21.6,Low
LKO-RE-OCC02040,2024-11-18,10:44,LKO019,1120,962,85.9,High
LKO-RE-OCC02040,2024-11-18,10:24,LKO018,1120,761,68.0,Medium
LKO-RE-OCC02040,2024-11-18,10:15,LKO007,1120,642,57.3,Medium
LKO-RE-OCC02040,2024-11-18,10:13,LKO001,1120,992,88.6,High
LKO-RE-OCC02040,2024-11-18,10:56,LKO009,1120,833,74.4,Medium
LKO-RE-OCC02040,2024-11-18,10:31,LKO005,1120,574,51.3,Medium
LKO-RE-OCC02041,2024-11-22,18:57,LKO014,900,415,46.2,Medium
LKO-RE-OCC02041,2024-11-22,18:44,LKO011,900,625,69.5,Medium
LKO-RE-OCC02041,2024-11-22,18:18,LKO010,900,1076,119.7,Critical
LKO-RE-OCC02041,2024-11-22,18:23,LKO019,900,1002,111.4,Critical
LKO-RE-OCC02041,2024-11-22,18:22,LKO020,900,664,73.8,Medium
LKO-RE-OCC02042,2024-11-22,08:08,LKO021,840,758,90.3,High
LKO-RE-OCC02042,2024-11-22,08:40,LKO015,840,891,106.1,Critical
LKO-RE-OCC02042,2024-11-22,08:38,LKO010,840,937,111.7,Critical
LKO-RE-OCC02042,2024-11-22,08:00,LKO005,840,888,105.8,Critical
LKO-RE-OCC02043,2024-11-22,07:49,LKO008,900,596,66.3,Medium
LKO-RE-OCC02043,2024-11-22,07:11,LKO018,900,254,28.2,Low
LKO-RE-OCC02043,2024-11-22,07:07,LKO011,900,486,54.0,Medium
LKO-RE-OCC02043,2024-11-22,07:18,LKO015,900,580,64.5,Medium
LKO-RE-OCC02043,2024-11-22,07:54,LKO020,900,791,87.9,High
LKO-RE-OCC02043,2024-11-22,07:46,LKO012,900,330,36.7,Low
LKO-RE-OCC02044,2024-11-26,10:46,LKO005,900,345,38.4,Low
LKO-RE-OCC02044,2024-11-26,10:25,LKO009,900,509,56.6,Medium
LKO-RE-OCC02044,2024-11-26,10:35,LKO004,900,699,77.7,Medium
LKO-RE-OCC02044,2024-11-26,10:00,LKO021,900,880,97.9,High
LKO-RE-OCC02045,2024-11-26,11:35,LKO011,900,334,37.2,Low
LKO-RE-OCC02045,2024-11-26,11:58,LKO005,900,274,30.6,Low
LKO-RE-OCC02045,2024-11-26,11:25,LKO013,900,450,50.0,Medium
LKO-RE-OCC02045,2024-11-26,11:36,LKO014,900,328,36.5,Low
LKO-RE-OCC02046,2024-11-26,13:46,LKO020,1200,390,32.6,Low
LKO-RE-OCC02046,2024-11-26,13:38,LKO011,1200,268,22.4,Low
LKO-RE-OCC02046,2024-11-26,13:37,LKO019,1200,593,49.4,Medium
LKO-RE-OCC02046,2024-11-26,13:58,LKO018,1200,587,49.0,Medium
LKO-RE-OCC02046,2024-11-26,13:58,LKO010,1200,808,67.4,Medium
LKO-RE-OCC02046,2024-11-26,13:42,LKO021,1200,498,41.6,Low
LKO-RE-OCC02047,2024-11-30,08:38,LKO012,900,554,61.6,Medium
LKO-RE-OCC02047,2024-11-30,08:30,LKO001,900,634,70.5,Medium
LKO-RE-OCC02047,2024-11-30,08:43,LKO015,900,738,82.1,High
LKO-RE-OCC02047,2024-11-30,08:20,LKO011,900,711,79.1,Medium
LKO-RE-OCC02047,2024-11-30,08:04,LKO017,900,634,70.5,Medium
LKO-RE-OCC02048,2024-11-30,19:45,LKO019,1120,1258,112.4,Critical
LKO-RE-OCC02048,2024-11-30,19:37,LKO004,1120,1181,105.5,Critical
LKO-RE-OCC02048,2024-11-30,19:26,LKO009,1120,1035,92.4,High
LKO-RE-OCC02048,2024-11-30,19:51,LKO010,1120,819,73.2,Medium
LKO-RE-OCC02048,2024-11-30,19:48,LKO005,1120,1242,110.9,Critical
LKO-RE-OCC02049,2024-11-30,21:25,LKO017,840,354,42.1,Low
LKO-RE-OCC02049,2024-11-30,21:37,LKO010,840,694,82.6,High
LKO-RE-OCC02049,2024-11-30,21:01,LKO004,840,326,38.9,Low
LKO-RE-OCC02050,2024-12-04,09:10,LKO005,1200,775,64.7,Medium
LKO-RE-OCC02050,2024-12-04,09:05,LKO012,1200,1484,123.7,Critical
LKO-RE-OCC02050,2024-12-04,09:38,LKO007,1200,895,74.6,Medium
LKO-RE-OCC02050,2024-12-04,09:53,LKO009,1200,1100,91.7,High
LKO-RE-OCC02050,2024-12-04,09:05,LKO001,1200,875,73.0,Medium
LKO-RE-OCC02051,2024-12-04,08:45,LKO008,900,1047,116.4,Critical
LKO-RE-OCC02051,2024-12-04,08:34,LKO013,900,763,84.9,High
LKO-RE-OCC02051,2024-12-04,08:56,LKO011,900,933,103.7,High
LKO-RE-OCC02051,2024-12-04,08:58,LKO016,900,694,77.2,Medium
LKO-RE-OCC02052,2024-12-04,08:08,LKO006,1120,1102,98.5,High
LKO-RE-OCC02052,2024-12-04,08:29,LKO001,1120,872,77.9,Medium
LKO-RE-OCC02052,2024-12-04,08:29,LKO020,1120,819,73.2,Medium
LKO-RE-OCC02052,2024-12-04,08:06,LKO015,1120,906,80.9,High
LKO-RE-OCC02053,2024-12-08,10:09,LKO006,900,862,95.8,High
LKO-RE-OCC02053,2024-12-08,10:38,LKO007,900,892,99.1,High
LKO-RE-OCC02053,2024-12-08,10:12,LKO019,900,719,79.9,Medium
LKO-RE-OCC02054,2024-12-08,14:49,LKO007,840,241,28.7,Low
LKO-RE-OCC02054,2024-12-08,14:28,LKO008,840,153,18.2,Low
LKO-RE-OCC02054,2024-12-08,14:04,LKO017,840,198,23.6,Low
LKO-RE-OCC02054,2024-12-08,14:26,LKO009,840,368,43.8,Low
LKO-RE-OCC02055,2024-12-08,19:07,LKO020,900,705,78.4,Medium
LKO-RE-OCC02055,2024-12-08,19:10,LKO016,900,432,48.0,Medium
LKO-RE-OCC02055,2024-12-08,19:21,LKO013,900,707,78.6,Medium
LKO-RE-OCC02056,2024-12-12,05:25,LKO020,900,151,16.8,Low
LKO-RE-OCC02056,2024-12-12,05:39,LKO010,900,301,33.5,Low
LKO-RE-OCC02056,2024-12-12,05:01,LKO004,900,69,7.7,Low
LKO-RE-OCC02056,2024-12-12,05:36,LKO014,900,88,9.8,Low
LKO-RE-OCC02056,2024-12-12,05:02,LKO005,900,67,7.5,Low
LKO-RE-OCC02057,2024-12-12,15:00,LKO018,1200,497,41.5,Low
LKO-RE-OCC02057,2024-12-12,15:57,LKO004,1200,585,48.8,Medium
LKO-RE-OCC02057,2024-12-12,15:43,LKO020,1200,380,31.7,Low
LKO-RE-OCC02057,2024-12-12,15:37,LKO005,1200,402,33.5,Low
LKO-RE-OCC02057,2024-12-12,15:33,LKO010,1200,834,69.5,Medium
LKO-RE-OCC02058,2024-12-12,10:04,LKO012,1120,794,71.0,Medium
LKO-RE-OCC02058,2024-12-12,10:58,LKO008,1120,435,38.9,Low
LKO-RE-OCC02058,2024-12-12,10:34,LKO014,1120,543,48.5,Medium
LKO-RE-OCC02058,2024-12-12,10:15,LKO005,1120,661,59.0,Medium
LKO-RE-OCC02058,2024-12-12,10:23,LKO021,1120,999,89.3,High
LKO-RE-OCC02058,2024-12-12,10:33,LKO017,1120,462,41.3,Low
LKO-RE-OCC02059,2024-12-16,08:22,LKO011,900,816,90.8,High
LKO-RE-OCC02059,2024-12-16,08:44,LKO005,900,683,76.0,Medium
LKO-RE-OCC02059,2024-12-16,08:37,LKO019,900,745,82.8,High
LKO-RE-OCC02060,2024-12-16,16:04,LKO021,840,501,59.7,Medium
LKO-RE-OCC02060,2024-12-16,16:09,LKO012,840,339,40.4,Low
LKO-RE-OCC02060,2024-12-16,16:42,LKO020,840,329,39.2,Low
LKO-RE-OCC02060,2024-12-16,16:55,LKO018,840,473,56.4,Medium
LKO-RE-OCC02061,2024-12-16,13:47,LKO006,840,590,70.3,Medium
LKO-RE-OCC02061,2024-12-16,13:43,LKO021,840,281,33.5,Low
LKO-RE-OCC02061,2024-12-16,13:22,LKO004,840,332,39.5,Low
LKO-RE-OCC02061,2024-12-16,13:28,LKO009,840,368,43.8,Low
LKO-RE-OCC02061,2024-12-16,13:11,LKO005,840,137,16.4,Low
LKO-RE-OCC02061,2024-12-16,13:42,LKO002,840,131,15.7,Low
LKO-RE-OCC02062,2024-12-20,22:27,LKO001,900,697,77.5,Medium
LKO-RE-OCC02062,2024-12-20,22:57,LKO003,900,160,17.8,Low
LKO-RE-OCC02062,2024-12-20,22:18,LKO017,900,331,36.8,Low
LKO-RE-OCC02063,2024-12-20,09:45,LKO001,1200,1006,83.9,High
LKO-RE-OCC02063,2024-12-20,09:51,LKO021,1200,1490,124.2,Critical
LKO-RE-OCC02063,2024-12-20,09:17,LKO003,1200,834,69.5,Medium
LKO-RE-OCC02064,2024-12-20,10:45,LKO016,1200,517,43.1,Low
LKO-RE-OCC02064,2024-12-20,10:13,LKO021,1200,985,82.1,High
LKO-RE-OCC02064,2024-12-20,10:28,LKO002,1200,616,51.4,Medium
LKO-RE-OCC02064,2024-12-20,10:30,LKO008,1200,452,37.7,Low
LKO-RE-OCC02065,2024-12-24,09:51,LKO019,900,666,74.1,Medium
LKO-RE-OCC02065,2024-12-24,09:22,LKO015,900,790,87.8,High
LKO-RE-OCC02065,2024-12-24,09:32,LKO002,900,781,86.8,High
LKO-RE-OCC02065,2024-12-24,09:14,LKO018,900,1124,124.9,Critical
LKO-RE-OCC02065,2024-12-24,09:44,LKO020,900,464,51.6,Medium
LKO-RE-OCC02066,2024-12-24,10:57,LKO007,900,812,90.3,High
LKO-RE-OCC02066,2024-12-24,10:30,LKO013,900,964,107.2,Critical
LKO-RE-OCC02066,2024-12-24,10:34,LKO006,900,688,76.4,Medium
LKO-RE-OCC02067,2024-12-24,13:08,LKO016,1200,424,35.4,Low
LKO-RE-OCC02067,2024-12-24,13:30,LKO019,1200,571,47.7,Medium
LKO-RE-OCC02067,2024-12-24,13:04,LKO011,1200,245,20.4,Low
LKO-RE-OCC02067,2024-12-24,13:19,LKO017,1200,169,14.1,Low
LKO-RE-OCC02067,2024-12-24,13:51,LKO013,1200,498,41.6,Low
LKO-RE-OCC02068,2024-12-28,12:02,LKO009,900,318,35.4,Low
LKO-RE-OCC02068,2024-12-28,12:10,LKO007,900,377,41.9,Low
LKO-RE-OCC02068,2024-12-28,12:27,LKO012,900,338,37.6,Low
LKO-RE-OCC02068,2024-12-28,12:38,LKO021,900,347,38.6,Low
LKO-RE-OCC02068,2024-12-28,12:19,LKO017,900,207,23.1,Low
LKO-RE-OCC02069,2024-12-28,20:15,LKO014,840,247,29.4,Low
LKO-RE-OCC02069,2024-12-28,20:24,LKO012,840,761,90.7,High
LKO-RE-OCC02069,2024-12-28,20:29,LKO005,840,514,61.2,Medium
LKO-RE-OCC02069,2024-12-28,20:50,LKO019,840,476,56.7,Medium
LKO-RE-OCC02070,2024-12-28,07:17,LKO015,1120,709,63.3,Medium
LKO-RE-OCC02070,2024-12-28,07:22,LKO014,1120,635,56.7,Medium
LKO-RE-OCC02070,2024-12-28,07:11,LKO018,1120,405,36.2,Low
JAI-PI-OCC02071,2024-10-01,07:29,JAI011,900,303,33.8,Low
JAI-PI-OCC02071,2024-10-01,07:38,JAI012,900,327,36.4,Low
JAI-PI-OCC02071,2024-10-01,07:28,JAI005,900,395,43.9,Low
JAI-PI-OCC02072,2024-10-01,23:43,JAI003,840,183,21.9,Low
JAI-PI-OCC02072,2024-10-01,23:36,JAI007,840,368,43.8,Low
JAI-PI-OCC02072,2024-10-01,23:23,JAI012,840,193,23.1,Low
JAI-PI-OCC02072,2024-10-01,23:50,JAI008,840,99,11.9,Low
JAI-PI-OCC02072,2024-10-01,23:07,JAI004,840,142,17.0,Low
JAI-PI-OCC02072,2024-10-01,23:42,JAI009,840,141,16.8,Low
JAI-PI-OCC02073,2024-10-01,19:10,JAI012,900,886,98.5,High
JAI-PI-OCC02073,2024-10-01,19:59,JAI010,900,935,103.9,High
JAI-PI-OCC02073,2024-10-01,19:37,JAI011,900,1117,124.2,Critical
JAI-PI-OCC02074,2024-10-05,10:14,JAI001,1120,1007,89.9,High
JAI-PI-OCC02074,2024-10-05,10:37,JAI010,1120,837,74.8,Medium
JAI-PI-OCC02074,2024-10-05,10:17,JAI003,1120,753,67.2,Medium
JAI-PI-OCC02074,2024-10-05,10:02,JAI008,1120,681,60.8,Medium
JAI-PI-OCC02074,2024-10-05,10:26,JAI012,1120,799,71.4,Medium
JAI-PI-OCC02074,2024-10-05,10:58,JAI006,1120,336,30.1,Low
JAI-PI-OCC02075,2024-10-05,20:05,JAI003,1120,880,78.6,Medium
JAI-PI-OCC02075,2024-10-05,20:30,JAI011,1120,1048,93.7,High
JAI-PI-OCC02075,2024-10-05,20:45,JAI012,1120,774,69.2,Medium
JAI-PI-OCC02075,2024-10-05,20:25,JAI008,1120,1082,96.7,High
JAI-PI-OCC02075,2024-10-05,20:34,JAI002,1120,948,84.7,High
JAI-PI-OCC02075,2024-10-05,20:35,JAI004,1120,774,69.1,Medium
JAI-PI-OCC02076,2024-10-05,18:56,JAI003,1200,933,77.8,Medium
JAI-PI-OCC02076,2024-10-05,18:13,JAI006,1200,1215,101.3,High
JAI-PI-OCC02076,2024-10-05,18:34,JAI008,1200,1065,88.8,High
JAI-PI-OCC02076,2024-10-05,18:03,JAI001,1200,1075,89.7,High
JAI-PI-OCC02077,2024-10-09,10:19,JAI006,1200,485,40.5,Low
JAI-PI-OCC02077,2024-10-09,10:04,JAI010,1200,954,79.5,Medium
JAI-PI-OCC02077,2024-10-09,10:46,JAI007,1200,1239,103.3,High
JAI-PI-OCC02077,2024-10-09,10:33,JAI002,1200,954,79.5,Medium
JAI-PI-OCC02077,2024-10-09,10:39,JAI005,1200,1052,87.7,High
JAI-PI-OCC02078,2024-10-09,16:56,JAI012,1200,509,42.4,Low
JAI-PI-OCC02078,2024-10-09,16:45,JAI005,1200,716,59.7,Medium
JAI-PI-OCC02078,2024-10-09,16:08,JAI003,1200,420,35.1,Low
JAI-PI-OCC02078,2024-10-09,16:43,JAI011,1200,453,37.8,Low
JAI-PI-OCC02078,2024-10-09,16:28,JAI001,1200,713,59.5,Medium
JAI-PI-OCC02079,2024-10-09,19:45,JAI011,900,985,109.5,Critical
JAI-PI-OCC02079,2024-10-09,19:01,JAI002,900,686,76.3,Medium
JAI-PI-OCC02079,2024-10-09,19:11,JAI010,900,698,77.6,Medium
JAI-PI-OCC02079,2024-10-09,19:58,JAI008,900,984,109.4,Critical
JAI-PI-OCC02079,2024-10-09,19:53,JAI004,900,864,96.1,High
JAI-PI-OCC02080,2024-10-13,10:16,JAI009,900,763,84.9,High
JAI-PI-OCC02080,2024-10-13,10:57,JAI003,900,851,94.6,High
JAI-PI-OCC02080,2024-10-13,10:04,JAI010,900,851,94.6,High
JAI-PI-OCC02080,2024-10-13,10:29,JAI008,900,341,38.0,Low
JAI-PI-OCC02080,2024-10-13,10:21,JAI005,900,959,106.7,Critical
JAI-PI-OCC02081,2024-10-13,19:25,JAI007,900,858,95.3,High
JAI-PI-OCC02081,2024-10-13,19:31,JAI011,900,968,107.6,Critical
JAI-PI-OCC02081,2024-10-13,19:19,JAI008,900,899,99.9,High
JAI-PI-OCC02082,2024-10-13,20:19,JAI003,900,648,72.0,Medium
JAI-PI-OCC02082,2024-10-13,20:47,JAI002,900,685,76.2,Medium
JAI-PI-OCC02082,2024-10-13,20:08,JAI005,900,770,85.6,High
JAI-PI-OCC02083,2024-10-17,09:46,JAI012,840,952,113.4,Critical
JAI-PI-OCC02083,2024-10-17,09:51,JAI007,840,771,91.8,High
JAI-PI-OCC02083,2024-10-17,09:54,JAI004,840,1004,119.6,Critical
JAI-PI-OCC02084,2024-10-17,15:46,JAI007,900,629,69.9,Medium
JAI-PI-OCC02084,2024-10-17,15:02,JAI003,900,375,41.7,Low
JAI-PI-OCC02084,2024-10-17,15:25,JAI008,900,250,27.9,Low
JAI-PI-OCC02085,2024-10-17,13:47,JAI004,900,301,33.5,Low
JAI-PI-OCC02085,2024-10-17,13:34,JAI005,900,311,34.6,Low
JAI-PI-OCC02085,2024-10-17,13:38,JAI001,900,447,49.7,Medium
JAI-PI-OCC02085,2024-10-17,13:17,JAI002,900,438,48.8,Medium
JAI-PI-OCC02085,2024-10-17,13:34,JAI008,900,170,18.9,Low
JAI-PI-OCC02086,2024-10-21,12:10,JAI005,840,293,35.0,Low
JAI-PI-OCC02086,2024-10-21,12:02,JAI003,840,319,38.1,Low
JAI-PI-OCC02086,2024-10-21,12:34,JAI006,840,199,23.7,Low
JAI-PI-OCC02086,2024-10-21,12:55,JAI010,840,355,42.3,Low
JAI-PI-OCC02087,2024-10-21,09:15,JAI008,900,845,94.0,High
JAI-PI-OCC02087,2024-10-21,09:22,JAI004,900,912,101.4,High
JAI-PI-OCC02087,2024-10-21,09:11,JAI003,900,1069,118.8,Critical
JAI-PI-OCC02088,2024-10-21,23:06,JAI008,840,100,11.9,Low
JAI-PI-OCC02088,2024-10-21,23:22,JAI003,840,122,14.6,Low
JAI-PI-OCC02088,2024-10-21,23:32,JAI009,840,164,19.5,Low
JAI-PI-OCC02089,2024-10-25,23:15,JAI005,1200,270,22.6,Low
JAI-PI-OCC02089,2024-10-25,23:15,JAI003,1200,293,24.5,Low
JAI-PI-OCC02089,2024-10-25,23:20,JAI011,1200,199,16.6,Low
JAI-PI-OCC02089,2024-10-25,23:06,JAI004,1200,296,24.7,Low
JAI-PI-OCC02089,2024-10-25,23:00,JAI010,1200,234,19.5,Low
JAI-PI-OCC02089,2024-10-25,23:54,JAI006,1200,88,7.4,Low
JAI-PI-OCC02090,2024-10-25,21:48,JAI005,900,384,42.8,Low
JAI-PI-OCC02090,2024-10-25,21:07,JAI008,900,540,60.0,Medium
JAI-PI-OCC02090,2024-10-25,21:29,JAI009,900,440,48.9,Medium
JAI-PI-OCC02091,2024-10-25,19:44,JAI004,840,764,91.0,High
JAI-PI-OCC02091,2024-10-25,19:56,JAI012,840,1045,124.5,Critical
JAI-PI-OCC02091,2024-10-25,19:50,JAI009,840,1035,123.3,Critical
JAI-PI-OCC02091,2024-10-25,19:43,JAI002,840,666,79.4,Medium
JAI-PI-OCC02091,2024-10-25,19:18,JAI010,840,716,85.3,High
JAI-PI-OCC02092,2024-10-29,22:20,JAI006,840,195,23.2,Low
JAI-PI-OCC02092,2024-10-29,22:16,JAI003,840,180,21.5,Low
JAI-PI-OCC02092,2024-10-29,22:23,JAI010,840,177,21.1,Low
JAI-PI-OCC02092,2024-10-29,22:03,JAI002,840,277,33.1,Low
JAI-PI-OCC02092,2024-10-29,22:20,JAI012,840,204,24.3,Low
JAI-PI-OCC02092,2024-10-29,22:10,JAI007,840,564,67.2,Medium
JAI-PI-OCC02093,2024-10-29,10:37,JAI001,900,756,84.1,High
JAI-PI-OCC02093,2024-10-29,10:44,JAI011,900,615,68.4,Medium
JAI-PI-OCC02093,2024-10-29,10:07,JAI007,900,740,82.3,High
JAI-PI-OCC02093,2024-10-29,10:51,JAI006,900,418,46.5,Medium
JAI-PI-OCC02093,2024-10-29,10:35,JAI004,900,800,88.9,High
JAI-PI-OCC02093,2024-10-29,10:22,JAI003,900,853,94.8,High
JAI-PI-OCC02094,2024-10-29,08:17,JAI010,900,526,58.5,Medium
JAI-PI-OCC02094,2024-10-29,08:43,JAI006,900,1090,121.1,Critical
JAI-PI-OCC02094,2024-10-29,08:30,JAI007,900,681,75.7,Medium
JAI-PI-OCC02094,2024-10-29,08:44,JAI001,900,495,55.1,Medium
JAI-PI-OCC02094,2024-10-29,08:38,JAI009,900,575,64.0,Medium
JAI-PI-OCC02095,2024-11-02,09:52,JAI004,1120,1368,122.2,Critical
JAI-PI-OCC02095,2024-11-02,09:04,JAI007,1120,960,85.8,High
JAI-PI-OCC02095,2024-11-02,09:45,JAI009,1120,929,83.0,High
JAI-PI-OCC02095,2024-11-02,09:19,JAI006,1120,959,85.7,High
JAI-PI-OCC02095,2024-11-02,09:20,JAI002,1120,1112,99.3,High
JAI-PI-OCC02095,2024-11-02,09:31,JAI003,1120,1024,91.4,High
JAI-PI-OCC02096,2024-11-02,19:27,JAI008,1120,829,74.1,Medium
JAI-PI-OCC02096,2024-11-02,19:31,JAI001,1120,1399,125.0,Critical
JAI-PI-OCC02096,2024-11-02,19:55,JAI007,1120,1116,99.6,High
JAI-PI-OCC02097,2024-11-02,10:09,JAI006,1120,367,32.8,Low
JAI-PI-OCC02097,2024-11-02,10:03,JAI012,1120,683,61.1,Medium
JAI-PI-OCC02097,2024-11-02,10:30,JAI002,1120,757,67.6,Medium
JAI-PI-OCC02097,2024-11-02,10:08,JAI011,1120,866,77.4,Medium
JAI-PI-OCC02097,2024-11-02,10:49,JAI008,1120,575,51.4,Medium
JAI-PI-OCC02097,2024-11-02,10:06,JAI004,1120,796,71.1,Medium
JAI-PI-OCC02098,2024-11-06,18:21,JAI005,900,853,94.8,High
JAI-PI-OCC02098,2024-11-06,18:17,JAI006,900,602,67.0,Medium
JAI-PI-OCC02098,2024-11-06,18:04,JAI012,900,937,104.1,High
JAI-PI-OCC02098,2024-11-06,18:36,JAI003,900,580,64.5,Medium
JAI-PI-OCC02098,2024-11-06,18:16,JAI008,900,956,106.3,Critical
JAI-PI-OCC02099,2024-11-06,15:11,JAI006,900,380,42.3,Low
JAI-PI-OCC02099,2024-11-06,15:53,JAI001,900,420,46.7,Medium
JAI-PI-OCC02099,2024-11-06,15:14,JAI012,900,276,30.8,Low
JAI-PI-OCC02099,2024-11-06,15:54,JAI007,900,531,59.0,Medium
JAI-PI-OCC02099,2024-11-06,15:39,JAI008,900,194,21.6,Low
JAI-PI-OCC02100,2024-11-06,20:03,JAI006,900,354,39.4,Low
JAI-PI-OCC02100,2024-11-06,20:04,JAI003,900,769,85.5,High
JAI-PI-OCC02100,2024-11-06,20:12,JAI007,900,799,88.8,High
JAI-PI-OCC02100,2024-11-06,20:23,JAI010,900,829,92.2,High
JAI-PI-OCC02100,2024-11-06,20:07,JAI011,900,830,92.3,High
JAI-PI-OCC02100,2024-11-06,20:38,JAI009,900,696,77.4,Medium
JAI-PI-OCC02101,2024-11-10,21:20,JAI002,1120,529,47.3,Medium
JAI-PI-OCC02101,2024-11-10,21:49,JAI009,1120,548,48.9,Medium
JAI-PI-OCC02101,2024-11-10,21:24,JAI001,1120,426,38.1,Low
JAI-PI-OCC02101,2024-11-10,21:24,JAI004,1120,656,58.6,Medium
JAI-PI-OCC02101,2024-11-10,21:31,JAI010,1120,521,46.5,Medium
JAI-PI-OCC02102,2024-11-10,06:01,JAI008,1200,412,34.4,Low
JAI-PI-OCC02102,2024-11-10,06:14,JAI010,1200,202,16.9,Low
JAI-PI-OCC02102,2024-11-10,06:32,JAI007,1200,597,49.8,Medium
JAI-PI-OCC02102,2024-11-10,06:30,JAI012,1200,199,16.6,Low
JAI-PI-OCC02102,2024-11-10,06:48,JAI004,1200,286,23.8,Low
JAI-PI-OCC02102,2024-11-10,06:45,JAI006,1200,632,52.7,Medium
JAI-PI-OCC02103,2024-11-10,15:38,JAI008,900,291,32.4,Low
JAI-PI-OCC02103,2024-11-10,15:50,JAI004,900,352,39.2,Low
JAI-PI-OCC02103,2024-11-10,15:10,JAI005,900,358,39.8,Low
JAI-PI-OCC02103,2024-11-10,15:46,JAI001,900,255,28.4,Low
JAI-PI-OCC02103,2024-11-10,15:57,JAI003,900,290,32.3,Low
JAI-PI-OCC02104,2024-11-14,15:58,JAI008,1200,289,24.1,Low
JAI-PI-OCC02104,2024-11-14,15:49,JAI011,1200,432,36.1,Low
JAI-PI-OCC02104,2024-11-14,15:45,JAI004,1200,515,43.0,Low
JAI-PI-OCC02105,2024-11-14,09:51,JAI012,840,1017,121.1,Critical
JAI-PI-OCC02105,2024-11-14,09:19,JAI001,840,965,115.0,Critical
JAI-PI-OCC02105,2024-11-14,09:46,JAI003,840,978,116.5,Critical
JAI-PI-OCC02105,2024-11-14,09:36,JAI008,840,590,70.3,Medium
JAI-PI-OCC02105,2024-11-14,09:15,JAI005,840,613,73.0,Medium
JAI-PI-OCC02105,2024-11-14,09:47,JAI002,840,991,118.1,Critical
JAI-PI-OCC02106,2024-11-14,10:37,JAI004,900,818,91.0,High
JAI-PI-OCC02106,2024-11-14,10:40,JAI010,900,894,99.4,High
JAI-PI-OCC02106,2024-11-14,10:28,JAI006,900,315,35.1,Low
JAI-PI-OCC02106,2024-11-14,10:19,JAI012,900,768,85.3,High
JAI-PI-OCC02106,2024-11-14,10:09,JAI005,900,583,64.8,Medium
JAI-PI-OCC02107,2024-11-18,20:08,JAI001,840,833,99.2,High
JAI-PI-OCC02107,2024-11-18,20:05,JAI010,840,568,67.7,Medium
JAI-PI-OCC02107,2024-11-18,20:26,JAI002,840,834,99.3,High
JAI-PI-OCC02107,2024-11-18,20:13,JAI004,840,612,72.9,Medium
JAI-PI-OCC02107,2024-11-18,20:23,JAI007,840,849,101.2,High
JAI-PI-OCC02107,2024-11-18,20:13,JAI003,840,783,93.3,High
JAI-PI-OCC02108,2024-11-18,13:14,JAI005,1200,395,33.0,Low
JAI-PI-OCC02108,2024-11-18,13:16,JAI008,1200,224,18.7,Low
JAI-PI-OCC02108,2024-11-18,13:32,JAI010,1200,402,33.6,Low
JAI-PI-OCC02108,2024-11-18,13:48,JAI003,1200,352,29.3,Low
JAI-PI-OCC02108,2024-11-18,13:31,JAI007,1200,792,66.0,Medium
JAI-PI-OCC02109,2024-11-18,19:13,JAI008,840,852,101.5,High
JAI-PI-OCC02109,2024-11-18,19:38,JAI012,840,1031,122.8,Critical
JAI-PI-OCC02109,2024-11-18,19:48,JAI009,840,773,92.1,High
JAI-PI-OCC02109,2024-11-18,19:00,JAI003,840,966,115.1,Critical
JAI-PI-OCC02109,2024-11-18,19:58,JAI007,840,604,72.0,Medium
JAI-PI-OCC02110,2024-11-22,10:10,JAI007,900,786,87.4,High
JAI-PI-OCC02110,2024-11-22,10:22,JAI001,900,716,79.7,Medium
JAI-PI-OCC02110,2024-11-22,10:18,JAI012,900,791,87.9,High
JAI-PI-OCC02110,2024-11-22,10:54,JAI006,900,403,44.8,Low
JAI-PI-OCC02110,2024-11-22,10:09,JAI003,900,754,83.9,High
JAI-PI-OCC02111,2024-11-22,19:48,JAI005,840,690,82.2,High
JAI-PI-OCC02111,2024-11-22,19:41,JAI002,840,929,110.6,Critical
JAI-PI-OCC02111,2024-11-22,19:36,JAI004,840,857,102.1,High
JAI-PI-OCC02112,2024-11-22,19:56,JAI011,900,636,70.7,Medium
JAI-PI-OCC02112,2024-11-22,19:04,JAI002,900,1033,114.8,Critical
JAI-PI-OCC02112,2024-11-22,19:55,JAI007,900,967,107.5,Critical
JAI-PI-OCC02112,2024-11-22,19:07,JAI003,900,814,90.5,High
JAI-PI-OCC02112,2024-11-22,19:24,JAI001,900,687,76.4,Medium
JAI-PI-OCC02112,2024-11-22,19:25,JAI005,900,900,100.1,High
JAI-PI-OCC02113,2024-11-26,19:25,JAI010,900,1085,120.6,Critical
JAI-PI-OCC02113,2024-11-26,19:43,JAI001,900,1038,115.4,Critical
JAI-PI-OCC02113,2024-11-26,19:52,JAI009,900,945,105.1,Critical
JAI-PI-OCC02113,2024-11-26,19:33,JAI005,900,1046,116.2,Critical
JAI-PI-OCC02114,2024-11-26,23:58,JAI003,900,146,16.3,Low
JAI-PI-OCC02114,2024-11-26,23:13,JAI002,900,224,24.9,Low
JAI-PI-OCC02114,2024-11-26,23:15,JAI012,900,197,22.0,Low
JAI-PI-OCC02115,2024-11-26,10:18,JAI003,900,587,65.3,Medium
JAI-PI-OCC02115,2024-11-26,10:59,JAI009,900,680,75.6,Medium
JAI-PI-OCC02115,2024-11-26,10:20,JAI011,900,715,79.5,Medium
JAI-PI-OCC02115,2024-11-26,10:56,JAI010,900,718,79.8,Medium
JAI-PI-OCC02115,2024-11-26,10:58,JAI002,900,566,62.9,Medium
JAI-PI-OCC02115,2024-11-26,10:24,JAI005,900,731,81.3,High
JAI-PI-OCC02116,2024-11-30,18:15,JAI006,900,686,76.3,Medium
JAI-PI-OCC02116,2024-11-30,18:51,JAI002,900,573,63.7,Medium
JAI-PI-OCC02116,2024-11-30,18:01,JAI004,900,928,103.2,High
JAI-PI-OCC02116,2024-11-30,18:10,JAI005,900,919,102.1,High
JAI-PI-OCC02116,2024-11-30,18:29,JAI010,900,617,68.6,Medium
JAI-PI-OCC02117,2024-11-30,08:20,JAI012,900,522,58.1,Medium
JAI-PI-OCC02117,2024-11-30,08:42,JAI007,900,828,92.0,High
JAI-PI-OCC02117,2024-11-30,08:25,JAI004,900,897,99.7,High
JAI-PI-OCC02118,2024-11-30,10:44,JAI009,900,667,74.2,Medium
JAI-PI-OCC02118,2024-11-30,10:23,JAI001,900,685,76.2,Medium
JAI-PI-OCC02118,2024-11-30,10:16,JAI004,900,823,91.5,High
JAI-PI-OCC02119,2024-12-04,08:30,JAI008,900,927,103.0,High
JAI-PI-OCC02119,2024-12-04,08:24,JAI001,900,611,68.0,Medium
JAI-PI-OCC02119,2024-12-04,08:05,JAI006,900,988,109.9,Critical
JAI-PI-OCC02119,2024-12-04,08:28,JAI007,900,736,81.8,High
JAI-PI-OCC02120,2024-12-04,20:25,JAI009,900,899,99.9,High
JAI-PI-OCC02120,2024-12-04,20:18,JAI001,900,792,88.0,High
JAI-PI-OCC02120,2024-12-04,20:26,JAI003,900,644,71.7,Medium
JAI-PI-OCC02120,2024-12-04,20:55,JAI004,900,575,63.9,Medium
JAI-PI-OCC02120,2024-12-04,20:04,JAI012,900,606,67.4,Medium
JAI-PI-OCC02120,2024-12-04,20:44,JAI011,900,694,77.1,Medium
JAI-PI-OCC02121,2024-12-04,08:17,JAI005,840,677,80.7,High
JAI-PI-OCC02121,2024-12-04,08:39,JAI008,840,650,77.5,Medium
JAI-PI-OCC02121,2024-12-04,08:00,JAI012,840,634,75.6,Medium
JAI-PI-OCC02121,2024-12-04,08:24,JAI003,840,758,90.3,High
JAI-PI-OCC02121,2024-12-04,08:30,JAI009,840,575,68.5,Medium
JAI-PI-OCC02122,2024-12-08,13:07,JAI011,840,319,38.1,Low
JAI-PI-OCC02122,2024-12-08,13:08,JAI003,840,371,44.3,Low
JAI-PI-OCC02122,2024-12-08,13:22,JAI005,840,247,29.4,Low
JAI-PI-OCC02122,2024-12-08,13:18,JAI010,840,250,29.8,Low
JAI-PI-OCC02123,2024-12-08,20:13,JAI009,840,477,56.8,Medium
JAI-PI-OCC02123,2024-12-08,20:15,JAI002,840,838,99.9,High
JAI-PI-OCC02123,2024-12-08,20:28,JAI012,840,504,60.1,Medium
JAI-PI-OCC02124,2024-12-08,20:07,JAI001,840,628,74.8,Medium
JAI-PI-OCC02124,2024-12-08,20:11,JAI009,840,707,84.2,High
JAI-PI-OCC02124,2024-12-08,20:02,JAI003,840,680,81.0,High
JAI-PI-OCC02124,2024-12-08,20:39,JAI007,840,826,98.4,High
JAI-PI-OCC02124,2024-12-08,20:46,JAI012,840,752,89.6,High
JAI-PI-OCC02124,2024-12-08,20:06,JAI008,840,477,56.8,Medium
JAI-PI-OCC02125,2024-12-12,09:47,JAI006,1120,934,83.5,High
JAI-PI-OCC02125,2024-12-12,09:01,JAI010,1120,826,73.8,Medium
JAI-PI-OCC02125,2024-12-12,09:41,JAI007,1120,897,80.2,High
JAI-PI-OCC02126,2024-12-12,22:03,JAI002,900,236,26.3,Low
JAI-PI-OCC02126,2024-12-12,22:38,JAI011,900,301,33.5,Low
JAI-PI-OCC02126,2024-12-12,22:44,JAI003,900,273,30.4,Low
JAI-PI-OCC02126,2024-12-12,22:33,JAI012,900,334,37.1,Low
JAI-PI-OCC02126,2024-12-12,22:13,JAI010,900,242,27.0,Low
JAI-PI-OCC02127,2024-12-12,20:37,JAI006,840,412,49.1,Medium
JAI-PI-OCC02127,2024-12-12,20:20,JAI009,840,603,71.9,Medium
JAI-PI-OCC02127,2024-12-12,20:59,JAI012,840,664,79.1,Medium
JAI-PI-OCC02127,2024-12-12,20:46,JAI004,840,561,66.8,Medium
JAI-PI-OCC02127,2024-12-12,20:34,JAI010,840,473,56.3,Medium
JAI-PI-OCC02127,2024-12-12,20:00,JAI003,840,545,64.9,Medium
JAI-PI-OCC02128,2024-12-16,08:48,JAI006,840,637,75.9,Medium
JAI-PI-OCC02128,2024-12-16,08:50,JAI012,840,544,64.8,Medium
JAI-PI-OCC02128,2024-12-16,08:07,JAI010,840,476,56.7,Medium
JAI-PI-OCC02129,2024-12-16,13:53,JAI001,900,298,33.1,Low
JAI-PI-OCC02129,2024-12-16,13:38,JAI008,900,171,19.1,Low
JAI-PI-OCC02129,2024-12-16,13:33,JAI004,900,310,34.5,Low
JAI-PI-OCC02130,2024-12-16,11:54,JAI001,1120,606,54.2,Medium
JAI-PI-OCC02130,2024-12-16,11:34,JAI009,1120,782,69.9,Medium
JAI-PI-OCC02130,2024-12-16,11:25,JAI003,1120,462,41.3,Low
JAI-PI-OCC02130,2024-12-16,11:34,JAI005,1120,553,49.4,Medium
JAI-PI-OCC02130,2024-12-16,11:25,JAI004,1120,493,44.0,Low
JAI-PI-OCC02130,2024-12-16,11:15,JAI010,1120,505,45.1,Medium
JAI-PI-OCC02131,2024-12-20,07:16,JAI007,1120,812,72.6,Medium
JAI-PI-OCC02131,2024-12-20,07:12,JAI010,1120,482,43.1,Low
JAI-PI-OCC02131,2024-12-20,07:55,JAI008,1120,841,75.1,Medium
JAI-PI-OCC02131,2024-12-20,07:38,JAI002,1120,550,49.1,Medium
JAI-PI-OCC02132,2024-12-20,08:42,JAI011,840,781,93.0,High
JAI-PI-OCC02132,2024-12-20,08:04,JAI001,840,482,57.4,Medium
JAI-PI-OCC02132,2024-12-20,08:24,JAI003,840,827,98.5,High
JAI-PI-OCC02132,2024-12-20,08:55,JAI005,840,684,81.5,High
JAI-PI-OCC02132,2024-12-20,08:13,JAI007,840,898,106.9,Critical
JAI-PI-OCC02133,2024-12-20,09:52,JAI008,840,921,109.8,Critical
JAI-PI-OCC02133,2024-12-20,09:53,JAI003,840,594,70.7,Medium
JAI-PI-OCC02133,2024-12-20,09:02,JAI011,840,720,85.8,High
JAI-PI-OCC02134,2024-12-24,08:05,JAI002,840,682,81.3,High
JAI-PI-OCC02134,2024-12-24,08:20,JAI001,840,568,67.7,Medium
JAI-PI-OCC02134,2024-12-24,08:05,JAI009,840,679,80.9,High
JAI-PI-OCC02134,2024-12-24,08:45,JAI011,840,795,94.6,High
JAI-PI-OCC02134,2024-12-24,08:11,JAI007,840,1034,123.1,Critical
JAI-PI-OCC02134,2024-12-24,08:10,JAI003,840,604,71.9,Medium
JAI-PI-OCC02135,2024-12-24,18:22,JAI009,900,744,82.8,High
JAI-PI-OCC02135,2024-12-24,18:31,JAI010,900,662,73.6,Medium
JAI-PI-OCC02135,2024-12-24,18:54,JAI003,900,985,109.5,Critical
JAI-PI-OCC02136,2024-12-24,09:58,JAI007,1120,1286,114.9,Critical
JAI-PI-OCC02136,2024-12-24,09:01,JAI001,1120,1386,123.8,Critical
JAI-PI-OCC02136,2024-12-24,09:06,JAI005,1120,1390,124.1,Critical
JAI-PI-OCC02136,2024-12-24,09:16,JAI006,1120,578,51.7,Medium
JAI-PI-OCC02137,2024-12-28,20:51,JAI009,1120,769,68.7,Medium
JAI-PI-OCC02137,2024-12-28,20:58,JAI008,1120,903,80.6,High
JAI-PI-OCC02137,2024-12-28,20:00,JAI005,1120,774,69.1,Medium
JAI-PI-OCC02137,2024-12-28,20:18,JAI002,1120,1088,97.2,High
JAI-PI-OCC02137,2024-12-28,20:58,JAI006,1120,618,55.2,Medium
JAI-PI-OCC02138,2024-12-28,18:26,JAI009,900,728,81.0,High
JAI-PI-OCC02138,2024-12-28,18:57,JAI012,900,783,87.0,High
JAI-PI-OCC02138,2024-12-28,18:02,JAI010,900,899,100.0,High
JAI-PI-OCC02138,2024-12-28,18:34,JAI011,900,774,86.1,High
JAI-PI-OCC02138,2024-12-28,18:33,JAI001,900,865,96.2,High
JAI-PI-OCC02138,2024-12-28,18:31,JAI005,900,725,80.6,High
JAI-PI-OCC02139,2024-12-28,07:57,JAI010,1120,336,30.1,Low
JAI-PI-OCC02139,2024-12-28,07:23,JAI011,1120,539,48.2,Medium
JAI-PI-OCC02139,2024-12-28,07:22,JAI002,1120,420,37.6,Low
JAI-PI-OCC02139,2024-12-28,07:41,JAI012,1120,538,48.1,Medium
JAI-PI-OCC02139,2024-12-28,07:35,JAI006,1120,1032,92.2,High
KNP-OR-OCC02140,2024-10-01,23:14,KNP020,840,96,11.5,Low
KNP-OR-OCC02140,2024-10-01,23:15,KNP003,840,60,7.2,Low
KNP-OR-OCC02140,2024-10-01,23:09,KNP008,840,87,10.4,Low
KNP-OR-OCC02140,2024-10-01,23:50,KNP014,840,410,48.9,Medium
KNP-OR-OCC02140,2024-10-01,23:47,KNP010,840,126,15.1,Low
KNP-OR-OCC02140,2024-10-01,23:18,KNP012,840,170,20.3,Low
KNP-OR-OCC02141,2024-10-01,22:24,KNP002,840,270,32.2,Low
KNP-OR-OCC02141,2024-10-01,22:31,KNP019,840,251,30.0,Low
KNP-OR-OCC02141,2024-10-01,22:41,KNP016,840,70,8.4,Low
KNP-OR-OCC02141,2024-10-01,22:40,KNP006,840,245,29.2,Low
KNP-OR-OCC02141,2024-10-01,22:01,KNP011,840,273,32.6,Low
KNP-OR-OCC02142,2024-10-01,20:24,KNP021,840,275,32.8,Low
KNP-OR-OCC02142,2024-10-01,20:26,KNP003,840,526,62.7,Medium
KNP-OR-OCC02142,2024-10-01,20:39,KNP020,840,687,81.9,High
KNP-OR-OCC02142,2024-10-01,20:49,KNP013,840,674,80.3,High
KNP-OR-OCC02143,2024-10-05,20:43,KNP003,840,698,83.2,High
KNP-OR-OCC02143,2024-10-05,20:40,KNP016,840,203,24.2,Low
KNP-OR-OCC02143,2024-10-05,20:47,KNP013,840,805,95.9,High
KNP-OR-OCC02143,2024-10-05,20:01,KNP012,840,666,79.4,Medium
KNP-OR-OCC02144,2024-10-05,05:26,KNP005,840,99,11.8,Low
KNP-OR-OCC02144,2024-10-05,05:10,KNP007,840,98,11.7,Low
KNP-OR-OCC02144,2024-10-05,05:19,KNP010,840,88,10.5,Low
KNP-OR-OCC02144,2024-10-05,05:16,KNP004,840,63,7.6,Low
KNP-OR-OCC02144,2024-10-05,05:07,KNP012,840,60,7.3,Low
KNP-OR-OCC02144,2024-10-05,05:14,KNP009,840,94,11.2,Low
KNP-OR-OCC02145,2024-10-05,21:57,KNP019,900,462,51.4,Medium
KNP-OR-OCC02145,2024-10-05,21:54,KNP016,900,150,16.7,Low
KNP-OR-OCC02145,2024-10-05,21:52,KNP008,900,149,16.6,Low
KNP-OR-OCC02145,2024-10-05,21:41,KNP018,900,323,35.9,Low
KNP-OR-OCC02145,2024-10-05,21:37,KNP007,900,536,59.6,Medium
KNP-OR-OCC02145,2024-10-05,21:58,KNP014,900,796,88.5,High
KNP-OR-OCC02146,2024-10-09,08:14,KNP013,900,832,92.5,High
KNP-OR-OCC02146,2024-10-09,08:50,KNP018,900,1108,123.1,Critical
KNP-OR-OCC02146,2024-10-09,08:17,KNP006,900,655,72.8,Medium
KNP-OR-OCC02146,2024-10-09,08:25,KNP009,900,866,96.3,High
KNP-OR-OCC02147,2024-10-09,22:22,KNP015,1200,252,21.0,Low
KNP-OR-OCC02147,2024-10-09,22:14,KNP010,1200,409,34.1,Low
KNP-OR-OCC02147,2024-10-09,22:08,KNP021,1200,90,7.5,Low
KNP-OR-OCC02147,2024-10-09,22:32,KNP004,1200,96,8.1,Low
KNP-OR-OCC02148,2024-10-09,10:48,KNP008,1120,385,34.4,Low
KNP-OR-OCC02148,2024-10-09,10:08,KNP006,1120,833,74.4,Medium
KNP-OR-OCC02148,2024-10-09,10:36,KNP016,1120,399,35.7,Low
KNP-OR-OCC02148,2024-10-09,10:30,KNP013,1120,651,58.2,Medium
KNP-OR-OCC02148,2024-10-09,10:16,KNP004,1120,386,34.5,Low
KNP-OR-OCC02148,2024-10-09,10:08,KNP018,1120,625,55.8,Medium
KNP-OR-OCC02149,2024-10-13,18:05,KNP018,900,637,70.9,Medium
KNP-OR-OCC02149,2024-10-13,18:21,KNP015,900,649,72.1,Medium
KNP-OR-OCC02149,2024-10-13,18:58,KNP019,900,575,63.9,Medium
KNP-OR-OCC02149,2024-10-13,18:45,KNP011,900,587,65.2,Medium
KNP-OR-OCC02149,2024-10-13,18:58,KNP002,900,601,66.8,Medium
KNP-OR-OCC02149,2024-10-13,18:06,KNP004,900,625,69.4,Medium
KNP-OR-OCC02150,2024-10-13,20:56,KNP015,840,773,92.1,High
KNP-OR-OCC02150,2024-10-13,20:47,KNP016,840,231,27.5,Low
KNP-OR-OCC02150,2024-10-13,20:31,KNP008,840,209,25.0,Low
KNP-OR-OCC02151,2024-10-13,16:00,KNP010,840,347,41.4,Low
KNP-OR-OCC02151,2024-10-13,16:40,KNP005,840,768,91.5,High
KNP-OR-OCC02151,2024-10-13,16:23,KNP003,840,317,37.7,Low
KNP-OR-OCC02151,2024-10-13,16:33,KNP006,840,361,43.0,Low
KNP-OR-OCC02151,2024-10-13,16:16,KNP001,840,744,88.7,High
KNP-OR-OCC02152,2024-10-17,10:55,KNP008,840,331,39.5,Low
KNP-OR-OCC02152,2024-10-17,10:37,KNP021,840,269,32.0,Low
KNP-OR-OCC02152,2024-10-17,10:40,KNP001,840,376,44.8,Low
KNP-OR-OCC02152,2024-10-17,10:55,KNP007,840,428,51.0,Medium
KNP-OR-OCC02152,2024-10-17,10:28,KNP020,840,402,48.0,Medium
KNP-OR-OCC02152,2024-10-17,10:07,KNP017,840,396,47.1,Medium
KNP-OR-OCC02153,2024-10-17,08:39,KNP020,840,810,96.5,High
KNP-OR-OCC02153,2024-10-17,08:40,KNP010,840,793,94.5,High
KNP-OR-OCC02153,2024-10-17,08:44,KNP005,840,727,86.6,High
KNP-OR-OCC02153,2024-10-17,08:29,KNP003,840,749,89.2,High
KNP-OR-OCC02153,2024-10-17,08:30,KNP004,840,927,110.4,Critical
KNP-OR-OCC02154,2024-10-17,10:07,KNP009,1200,673,56.2,Medium
KNP-OR-OCC02154,2024-10-17,10:49,KNP017,1200,669,55.8,Medium
KNP-OR-OCC02154,2024-10-17,10:10,KNP018,1200,522,43.5,Low
KNP-OR-OCC02155,2024-10-21,23:40,KNP009,1200,90,7.5,Low
KNP-OR-OCC02155,2024-10-21,23:16,KNP012,1200,234,19.5,Low
KNP-OR-OCC02155,2024-10-21,23:21,KNP010,1200,280,23.3,Low
KNP-OR-OCC02155,2024-10-21,23:41,KNP021,1200,124,10.4,Low
KNP-OR-OCC02155,2024-10-21,23:48,KNP004,1200,107,9.0,Low
KNP-OR-OCC02155,2024-10-21,23:04,KNP016,1200,100,8.4,Low
KNP-OR-OCC02156,2024-10-21,13:30,KNP015,1200,218,18.2,Low
KNP-OR-OCC02156,2024-10-21,13:51,KNP020,1200,217,18.2,Low
KNP-OR-OCC02156,2024-10-21,13:17,KNP006,1200,520,43.4,Low
KNP-OR-OCC02156,2024-10-21,13:22,KNP003,1200,178,14.9,Low
KNP-OR-OCC02156,2024-10-21,13:15,KNP007,1200,258,21.5,Low
KNP-OR-OCC02157,2024-10-21,10:02,KNP019,1200,942,78.5,Medium
KNP-OR-OCC02157,2024-10-21,10:19,KNP010,1200,783,65.3,Medium
KNP-OR-OCC02157,2024-10-21,10:21,KNP009,1200,663,55.3,Medium
KNP-OR-OCC02157,2024-10-21,10:24,KNP006,1200,1295,108.0,Critical
KNP-OR-OCC02157,2024-10-21,10:45,KNP011,1200,709,59.1,Medium
KNP-OR-OCC02158,2024-10-25,20:47,KNP010,1200,1080,90.0,High
KNP-OR-OCC02158,2024-10-25,20:27,KNP014,1200,1197,99.8,High
KNP-OR-OCC02158,2024-10-25,20:31,KNP013,1200,1084,90.3,High
KNP-OR-OCC02158,2024-10-25,20:11,KNP001,1200,357,29.8,Low
KNP-OR-OCC02158,2024-10-25,20:24,KNP003,1200,1166,97.2,High
KNP-OR-OCC02158,2024-10-25,20:14,KNP008,1200,255,21.3,Low
KNP-OR-OCC02159,2024-10-25,12:30,KNP020,840,184,22.0,Low
KNP-OR-OCC02159,2024-10-25,12:13,KNP004,840,277,33.1,Low
KNP-OR-OCC02159,2024-10-25,12:59,KNP021,840,228,27.2,Low
KNP-OR-OCC02160,2024-10-25,10:43,KNP015,1120,540,48.2,Medium
KNP-OR-OCC02160,2024-10-25,10:43,KNP010,1120,869,77.6,Medium
KNP-OR-OCC02160,2024-10-25,10:01,KNP005,1120,559,50.0,Medium
KNP-OR-OCC02160,2024-10-25,10:36,KNP011,1120,722,64.5,Medium
KNP-OR-OCC02161,2024-10-29,22:44,KNP015,900,195,21.7,Low
KNP-OR-OCC02161,2024-10-29,22:59,KNP003,900,259,28.8,Low
KNP-OR-OCC02161,2024-10-29,22:40,KNP012,900,199,22.2,Low
KNP-OR-OCC02161,2024-10-29,22:47,KNP007,900,190,21.1,Low
KNP-OR-OCC02161,2024-10-29,22:08,KNP006,900,333,37.0,Low
KNP-OR-OCC02161,2024-10-29,22:33,KNP021,900,81,9.1,Low
KNP-OR-OCC02162,2024-10-29,23:50,KNP016,1120,119,10.7,Low
KNP-OR-OCC02162,2024-10-29,23:39,KNP003,1120,136,12.2,Low
KNP-OR-OCC02162,2024-10-29,23:38,KNP004,1120,127,11.4,Low
KNP-OR-OCC02162,2024-10-29,23:55,KNP011,1120,215,19.2,Low
KNP-OR-OCC02162,2024-10-29,23:55,KNP010,1120,248,22.2,Low
KNP-OR-OCC02162,2024-10-29,23:03,KNP007,1120,106,9.5,Low
KNP-OR-OCC02163,2024-10-29,05:58,KNP012,1200,148,12.4,Low
KNP-OR-OCC02163,2024-10-29,05:21,KNP008,1200,144,12.0,Low
KNP-OR-OCC02163,2024-10-29,05:13,KNP019,1200,94,7.9,Low
KNP-OR-OCC02164,2024-11-02,14:01,KNP007,840,156,18.7,Low
KNP-OR-OCC02164,2024-11-02,14:36,KNP012,840,359,42.8,Low
KNP-OR-OCC02164,2024-11-02,14:42,KNP001,840,489,58.2,Medium
KNP-OR-OCC02165,2024-11-02,05:16,KNP006,840,92,11.0,Low
KNP-OR-OCC02165,2024-11-02,05:48,KNP011,840,102,12.2,Low
KNP-OR-OCC02165,2024-11-02,05:32,KNP003,840,69,8.3,Low
KNP-OR-OCC02165,2024-11-02,05:02,KNP016,840,60,7.2,Low
KNP-OR-OCC02166,2024-11-02,09:22,KNP020,1200,990,82.6,High
KNP-OR-OCC02166,2024-11-02,09:58,KNP003,1200,853,71.1,Medium
KNP-OR-OCC02166,2024-11-02,09:03,KNP002,1200,958,79.8,Medium
KNP-OR-OCC02166,2024-11-02,09:43,KNP014,1200,1447,120.6,Critical
KNP-OR-OCC02166,2024-11-02,09:24,KNP021,1200,689,57.5,Medium
KNP-OR-OCC02166,2024-11-02,09:34,KNP017,1200,983,82.0,High
KNP-OR-OCC02167,2024-11-06,09:31,KNP011,840,1021,121.6,Critical
KNP-OR-OCC02167,2024-11-06,09:46,KNP019,840,997,118.8,Critical
KNP-OR-OCC02167,2024-11-06,09:55,KNP002,840,608,72.4,Medium
KNP-OR-OCC02167,2024-11-06,09:58,KNP001,840,752,89.6,High
KNP-OR-OCC02168,2024-11-06,10:15,KNP013,900,555,61.7,Medium
KNP-OR-OCC02168,2024-11-06,10:33,KNP017,900,355,39.5,Low
KNP-OR-OCC02168,2024-11-06,10:51,KNP018,900,377,41.9,Low
KNP-OR-OCC02169,2024-11-06,15:20,KNP006,840,261,31.1,Low
KNP-OR-OCC02169,2024-11-06,15:25,KNP020,840,278,33.2,Low
KNP-OR-OCC02169,2024-11-06,15:39,KNP017,840,233,27.8,Low
KNP-OR-OCC02169,2024-11-06,15:14,KNP019,840,328,39.1,Low
KNP-OR-OCC02170,2024-11-10,13:54,KNP008,840,266,31.7,Low
KNP-OR-OCC02170,2024-11-10,13:54,KNP016,840,298,35.5,Low
KNP-OR-OCC02170,2024-11-10,13:33,KNP011,840,387,46.2,Medium
KNP-OR-OCC02171,2024-11-10,09:18,KNP014,840,774,92.3,High
KNP-OR-OCC02171,2024-11-10,09:16,KNP013,840,695,82.8,High
KNP-OR-OCC02171,2024-11-10,09:10,KNP010,840,751,89.5,High
KNP-OR-OCC02171,2024-11-10,09:47,KNP017,840,771,91.8,High
KNP-OR-OCC02171,2024-11-10,09:50,KNP004,840,824,98.2,High
KNP-OR-OCC02172,2024-11-10,19:29,KNP005,1120,337,30.2,Low
KNP-OR-OCC02172,2024-11-10,19:22,KNP009,1120,1093,97.7,High
KNP-OR-OCC02172,2024-11-10,19:13,KNP011,1120,1108,99.0,High
KNP-OR-OCC02173,2024-11-14,09:11,KNP020,1200,1307,108.9,Critical
KNP-OR-OCC02173,2024-11-14,09:15,KNP013,1200,945,78.8,Medium
KNP-OR-OCC02173,2024-11-14,09:39,KNP002,1200,1155,96.3,High
KNP-OR-OCC02173,2024-11-14,09:43,KNP011,1200,1498,124.9,Critical
KNP-OR-OCC02174,2024-11-14,12:11,KNP013,900,163,18.2,Low
KNP-OR-OCC02174,2024-11-14,12:08,KNP005,900,260,29.0,Low
KNP-OR-OCC02174,2024-11-14,12:29,KNP009,900,166,18.5,Low
KNP-OR-OCC02174,2024-11-14,12:41,KNP001,900,317,35.3,Low
KNP-OR-OCC02174,2024-11-14,12:18,KNP010,900,356,39.6,Low
KNP-OR-OCC02175,2024-11-14,08:06,KNP004,840,832,99.1,High
KNP-OR-OCC02175,2024-11-14,08:18,KNP019,840,526,62.7,Medium
KNP-OR-OCC02175,2024-11-14,08:31,KNP002,840,658,78.4,Medium
KNP-OR-OCC02176,2024-11-18,12:50,KNP012,840,343,40.9,Low
KNP-OR-OCC02176,2024-11-18,12:37,KNP015,840,170,20.3,Low
KNP-OR-OCC02176,2024-11-18,12:14,KNP004,840,233,27.8,Low
KNP-OR-OCC02176,2024-11-18,12:25,KNP010,840,289,34.5,Low
KNP-OR-OCC02177,2024-11-18,09:13,KNP004,840,610,72.7,Medium
KNP-OR-OCC02177,2024-11-18,09:15,KNP013,840,550,65.5,Medium
KNP-OR-OCC02177,2024-11-18,09:24,KNP020,840,596,71.0,Medium
KNP-OR-OCC02178,2024-11-18,11:18,KNP018,900,197,22.0,Low
KNP-OR-OCC02178,2024-11-18,11:30,KNP002,900,636,70.7,Medium
KNP-OR-OCC02178,2024-11-18,11:26,KNP008,900,315,35.1,Low
KNP-OR-OCC02179,2024-11-22,19:30,KNP019,1120,1171,104.6,High
KNP-OR-OCC02179,2024-11-22,19:25,KNP013,1120,950,84.9,High
KNP-OR-OCC02179,2024-11-22,19:21,KNP006,1120,925,82.6,High
KNP-OR-OCC02179,2024-11-22,19:47,KNP001,1120,314,28.0,Low
KNP-OR-OCC02179,2024-11-22,19:28,KNP003,1120,1119,100.0,High
KNP-OR-OCC02179,2024-11-22,19:30,KNP017,1120,1060,94.7,High
KNP-OR-OCC02180,2024-11-22,09:18,KNP015,840,532,63.4,Medium
KNP-OR-OCC02180,2024-11-22,09:08,KNP014,840,649,77.4,Medium
KNP-OR-OCC02180,2024-11-22,09:49,KNP019,840,989,117.8,Critical
KNP-OR-OCC02180,2024-11-22,09:39,KNP012,840,836,99.6,High
KNP-OR-OCC02180,2024-11-22,09:49,KNP018,840,697,83.0,High
KNP-OR-OCC02181,2024-11-22,20:52,KNP011,900,618,68.7,Medium
KNP-OR-OCC02181,2024-11-22,20:58,KNP006,900,546,60.8,Medium
KNP-OR-OCC02181,2024-11-22,20:55,KNP015,900,620,68.9,Medium
KNP-OR-OCC02181,2024-11-22,20:53,KNP019,900,589,65.5,Medium
KNP-OR-OCC02181,2024-11-22,20:11,KNP005,900,247,27.5,Low
KNP-OR-OCC02182,2024-11-26,20:53,KNP002,1120,708,63.3,Medium
KNP-OR-OCC02182,2024-11-26,20:14,KNP001,1120,286,25.6,Low
KNP-OR-OCC02182,2024-11-26,20:56,KNP008,1120,388,34.7,Low
KNP-OR-OCC02182,2024-11-26,20:11,KNP004,1120,324,28.9,Low
KNP-OR-OCC02182,2024-11-26,20:28,KNP014,1120,930,83.1,High
KNP-OR-OCC02182,2024-11-26,20:48,KNP018,1120,1107,98.9,High
KNP-OR-OCC02183,2024-11-26,18:31,KNP002,900,935,103.9,High
KNP-OR-OCC02183,2024-11-26,18:02,KNP020,900,746,83.0,High
KNP-OR-OCC02183,2024-11-26,18:29,KNP011,900,644,71.6,Medium
KNP-OR-OCC02183,2024-11-26,18:55,KNP009,900,901,100.2,High
KNP-OR-OCC02183,2024-11-26,18:58,KNP005,900,581,64.6,Medium
KNP-OR-OCC02184,2024-11-26,18:05,KNP004,840,373,44.5,Low
KNP-OR-OCC02184,2024-11-26,18:15,KNP006,840,893,106.4,Critical
KNP-OR-OCC02184,2024-11-26,18:49,KNP011,840,531,63.3,Medium
KNP-OR-OCC02184,2024-11-26,18:44,KNP017,840,933,111.2,Critical
KNP-OR-OCC02184,2024-11-26,18:25,KNP019,840,727,86.6,High
KNP-OR-OCC02184,2024-11-26,18:10,KNP016,840,576,68.6,Medium
KNP-OR-OCC02185,2024-11-30,18:57,KNP020,900,843,93.8,High
KNP-OR-OCC02185,2024-11-30,18:16,KNP018,900,765,85.1,High
KNP-OR-OCC02185,2024-11-30,18:20,KNP021,900,561,62.4,Medium
KNP-OR-OCC02185,2024-11-30,18:30,KNP019,900,932,103.6,High
KNP-OR-OCC02186,2024-11-30,16:55,KNP013,840,403,48.0,Medium
KNP-OR-OCC02186,2024-11-30,16:57,KNP009,840,350,41.8,Low
KNP-OR-OCC02186,2024-11-30,16:00,KNP004,840,745,88.7,High
KNP-OR-OCC02186,2024-11-30,16:47,KNP001,840,768,91.5,High
KNP-OR-OCC02186,2024-11-30,16:25,KNP006,840,351,41.8,Low
KNP-OR-OCC02187,2024-11-30,17:08,KNP013,840,578,68.9,Medium
KNP-OR-OCC02187,2024-11-30,17:34,KNP015,840,526,62.7,Medium
KNP-OR-OCC02187,2024-11-30,17:27,KNP011,840,587,70.0,Medium
KNP-OR-OCC02187,2024-11-30,17:37,KNP012,840,458,54.6,Medium
KNP-OR-OCC02187,2024-11-30,17:38,KNP008,840,719,85.7,High
KNP-OR-OCC02187,2024-11-30,17:51,KNP016,840,714,85.0,High
KNP-OR-OCC02188,2024-12-04,09:59,KNP009,1200,779,65.0,Medium
KNP-OR-OCC02188,2024-12-04,09:50,KNP007,1200,788,65.7,Medium
KNP-OR-OCC02188,2024-12-04,09:44,KNP005,1200,1122,93.5,High
KNP-OR-OCC02188,2024-12-04,09:10,KNP014,1200,1482,123.5,Critical
KNP-OR-OCC02188,2024-12-04,09:55,KNP004,1200,674,56.2,Medium
KNP-OR-OCC02188,2024-12-04,09:48,KNP011,1200,1146,95.6,High
KNP-OR-OCC02189,2024-12-04,16:43,KNP005,900,682,75.9,Medium
KNP-OR-OCC02189,2024-12-04,16:13,KNP014,900,618,68.7,Medium
KNP-OR-OCC02189,2024-12-04,16:26,KNP018,900,253,28.2,Low
KNP-OR-OCC02189,2024-12-04,16:28,KNP016,900,531,59.1,Medium
KNP-OR-OCC02189,2024-12-04,16:27,KNP015,900,279,31.1,Low
KNP-OR-OCC02189,2024-12-04,16:52,KNP009,900,257,28.7,Low
KNP-OR-OCC02190,2024-12-04,10:56,KNP005,900,321,35.8,Low
KNP-OR-OCC02190,2024-12-04,10:50,KNP007,900,461,51.3,Medium
KNP-OR-OCC02190,2024-12-04,10:37,KNP013,900,562,62.5,Medium
KNP-OR-OCC02190,2024-12-04,10:32,KNP014,900,666,74.1,Medium
KNP-OR-OCC02190,2024-12-04,10:52,KNP004,900,429,47.7,Medium
KNP-OR-OCC02190,2024-12-04,10:34,KNP008,900,448,49.8,Medium
KNP-OR-OCC02191,2024-12-08,16:54,KNP008,1120,702,62.8,Medium
KNP-OR-OCC02191,2024-12-08,16:38,KNP011,1120,490,43.8,Low
KNP-OR-OCC02191,2024-12-08,16:13,KNP007,1120,498,44.5,Low
KNP-OR-OCC02191,2024-12-08,16:47,KNP012,1120,654,58.4,Medium
KNP-OR-OCC02191,2024-12-08,16:18,KNP006,1120,662,59.1,Medium
KNP-OR-OCC02192,2024-12-08,08:47,KNP002,900,524,58.3,Medium
KNP-OR-OCC02192,2024-12-08,08:34,KNP018,900,771,85.7,High
KNP-OR-OCC02192,2024-12-08,08:47,KNP016,900,734,81.6,High
KNP-OR-OCC02193,2024-12-08,11:35,KNP002,900,412,45.8,Medium
KNP-OR-OCC02193,2024-12-08,11:46,KNP015,900,258,28.7,Low
KNP-OR-OCC02193,2024-12-08,11:07,KNP021,900,267,29.7,Low
KNP-OR-OCC02194,2024-12-12,09:35,KNP015,840,916,109.1,Critical
KNP-OR-OCC02194,2024-12-12,09:52,KNP017,840,674,80.3,High
KNP-OR-OCC02194,2024-12-12,09:13,KNP002,840,712,84.8,High
KNP-OR-OCC02195,2024-12-12,08:10,KNP008,900,773,86.0,High
KNP-OR-OCC02195,2024-12-12,08:49,KNP006,900,719,79.9,Medium
KNP-OR-OCC02195,2024-12-12,08:09,KNP010,900,558,62.0,Medium
KNP-OR-OCC02196,2024-12-12,09:06,KNP006,840,700,83.4,High
KNP-OR-OCC02196,2024-12-12,09:12,KNP013,840,583,69.5,Medium
KNP-OR-OCC02196,2024-12-12,09:33,KNP008,840,695,82.8,High
KNP-OR-OCC02196,2024-12-12,09:24,KNP004,840,778,92.7,High
KNP-OR-OCC02196,2024-12-12,09:40,KNP018,840,788,93.8,High
KNP-OR-OCC02196,2024-12-12,09:37,KNP020,840,645,76.9,Medium
KNP-OR-OCC02197,2024-12-16,17:50,KNP007,900,616,68.5,Medium
KNP-OR-OCC02197,2024-12-16,17:52,KNP019,900,643,71.5,Medium
KNP-OR-OCC02197,2024-12-16,17:18,KNP006,900,620,69.0,Medium
KNP-OR-OCC02197,2024-12-16,17:46,KNP011,900,587,65.2,Medium
KNP-OR-OCC02198,2024-12-16,08:15,KNP002,840,621,74.0,Medium
KNP-OR-OCC02198,2024-12-16,08:03,KNP008,840,672,80.1,High
KNP-OR-OCC02198,2024-12-16,08:56,KNP018,840,642,76.4,Medium
KNP-OR-OCC02199,2024-12-16,10:39,KNP005,900,376,41.8,Low
KNP-OR-OCC02199,2024-12-16,10:40,KNP006,900,596,66.3,Medium
KNP-OR-OCC02199,2024-12-16,10:37,KNP021,900,276,30.7,Low
KNP-OR-OCC02199,2024-12-16,10:11,KNP007,900,501,55.8,Medium
KNP-OR-OCC02200,2024-12-20,17:57,KNP007,840,545,65.0,Medium
KNP-OR-OCC02200,2024-12-20,17:53,KNP017,840,517,61.6,Medium
KNP-OR-OCC02200,2024-12-20,17:33,KNP016,840,509,60.6,Medium
KNP-OR-OCC02200,2024-12-20,17:26,KNP008,840,611,72.8,Medium
KNP-OR-OCC02200,2024-12-20,17:51,KNP002,840,452,53.9,Medium
KNP-OR-OCC02200,2024-12-20,17:42,KNP019,840,461,54.9,Medium
KNP-OR-OCC02201,2024-12-20,08:24,KNP013,840,941,112.1,Critical
KNP-OR-OCC02201,2024-12-20,08:05,KNP005,840,846,100.7,High
KNP-OR-OCC02201,2024-12-20,08:29,KNP007,840,971,115.6,Critical
KNP-OR-OCC02201,2024-12-20,08:16,KNP010,840,747,89.0,High
KNP-OR-OCC02201,2024-12-20,08:39,KNP012,840,493,58.7,Medium
KNP-OR-OCC02201,2024-12-20,08:08,KNP018,840,817,97.3,High
KNP-OR-OCC02202,2024-12-20,21:40,KNP005,1200,282,23.5,Low
KNP-OR-OCC02202,2024-12-20,21:48,KNP010,1200,670,55.9,Medium
KNP-OR-OCC02202,2024-12-20,21:02,KNP012,1200,707,58.9,Medium
KNP-OR-OCC02202,2024-12-20,21:48,KNP008,1200,177,14.8,Low
KNP-OR-OCC02203,2024-12-24,09:17,KNP017,900,957,106.4,Critical
KNP-OR-OCC02203,2024-12-24,09:29,KNP009,900,780,86.8,High
KNP-OR-OCC02203,2024-12-24,09:25,KNP004,900,705,78.4,Medium
KNP-OR-OCC02203,2024-12-24,09:07,KNP007,900,778,86.5,High
KNP-OR-OCC02203,2024-12-24,09:07,KNP008,900,688,76.5,Medium
KNP-OR-OCC02204,2024-12-24,16:17,KNP021,900,745,82.8,High
KNP-OR-OCC02204,2024-12-24,16:35,KNP018,900,408,45.4,Medium
KNP-OR-OCC02204,2024-12-24,16:05,KNP013,900,260,29.0,Low
KNP-OR-OCC02204,2024-12-24,16:56,KNP001,900,569,63.3,Medium
KNP-OR-OCC02204,2024-12-24,16:37,KNP015,900,387,43.1,Low
KNP-OR-OCC02205,2024-12-24,20:07,KNP012,1120,1033,92.3,High
KNP-OR-OCC02205,2024-12-24,20:29,KNP017,1120,1071,95.7,High
KNP-OR-OCC02205,2024-12-24,20:40,KNP004,1120,295,26.4,Low
KNP-OR-OCC02205,2024-12-24,20:48,KNP003,1120,1092,97.6,High
KNP-OR-OCC02205,2024-12-24,20:58,KNP005,1120,368,32.9,Low
KNP-OR-OCC02205,2024-12-24,20:49,KNP009,1120,1098,98.0,High
KNP-OR-OCC02206,2024-12-28,20:49,KNP012,900,545,60.6,Medium
KNP-OR-OCC02206,2024-12-28,20:00,KNP001,900,325,36.2,Low
KNP-OR-OCC02206,2024-12-28,20:41,KNP017,900,540,60.0,Medium
KNP-OR-OCC02207,2024-12-28,17:42,KNP015,840,487,58.0,Medium
KNP-OR-OCC02207,2024-12-28,17:28,KNP002,840,571,68.1,Medium
KNP-OR-OCC02207,2024-12-28,17:15,KNP018,840,546,65.0,Medium
KNP-OR-OCC02207,2024-12-28,17:03,KNP004,840,656,78.1,Medium
KNP-OR-OCC02207,2024-12-28,17:22,KNP013,840,498,59.3,Medium
KNP-OR-OCC02207,2024-12-28,17:41,KNP012,840,430,51.2,Medium
KNP-OR-OCC02208,2024-12-28,08:32,KNP013,1120,1107,98.9,High
KNP-OR-OCC02208,2024-12-28,08:48,KNP008,1120,1101,98.4,High
KNP-OR-OCC02208,2024-12-28,08:57,KNP015,1120,1082,96.6,High
KNP-OR-OCC02208,2024-12-28,08:50,KNP001,1120,1132,101.1,High
KNP-OR-OCC02208,2024-12-28,08:36,KNP017,1120,800,71.5,Medium
AGR-YE-OCC02209,2024-10-01,18:38,AGR002,1120,1115,99.6,High
AGR-YE-OCC02209,2024-10-01,18:35,AGR007,1120,671,59.9,Medium
AGR-YE-OCC02209,2024-10-01,18:52,AGR004,1120,1253,111.9,Critical
AGR-YE-OCC02210,2024-10-01,09:45,AGR008,840,646,76.9,Medium
AGR-YE-OCC02210,2024-10-01,09:47,AGR009,840,668,79.6,Medium
AGR-YE-OCC02210,2024-10-01,09:18,AGR003,840,584,69.6,Medium
AGR-YE-OCC02210,2024-10-01,09:05,AGR010,840,587,69.9,Medium
AGR-YE-OCC02210,2024-10-01,09:07,AGR007,840,752,89.6,High
AGR-YE-OCC02211,2024-10-01,20:07,AGR002,1120,856,76.5,Medium
AGR-YE-OCC02211,2024-10-01,20:20,AGR001,1120,1102,98.4,High
AGR-YE-OCC02211,2024-10-01,20:09,AGR006,1120,817,73.0,Medium
AGR-YE-OCC02211,2024-10-01,20:57,AGR004,1120,612,54.6,Medium
AGR-YE-OCC02211,2024-10-01,20:55,AGR007,1120,368,32.9,Low
AGR-YE-OCC02212,2024-10-05,09:30,AGR009,840,671,79.9,Medium
AGR-YE-OCC02212,2024-10-05,09:44,AGR003,840,613,73.1,Medium
AGR-YE-OCC02212,2024-10-05,09:32,AGR007,840,817,97.3,High
AGR-YE-OCC02212,2024-10-05,09:12,AGR004,840,590,70.3,Medium
AGR-YE-OCC02212,2024-10-05,09:03,AGR001,840,682,81.2,High
AGR-YE-OCC02213,2024-10-05,09:35,AGR008,1120,830,74.2,Medium
AGR-YE-OCC02213,2024-10-05,09:20,AGR009,1120,655,58.6,Medium
AGR-YE-OCC02213,2024-10-05,09:12,AGR006,1120,1006,89.9,High
AGR-YE-OCC02213,2024-10-05,09:37,AGR011,1120,1251,111.8,Critical
AGR-YE-OCC02213,2024-10-05,09:02,AGR007,1120,1000,89.3,High
AGR-YE-OCC02214,2024-10-05,20:08,AGR009,1120,488,43.6,Low
AGR-YE-OCC02214,2024-10-05,20:09,AGR008,1120,261,23.3,Low
AGR-YE-OCC02214,2024-10-05,20:55,AGR001,1120,636,56.8,Medium
AGR-YE-OCC02215,2024-10-09,22:07,AGR008,900,76,8.5,Low
AGR-YE-OCC02215,2024-10-09,22:05,AGR009,900,143,15.9,Low
AGR-YE-OCC02215,2024-10-09,22:57,AGR011,900,207,23.0,Low
AGR-YE-OCC02215,2024-10-09,22:03,AGR007,900,101,11.2,Low
AGR-YE-OCC02215,2024-10-09,22:34,AGR010,900,104,11.6,Low
AGR-YE-OCC02216,2024-10-09,09:34,AGR008,840,531,63.2,Medium
AGR-YE-OCC02216,2024-10-09,09:07,AGR011,840,792,94.4,High
AGR-YE-OCC02216,2024-10-09,09:01,AGR003,840,819,97.6,High
AGR-YE-OCC02216,2024-10-09,09:00,AGR007,840,649,77.3,Medium
AGR-YE-OCC02216,2024-10-09,09:04,AGR002,840,912,108.7,Critical
AGR-YE-OCC02217,2024-10-09,10:02,AGR011,840,534,63.6,Medium
AGR-YE-OCC02217,2024-10-09,10:48,AGR003,840,486,57.9,Medium
AGR-YE-OCC02217,2024-10-09,10:13,AGR004,840,383,45.7,Medium
AGR-YE-OCC02217,2024-10-09,10:39,AGR009,840,250,29.8,Low
AGR-YE-OCC02217,2024-10-09,10:38,AGR002,840,522,62.2,Medium
AGR-YE-OCC02217,2024-10-09,10:18,AGR006,840,804,95.8,High
AGR-YE-OCC02218,2024-10-13,09:51,AGR007,840,561,66.8,Medium
AGR-YE-OCC02218,2024-10-13,09:30,AGR002,840,755,90.0,High
AGR-YE-OCC02218,2024-10-13,09:19,AGR006,840,589,70.2,Medium
AGR-YE-OCC02218,2024-10-13,09:04,AGR011,840,892,106.3,Critical
AGR-YE-OCC02219,2024-10-13,09:10,AGR011,840,670,79.8,Medium
AGR-YE-OCC02219,2024-10-13,09:42,AGR004,840,661,78.7,Medium
AGR-YE-OCC02219,2024-10-13,09:52,AGR010,840,626,74.6,Medium
AGR-YE-OCC02219,2024-10-13,09:41,AGR003,840,615,73.3,Medium
AGR-YE-OCC02219,2024-10-13,09:09,AGR007,840,813,96.9,High
AGR-YE-OCC02219,2024-10-13,09:18,AGR002,840,591,70.4,Medium
AGR-YE-OCC02220,2024-10-13,09:39,AGR009,1120,745,66.6,Medium
AGR-YE-OCC02220,2024-10-13,09:52,AGR001,1120,931,83.2,High
AGR-YE-OCC02220,2024-10-13,09:49,AGR004,1120,953,85.1,High
AGR-YE-OCC02221,2024-10-17,14:18,AGR001,840,257,30.7,Low
AGR-YE-OCC02221,2024-10-17,14:51,AGR009,840,277,33.0,Low
AGR-YE-OCC02221,2024-10-17,14:32,AGR011,840,404,48.2,Medium
AGR-YE-OCC02221,2024-10-17,14:33,AGR005,840,174,20.7,Low
AGR-YE-OCC02222,2024-10-17,20:07,AGR010,840,258,30.8,Low
AGR-YE-OCC02222,2024-10-17,20:38,AGR006,840,761,90.6,High
AGR-YE-OCC02222,2024-10-17,20:25,AGR003,840,575,68.6,Medium
AGR-YE-OCC02222,2024-10-17,20:00,AGR009,840,324,38.6,Low
AGR-YE-OCC02222,2024-10-17,20:42,AGR005,840,766,91.2,High
AGR-YE-OCC02222,2024-10-17,20:40,AGR008,840,281,33.5,Low
AGR-YE-OCC02223,2024-10-17,13:13,AGR006,840,407,48.5,Medium
AGR-YE-OCC02223,2024-10-17,13:08,AGR005,840,164,19.6,Low
AGR-YE-OCC02223,2024-10-17,13:46,AGR003,840,181,21.7,Low
AGR-YE-OCC02224,2024-10-21,11:19,AGR011,1120,489,43.7,Low
AGR-YE-OCC02224,2024-10-21,11:56,AGR003,1120,262,23.5,Low
AGR-YE-OCC02224,2024-10-21,11:25,AGR002,1120,408,36.5,Low
AGR-YE-OCC02224,2024-10-21,11:17,AGR004,1120,238,21.3,Low
AGR-YE-OCC02225,2024-10-21,15:19,AGR005,1200,349,29.1,Low
AGR-YE-OCC02225,2024-10-21,15:20,AGR009,1200,485,40.4,Low
AGR-YE-OCC02225,2024-10-21,15:53,AGR002,1200,345,28.8,Low
AGR-YE-OCC02225,2024-10-21,15:45,AGR001,1200,478,39.8,Low
AGR-YE-OCC02225,2024-10-21,15:34,AGR004,1200,477,39.8,Low
AGR-YE-OCC02225,2024-10-21,15:23,AGR006,1200,425,35.5,Low
AGR-YE-OCC02226,2024-10-21,10:50,AGR008,1120,543,48.6,Medium
AGR-YE-OCC02226,2024-10-21,10:37,AGR002,1120,492,44.0,Low
AGR-YE-OCC02226,2024-10-21,10:47,AGR007,1120,438,39.2,Low
AGR-YE-OCC02226,2024-10-21,10:59,AGR003,1120,528,47.2,Medium
AGR-YE-OCC02226,2024-10-21,10:56,AGR010,1120,452,40.4,Low
AGR-YE-OCC02227,2024-10-25,20:34,AGR001,1120,654,58.4,Medium
AGR-YE-OCC02227,2024-10-25,20:41,AGR004,1120,425,38.0,Low
AGR-YE-OCC02227,2024-10-25,20:01,AGR002,1120,1047,93.5,High
AGR-YE-OCC02227,2024-10-25,20:15,AGR006,1120,857,76.5,Medium
AGR-YE-OCC02227,2024-10-25,20:22,AGR011,1120,1116,99.7,High
AGR-YE-OCC02228,2024-10-25,13:23,AGR001,900,359,40.0,Low
AGR-YE-OCC02228,2024-10-25,13:59,AGR003,900,184,20.5,Low
AGR-YE-OCC02228,2024-10-25,13:32,AGR009,900,400,44.5,Low
AGR-YE-OCC02229,2024-10-25,08:01,AGR007,900,914,101.6,High
AGR-YE-OCC02229,2024-10-25,08:29,AGR006,900,702,78.1,Medium
AGR-YE-OCC02229,2024-10-25,08:22,AGR004,900,735,81.7,High
AGR-YE-OCC02229,2024-10-25,08:53,AGR002,900,729,81.1,High
AGR-YE-OCC02229,2024-10-25,08:18,AGR009,900,687,76.4,Medium
AGR-YE-OCC02229,2024-10-25,08:22,AGR011,900,779,86.6,High
AGR-YE-OCC02230,2024-10-29,18:29,AGR006,1120,727,65.0,Medium
AGR-YE-OCC02230,2024-10-29,18:46,AGR008,1120,815,72.9,Medium
AGR-YE-OCC02230,2024-10-29,18:42,AGR001,1120,1016,90.8,High
AGR-YE-OCC02230,2024-10-29,18:46,AGR009,1120,802,71.7,Medium
AGR-YE-OCC02230,2024-10-29,18:45,AGR010,1120,706,63.1,Medium
AGR-YE-OCC02231,2024-10-29,10:58,AGR004,1200,402,33.6,Low
AGR-YE-OCC02231,2024-10-29,10:35,AGR003,1200,514,42.9,Low
AGR-YE-OCC02231,2024-10-29,10:20,AGR007,1200,371,31.0,Low
AGR-YE-OCC02231,2024-10-29,10:29,AGR010,1200,405,33.8,Low
AGR-YE-OCC02231,2024-10-29,10:09,AGR002,1200,653,54.4,Medium
AGR-YE-OCC02232,2024-10-29,17:59,AGR011,840,674,80.3,High
AGR-YE-OCC02232,2024-10-29,17:07,AGR009,840,545,64.9,Medium
AGR-YE-OCC02232,2024-10-29,17:26,AGR004,840,715,85.2,High
AGR-YE-OCC02233,2024-11-02,21:07,AGR004,1200,318,26.6,Low
AGR-YE-OCC02233,2024-11-02,21:56,AGR001,1200,427,35.6,Low
AGR-YE-OCC02233,2024-11-02,21:35,AGR008,1200,176,14.7,Low
AGR-YE-OCC02233,2024-11-02,21:07,AGR009,1200,272,22.7,Low
AGR-YE-OCC02233,2024-11-02,21:32,AGR006,1200,663,55.3,Medium
AGR-YE-OCC02234,2024-11-02,16:32,AGR006,1120,568,50.7,Medium
AGR-YE-OCC02234,2024-11-02,16:21,AGR009,1120,639,57.1,Medium
AGR-YE-OCC02234,2024-11-02,16:17,AGR005,1120,327,29.2,Low
AGR-YE-OCC02235,2024-11-02,10:25,AGR006,840,570,68.0,Medium
AGR-YE-OCC02235,2024-11-02,10:38,AGR001,840,574,68.4,Medium
AGR-YE-OCC02235,2024-11-02,10:52,AGR005,840,348,41.5,Low
AGR-YE-OCC02235,2024-11-02,10:19,AGR011,840,477,56.9,Medium
AGR-YE-OCC02236,2024-11-06,19:20,AGR002,1120,979,87.5,High
AGR-YE-OCC02236,2024-11-06,19:10,AGR011,1120,1217,108.7,Critical
AGR-YE-OCC02236,2024-11-06,19:44,AGR008,1120,357,31.9,Low
AGR-YE-OCC02236,2024-11-06,19:24,AGR004,1120,939,83.9,High
AGR-YE-OCC02237,2024-11-06,19:46,AGR003,1120,868,77.6,Medium
AGR-YE-OCC02237,2024-11-06,19:09,AGR010,1120,383,34.2,Low
AGR-YE-OCC02237,2024-11-06,19:07,AGR006,1120,906,81.0,High
AGR-YE-OCC02238,2024-11-06,19:37,AGR006,840,770,91.7,High
AGR-YE-OCC02238,2024-11-06,19:41,AGR009,840,516,61.5,Medium
AGR-YE-OCC02238,2024-11-06,19:53,AGR003,840,645,76.8,Medium
AGR-YE-OCC02238,2024-11-06,19:36,AGR008,840,257,30.6,Low
AGR-YE-OCC02238,2024-11-06,19:36,AGR005,840,950,113.1,Critical
AGR-YE-OCC02238,2024-11-06,19:41,AGR007,840,339,40.5,Low
AGR-YE-OCC02239,2024-11-10,09:35,AGR004,1200,693,57.8,Medium
AGR-YE-OCC02239,2024-11-10,09:06,AGR006,1200,996,83.0,High
AGR-YE-OCC02239,2024-11-10,09:00,AGR001,1200,1030,85.9,High
AGR-YE-OCC02239,2024-11-10,09:21,AGR003,1200,1152,96.1,High
AGR-YE-OCC02240,2024-11-10,19:12,AGR007,1120,385,34.4,Low
AGR-YE-OCC02240,2024-11-10,19:40,AGR006,1120,1397,124.8,Critical
AGR-YE-OCC02240,2024-11-10,19:53,AGR004,1120,991,88.6,High
AGR-YE-OCC02240,2024-11-10,19:21,AGR003,1120,1374,122.7,Critical
AGR-YE-OCC02240,2024-11-10,19:14,AGR001,1120,886,79.2,Medium
AGR-YE-OCC02241,2024-11-10,18:53,AGR011,840,884,105.3,Critical
AGR-YE-OCC02241,2024-11-10,18:18,AGR009,840,818,97.4,High
AGR-YE-OCC02241,2024-11-10,18:30,AGR005,840,808,96.2,High
AGR-YE-OCC02241,2024-11-10,18:34,AGR004,840,632,75.3,Medium
AGR-YE-OCC02241,2024-11-10,18:55,AGR002,840,557,66.4,Medium
AGR-YE-OCC02241,2024-11-10,18:02,AGR008,840,392,46.7,Medium
AGR-YE-OCC02242,2024-11-14,18:02,AGR001,900,1004,111.6,Critical
AGR-YE-OCC02242,2024-11-14,18:01,AGR005,900,845,94.0,High
AGR-YE-OCC02242,2024-11-14,18:40,AGR011,900,788,87.7,High
AGR-YE-OCC02242,2024-11-14,18:16,AGR010,900,539,60.0,Medium
AGR-YE-OCC02242,2024-11-14,18:50,AGR007,900,408,45.4,Medium
AGR-YE-OCC02242,2024-11-14,18:26,AGR004,900,833,92.7,High
AGR-YE-OCC02243,2024-11-14,11:50,AGR003,1200,445,37.1,Low
AGR-YE-OCC02243,2024-11-14,11:03,AGR006,1200,745,62.1,Medium
AGR-YE-OCC02243,2024-11-14,11:20,AGR004,1200,339,28.3,Low
AGR-YE-OCC02243,2024-11-14,11:01,AGR009,1200,401,33.5,Low
AGR-YE-OCC02243,2024-11-14,11:34,AGR007,1200,259,21.6,Low
AGR-YE-OCC02243,2024-11-14,11:14,AGR005,1200,433,36.1,Low
AGR-YE-OCC02244,2024-11-14,07:46,AGR006,900,284,31.6,Low
AGR-YE-OCC02244,2024-11-14,07:26,AGR003,900,487,54.2,Medium
AGR-YE-OCC02244,2024-11-14,07:17,AGR004,900,905,100.6,High
AGR-YE-OCC02244,2024-11-14,07:23,AGR010,900,589,65.5,Medium
AGR-YE-OCC02244,2024-11-14,07:21,AGR011,900,284,31.6,Low
AGR-YE-OCC02245,2024-11-18,21:56,AGR009,900,246,27.4,Low
AGR-YE-OCC02245,2024-11-18,21:43,AGR004,900,211,23.5,Low
AGR-YE-OCC02245,2024-11-18,21:48,AGR002,900,357,39.7,Low
AGR-YE-OCC02245,2024-11-18,21:57,AGR006,900,355,39.5,Low
AGR-YE-OCC02246,2024-11-18,10:46,AGR010,840,394,47.0,Medium
AGR-YE-OCC02246,2024-11-18,10:35,AGR004,840,264,31.5,Low
AGR-YE-OCC02246,2024-11-18,10:50,AGR003,840,515,61.4,Medium
AGR-YE-OCC02246,2024-11-18,10:46,AGR005,840,426,50.8,Medium
AGR-YE-OCC02247,2024-11-18,14:51,AGR004,1200,426,35.6,Low
AGR-YE-OCC02247,2024-11-18,14:40,AGR009,1200,510,42.5,Low
AGR-YE-OCC02247,2024-11-18,14:19,AGR001,1200,564,47.0,Medium
AGR-YE-OCC02248,2024-11-22,19:08,AGR003,840,646,76.9,Medium
AGR-YE-OCC02248,2024-11-22,19:11,AGR005,840,821,97.8,High
AGR-YE-OCC02248,2024-11-22,19:19,AGR008,840,268,31.9,Low
AGR-YE-OCC02249,2024-11-22,05:24,AGR001,840,77,9.3,Low
AGR-YE-OCC02249,2024-11-22,05:32,AGR010,840,104,12.4,Low
AGR-YE-OCC02249,2024-11-22,05:19,AGR002,840,100,11.9,Low
AGR-YE-OCC02249,2024-11-22,05:13,AGR007,840,88,10.5,Low
AGR-YE-OCC02249,2024-11-22,05:20,AGR004,840,126,15.1,Low
AGR-YE-OCC02249,2024-11-22,05:55,AGR008,840,102,12.2,Low
AGR-YE-OCC02250,2024-11-22,10:46,AGR006,840,818,97.5,High
AGR-YE-OCC02250,2024-11-22,10:32,AGR002,840,433,51.6,Medium
AGR-YE-OCC02250,2024-11-22,10:31,AGR011,840,741,88.3,High
AGR-YE-OCC02250,2024-11-22,10:35,AGR004,840,349,41.6,Low
AGR-YE-OCC02250,2024-11-22,10:22,AGR005,840,344,41.0,Low
AGR-YE-OCC02250,2024-11-22,10:12,AGR009,840,334,39.8,Low
AGR-YE-OCC02251,2024-11-26,11:55,AGR006,900,544,60.5,Medium
AGR-YE-OCC02251,2024-11-26,11:02,AGR001,900,441,49.1,Medium
AGR-YE-OCC02251,2024-11-26,11:10,AGR007,900,232,25.9,Low
AGR-YE-OCC02251,2024-11-26,11:18,AGR003,900,206,23.0,Low
AGR-YE-OCC02251,2024-11-26,11:44,AGR010,900,216,24.0,Low
AGR-YE-OCC02252,2024-11-26,19:14,AGR003,1200,1454,121.2,Critical
AGR-YE-OCC02252,2024-11-26,19:50,AGR006,1200,1339,111.6,Critical
AGR-YE-OCC02252,2024-11-26,19:29,AGR004,1200,673,56.1,Medium
AGR-YE-OCC02252,2024-11-26,19:19,AGR008,1200,450,37.5,Low
AGR-YE-OCC02253,2024-11-26,19:28,AGR007,900,306,34.0,Low
AGR-YE-OCC02253,2024-11-26,19:11,AGR002,900,729,81.1,High
AGR-YE-OCC02253,2024-11-26,19:10,AGR010,900,446,49.6,Medium
AGR-YE-OCC02253,2024-11-26,19:00,AGR004,900,760,84.5,High
AGR-YE-OCC02254,2024-11-30,18:51,AGR004,1120,1002,89.5,High
AGR-YE-OCC02254,2024-11-30,18:29,AGR002,1120,850,75.9,Medium
AGR-YE-OCC02254,2024-11-30,18:45,AGR007,1120,772,69.0,Medium
AGR-YE-OCC02255,2024-11-30,17:32,AGR011,1200,628,52.4,Medium
AGR-YE-OCC02255,2024-11-30,17:40,AGR006,1200,930,77.5,Medium
AGR-YE-OCC02255,2024-11-30,17:15,AGR001,1200,842,70.2,Medium
AGR-YE-OCC02255,2024-11-30,17:03,AGR005,1200,550,45.9,Medium
AGR-YE-OCC02256,2024-11-30,18:33,AGR011,900,992,110.3,Critical
AGR-YE-OCC02256,2024-11-30,18:33,AGR004,900,969,107.7,Critical
AGR-YE-OCC02256,2024-11-30,18:38,AGR010,900,393,43.7,Low
AGR-YE-OCC02256,2024-11-30,18:45,AGR005,900,629,69.9,Medium
AGR-YE-OCC02256,2024-11-30,18:23,AGR009,900,567,63.0,Medium
AGR-YE-OCC02256,2024-11-30,18:21,AGR006,900,645,71.7,Medium
AGR-YE-OCC02257,2024-12-04,09:08,AGR005,840,552,65.8,Medium
AGR-YE-OCC02257,2024-12-04,09:00,AGR009,840,482,57.5,Medium
AGR-YE-OCC02257,2024-12-04,09:48,AGR008,840,608,72.4,Medium
AGR-YE-OCC02257,2024-12-04,09:42,AGR007,840,516,61.4,Medium
AGR-YE-OCC02257,2024-12-04,09:20,AGR011,840,649,77.3,Medium
AGR-YE-OCC02257,2024-12-04,09:06,AGR003,840,587,70.0,Medium
AGR-YE-OCC02258,2024-12-04,19:21,AGR009,1120,935,83.6,High
AGR-YE-OCC02258,2024-12-04,19:40,AGR007,1120,373,33.3,Low
AGR-YE-OCC02258,2024-12-04,19:25,AGR008,1120,487,43.5,Low
AGR-YE-OCC02258,2024-12-04,19:09,AGR002,1120,795,71.0,Medium
AGR-YE-OCC02258,2024-12-04,19:57,AGR004,1120,794,70.9,Medium
AGR-YE-OCC02258,2024-12-04,19:38,AGR010,1120,462,41.3,Low
AGR-YE-OCC02259,2024-12-04,15:30,AGR002,840,293,35.0,Low
AGR-YE-OCC02259,2024-12-04,15:43,AGR010,840,734,87.5,High
AGR-YE-OCC02259,2024-12-04,15:52,AGR011,840,239,28.5,Low
AGR-YE-OCC02260,2024-12-08,06:49,AGR008,840,278,33.2,Low
AGR-YE-OCC02260,2024-12-08,06:00,AGR009,840,321,38.3,Low
AGR-YE-OCC02260,2024-12-08,06:27,AGR004,840,405,48.3,Medium
AGR-YE-OCC02260,2024-12-08,06:38,AGR002,840,256,30.5,Low
AGR-YE-OCC02261,2024-12-08,19:24,AGR010,1200,413,34.5,Low
AGR-YE-OCC02261,2024-12-08,19:55,AGR003,1200,1136,94.7,High
AGR-YE-OCC02261,2024-12-08,19:36,AGR009,1200,929,77.4,Medium
AGR-YE-OCC02261,2024-12-08,19:33,AGR001,1200,901,75.1,Medium
AGR-YE-OCC02261,2024-12-08,19:29,AGR008,1200,498,41.5,Low
AGR-YE-OCC02261,2024-12-08,19:09,AGR006,1200,1074,89.5,High
AGR-YE-OCC02262,2024-12-08,16:35,AGR007,1200,864,72.0,Medium
AGR-YE-OCC02262,2024-12-08,16:15,AGR001,1200,448,37.4,Low
AGR-YE-OCC02262,2024-12-08,16:53,AGR010,1200,1010,84.2,High
AGR-YE-OCC02262,2024-12-08,16:24,AGR009,1200,444,37.0,Low
AGR-YE-OCC02262,2024-12-08,16:19,AGR006,1200,619,51.7,Medium
AGR-YE-OCC02262,2024-12-08,16:47,AGR004,1200,544,45.3,Medium
AGR-YE-OCC02263,2024-12-12,07:11,AGR004,900,1001,111.3,Critical
AGR-YE-OCC02263,2024-12-12,07:13,AGR002,900,524,58.3,Medium
AGR-YE-OCC02263,2024-12-12,07:07,AGR008,900,714,79.4,Medium
AGR-YE-OCC02263,2024-12-12,07:41,AGR005,900,752,83.7,High
AGR-YE-OCC02263,2024-12-12,07:08,AGR006,900,375,41.7,Low
AGR-YE-OCC02263,2024-12-12,07:59,AGR003,900,658,73.2,Medium
AGR-YE-OCC02264,2024-12-12,08:22,AGR007,840,990,118.0,Critical
AGR-YE-OCC02264,2024-12-12,08:16,AGR005,840,800,95.3,High
AGR-YE-OCC02264,2024-12-12,08:22,AGR001,840,593,70.6,Medium
AGR-YE-OCC02264,2024-12-12,08:54,AGR002,840,1017,121.1,Critical
AGR-YE-OCC02265,2024-12-12,12:39,AGR005,900,179,20.0,Low
AGR-YE-OCC02265,2024-12-12,12:19,AGR003,900,178,19.8,Low
AGR-YE-OCC02265,2024-12-12,12:25,AGR001,900,423,47.1,Medium
AGR-YE-OCC02265,2024-12-12,12:39,AGR010,900,243,27.0,Low
AGR-YE-OCC02265,2024-12-12,12:39,AGR011,900,327,36.4,Low
AGR-YE-OCC02265,2024-12-12,12:02,AGR007,900,318,35.3,Low
AGR-YE-OCC02266,2024-12-16,18:55,AGR009,900,582,64.8,Medium
AGR-YE-OCC02266,2024-12-16,18:44,AGR008,900,665,74.0,Medium
AGR-YE-OCC02266,2024-12-16,18:09,AGR006,900,705,78.4,Medium
AGR-YE-OCC02267,2024-12-16,10:57,AGR005,1120,449,40.1,Low
AGR-YE-OCC02267,2024-12-16,10:00,AGR011,1120,1049,93.7,High
AGR-YE-OCC02267,2024-12-16,10:17,AGR010,1120,416,37.2,Low
AGR-YE-OCC02267,2024-12-16,10:33,AGR007,1120,541,48.3,Medium
AGR-YE-OCC02267,2024-12-16,10:47,AGR006,1120,778,69.5,Medium
AGR-YE-OCC02268,2024-12-16,09:39,AGR009,900,570,63.3,Medium
AGR-YE-OCC02268,2024-12-16,09:24,AGR006,900,906,100.7,High
AGR-YE-OCC02268,2024-12-16,09:28,AGR008,900,624,69.4,Medium
AGR-YE-OCC02268,2024-12-16,09:06,AGR007,900,684,76.0,Medium
AGR-YE-OCC02269,2024-12-20,20:04,AGR010,1120,323,28.9,Low
AGR-YE-OCC02269,2024-12-20,20:32,AGR005,1120,827,73.9,Medium
AGR-YE-OCC02269,2024-12-20,20:03,AGR001,1120,703,62.8,Medium
AGR-YE-OCC02269,2024-12-20,20:18,AGR003,1120,1060,94.7,High
AGR-YE-OCC02269,2024-12-20,20:02,AGR004,1120,587,52.4,Medium
AGR-YE-OCC02270,2024-12-20,15:06,AGR007,900,567,63.1,Medium
AGR-YE-OCC02270,2024-12-20,15:07,AGR001,900,344,38.3,Low
AGR-YE-OCC02270,2024-12-20,15:09,AGR006,900,404,45.0,Low
AGR-YE-OCC02270,2024-12-20,15:08,AGR011,900,391,43.5,Low
AGR-YE-OCC02270,2024-12-20,15:55,AGR010,900,510,56.7,Medium
AGR-YE-OCC02271,2024-12-20,20:25,AGR001,900,506,56.2,Medium
AGR-YE-OCC02271,2024-12-20,20:34,AGR011,900,606,67.4,Medium
AGR-YE-OCC02271,2024-12-20,20:58,AGR004,900,418,46.5,Medium
AGR-YE-OCC02272,2024-12-24,15:23,AGR010,900,722,80.3,High
AGR-YE-OCC02272,2024-12-24,15:14,AGR005,900,199,22.1,Low
AGR-YE-OCC02272,2024-12-24,15:49,AGR002,900,332,36.9,Low
AGR-YE-OCC02273,2024-12-24,20:20,AGR008,840,204,24.3,Low
AGR-YE-OCC02273,2024-12-24,20:01,AGR009,840,305,36.4,Low
AGR-YE-OCC02273,2024-12-24,20:21,AGR001,840,527,62.8,Medium
AGR-YE-OCC02273,2024-12-24,20:08,AGR002,840,802,95.5,High
AGR-YE-OCC02274,2024-12-24,19:33,AGR004,840,476,56.7,Medium
AGR-YE-OCC02274,2024-12-24,19:36,AGR003,840,1036,123.3,Critical
AGR-YE-OCC02274,2024-12-24,19:37,AGR010,840,386,46.1,Medium
AGR-YE-OCC02274,2024-12-24,19:01,AGR011,840,631,75.2,Medium
AGR-YE-OCC02274,2024-12-24,19:44,AGR002,840,1002,119.3,Critical
AGR-YE-OCC02275,2024-12-28,20:14,AGR001,1200,691,57.6,Medium
AGR-YE-OCC02275,2024-12-28,20:16,AGR005,1200,781,65.1,Medium
AGR-YE-OCC02275,2024-12-28,20:11,AGR010,1200,253,21.1,Low
AGR-YE-OCC02275,2024-12-28,20:55,AGR011,1200,1126,93.9,High
AGR-YE-OCC02275,2024-12-28,20:06,AGR008,1200,367,30.7,Low
AGR-YE-OCC02276,2024-12-28,14:21,AGR009,1200,439,36.6,Low
AGR-YE-OCC02276,2024-12-28,14:20,AGR003,1200,288,24.1,Low
AGR-YE-OCC02276,2024-12-28,14:09,AGR001,1200,596,49.7,Medium
AGR-YE-OCC02276,2024-12-28,14:40,AGR006,1200,437,36.5,Low
AGR-YE-OCC02276,2024-12-28,14:09,AGR005,1200,229,19.1,Low
AGR-YE-OCC02276,2024-12-28,14:48,AGR004,1200,578,48.2,Medium
AGR-YE-OCC02277,2024-12-28,09:22,AGR008,840,658,78.4,Medium
AGR-YE-OCC02277,2024-12-28,09:03,AGR011,840,902,107.5,Critical
AGR-YE-OCC02277,2024-12-28,09:45,AGR009,840,540,64.4,Medium
AGR-YE-OCC02277,2024-12-28,09:16,AGR010,840,565,67.3,Medium
BHO-OR-OCC02278,2024-10-01,20:44,BHO002,1120,988,88.3,High
BHO-OR-OCC02278,2024-10-01,20:07,BHO010,1120,970,86.7,High
BHO-OR-OCC02278,2024-10-01,20:24,BHO013,1120,1107,98.9,High
BHO-OR-OCC02278,2024-10-01,20:58,BHO003,1120,681,60.9,Medium
BHO-OR-OCC02278,2024-10-01,20:20,BHO001,1120,765,68.3,Medium
BHO-OR-OCC02279,2024-10-01,11:05,BHO009,900,280,31.2,Low
BHO-OR-OCC02279,2024-10-01,11:32,BHO011,900,306,34.0,Low
BHO-OR-OCC02279,2024-10-01,11:10,BHO006,900,732,81.4,High
BHO-OR-OCC02279,2024-10-01,11:30,BHO003,900,240,26.7,Low
BHO-OR-OCC02280,2024-10-01,08:11,BHO009,1200,1045,87.1,High
BHO-OR-OCC02280,2024-10-01,08:32,BHO002,1200,919,76.6,Medium
BHO-OR-OCC02280,2024-10-01,08:54,BHO006,1200,1418,118.2,Critical
BHO-OR-OCC02280,2024-10-01,08:23,BHO005,1200,790,65.9,Medium
BHO-OR-OCC02280,2024-10-01,08:34,BHO001,1200,950,79.2,Medium
BHO-OR-OCC02281,2024-10-05,18:59,BHO014,1120,1007,90.0,High
BHO-OR-OCC02281,2024-10-05,18:55,BHO015,1120,854,76.3,Medium
BHO-OR-OCC02281,2024-10-05,18:21,BHO003,1120,1253,111.9,Critical
BHO-OR-OCC02281,2024-10-05,18:01,BHO012,1120,887,79.3,Medium
BHO-OR-OCC02281,2024-10-05,18:30,BHO001,1120,1213,108.3,Critical
BHO-OR-OCC02281,2024-10-05,18:54,BHO011,1120,983,87.8,High
BHO-OR-OCC02282,2024-10-05,13:28,BHO007,840,262,31.3,Low
BHO-OR-OCC02282,2024-10-05,13:46,BHO012,840,380,45.3,Medium
BHO-OR-OCC02282,2024-10-05,13:28,BHO002,840,294,35.1,Low
BHO-OR-OCC02282,2024-10-05,13:48,BHO003,840,280,33.4,Low
BHO-OR-OCC02283,2024-10-05,20:32,BHO015,1120,1052,94.0,High
BHO-OR-OCC02283,2024-10-05,20:59,BHO009,1120,879,78.6,Medium
BHO-OR-OCC02283,2024-10-05,20:37,BHO007,1120,777,69.4,Medium
BHO-OR-OCC02284,2024-10-09,06:18,BHO011,1200,428,35.7,Low
BHO-OR-OCC02284,2024-10-09,06:06,BHO005,1200,259,21.6,Low
BHO-OR-OCC02284,2024-10-09,06:10,BHO003,1200,680,56.7,Medium
BHO-OR-OCC02284,2024-10-09,06:39,BHO006,1200,640,53.4,Medium
BHO-OR-OCC02284,2024-10-09,06:11,BHO010,1200,184,15.4,Low
BHO-OR-OCC02284,2024-10-09,06:55,BHO012,1200,208,17.3,Low
BHO-OR-OCC02285,2024-10-09,15:05,BHO007,900,375,41.8,Low
BHO-OR-OCC02285,2024-10-09,15:59,BHO010,900,362,40.3,Low
BHO-OR-OCC02285,2024-10-09,15:02,BHO004,900,448,49.9,Medium
BHO-OR-OCC02286,2024-10-09,19:49,BHO008,900,631,70.1,Medium
BHO-OR-OCC02286,2024-10-09,19:27,BHO015,900,1075,119.5,Critical
BHO-OR-OCC02286,2024-10-09,19:26,BHO001,900,889,98.9,High
BHO-OR-OCC02286,2024-10-09,19:54,BHO002,900,633,70.4,Medium
BHO-OR-OCC02286,2024-10-09,19:37,BHO011,900,941,104.7,High
BHO-OR-OCC02287,2024-10-13,08:51,BHO004,840,571,68.1,Medium
BHO-OR-OCC02287,2024-10-13,08:02,BHO003,840,859,102.3,High
BHO-OR-OCC02287,2024-10-13,08:03,BHO005,840,616,73.4,Medium
BHO-OR-OCC02288,2024-10-13,09:08,BHO004,840,1047,124.7,Critical
BHO-OR-OCC02288,2024-10-13,09:09,BHO015,840,808,96.2,High
BHO-OR-OCC02288,2024-10-13,09:19,BHO012,840,612,72.9,Medium
BHO-OR-OCC02288,2024-10-13,09:10,BHO005,840,645,76.8,Medium
BHO-OR-OCC02289,2024-10-13,07:36,BHO006,840,876,104.3,High
BHO-OR-OCC02289,2024-10-13,07:38,BHO013,840,412,49.2,Medium
BHO-OR-OCC02289,2024-10-13,07:25,BHO005,840,323,38.5,Low
BHO-OR-OCC02289,2024-10-13,07:34,BHO008,840,576,68.7,Medium
BHO-OR-OCC02289,2024-10-13,07:20,BHO015,840,295,35.2,Low
BHO-OR-OCC02290,2024-10-17,23:38,BHO015,1200,185,15.4,Low
BHO-OR-OCC02290,2024-10-17,23:00,BHO012,1200,246,20.5,Low
BHO-OR-OCC02290,2024-10-17,23:39,BHO005,1200,242,20.2,Low
BHO-OR-OCC02290,2024-10-17,23:38,BHO010,1200,275,23.0,Low
BHO-OR-OCC02290,2024-10-17,23:50,BHO009,1200,115,9.6,Low
BHO-OR-OCC02290,2024-10-17,23:07,BHO007,1200,239,19.9,Low
BHO-OR-OCC02291,2024-10-17,18:56,BHO002,840,559,66.6,Medium
BHO-OR-OCC02291,2024-10-17,18:23,BHO014,840,645,76.8,Medium
BHO-OR-OCC02291,2024-10-17,18:53,BHO009,840,613,73.0,Medium
BHO-OR-OCC02292,2024-10-17,15:16,BHO004,900,397,44.2,Low
BHO-OR-OCC02292,2024-10-17,15:58,BHO008,900,272,30.3,Low
BHO-OR-OCC02292,2024-10-17,15:09,BHO002,900,254,28.3,Low
BHO-OR-OCC02293,2024-10-21,10:13,BHO006,900,717,79.8,Medium
BHO-OR-OCC02293,2024-10-21,10:32,BHO010,900,849,94.4,High
BHO-OR-OCC02293,2024-10-21,10:47,BHO008,900,552,61.4,Medium
BHO-OR-OCC02293,2024-10-21,10:32,BHO005,900,872,96.9,High
BHO-OR-OCC02294,2024-10-21,15:51,BHO007,900,302,33.6,Low
BHO-OR-OCC02294,2024-10-21,15:33,BHO003,900,291,32.4,Low
BHO-OR-OCC02294,2024-10-21,15:38,BHO009,900,278,30.9,Low
BHO-OR-OCC02295,2024-10-21,10:21,BHO006,1120,882,78.8,Medium
BHO-OR-OCC02295,2024-10-21,10:13,BHO013,1120,1084,96.9,High
BHO-OR-OCC02295,2024-10-21,10:24,BHO012,1120,1071,95.7,High
BHO-OR-OCC02295,2024-10-21,10:10,BHO011,1120,586,52.4,Medium
BHO-OR-OCC02295,2024-10-21,10:35,BHO015,1120,685,61.2,Medium
BHO-OR-OCC02296,2024-10-25,18:01,BHO004,1200,1188,99.1,High
BHO-OR-OCC02296,2024-10-25,18:03,BHO009,1200,1113,92.8,High
BHO-OR-OCC02296,2024-10-25,18:15,BHO014,1200,838,69.8,Medium
BHO-OR-OCC02296,2024-10-25,18:37,BHO008,1200,1014,84.5,High
BHO-OR-OCC02297,2024-10-25,19:37,BHO006,1120,1172,104.7,High
BHO-OR-OCC02297,2024-10-25,19:40,BHO010,1120,923,82.4,High
BHO-OR-OCC02297,2024-10-25,19:07,BHO012,1120,1379,123.2,Critical
BHO-OR-OCC02297,2024-10-25,19:47,BHO014,1120,857,76.6,Medium
BHO-OR-OCC02297,2024-10-25,19:15,BHO009,1120,1381,123.4,Critical
BHO-OR-OCC02298,2024-10-25,18:30,BHO004,840,533,63.5,Medium
BHO-OR-OCC02298,2024-10-25,18:15,BHO007,840,721,85.9,High
BHO-OR-OCC02298,2024-10-25,18:47,BHO006,840,790,94.1,High
BHO-OR-OCC02299,2024-10-29,09:21,BHO002,840,713,84.9,High
BHO-OR-OCC02299,2024-10-29,09:56,BHO008,840,720,85.8,High
BHO-OR-OCC02299,2024-10-29,09:36,BHO009,840,861,102.6,High
BHO-OR-OCC02299,2024-10-29,09:35,BHO014,840,1000,119.1,Critical
BHO-OR-OCC02300,2024-10-29,19:36,BHO003,840,670,79.8,Medium
BHO-OR-OCC02300,2024-10-29,19:14,BHO005,840,731,87.0,High
BHO-OR-OCC02300,2024-10-29,19:07,BHO010,840,623,74.2,Medium
BHO-OR-OCC02301,2024-10-29,12:59,BHO005,840,366,43.6,Low
BHO-OR-OCC02301,2024-10-29,12:01,BHO014,840,388,46.2,Medium
BHO-OR-OCC02301,2024-10-29,12:23,BHO013,840,282,33.6,Low
BHO-OR-OCC02301,2024-10-29,12:52,BHO015,840,341,40.6,Low
BHO-OR-OCC02302,2024-11-02,08:31,BHO004,900,621,69.1,Medium
BHO-OR-OCC02302,2024-11-02,08:44,BHO012,900,645,71.7,Medium
BHO-OR-OCC02302,2024-11-02,08:10,BHO013,900,619,68.8,Medium
BHO-OR-OCC02303,2024-11-02,10:30,BHO015,1120,1037,92.6,High
BHO-OR-OCC02303,2024-11-02,10:59,BHO007,1120,1121,100.1,High
BHO-OR-OCC02303,2024-11-02,10:16,BHO001,1120,850,76.0,Medium
BHO-OR-OCC02304,2024-11-02,10:54,BHO012,840,773,92.1,High
BHO-OR-OCC02304,2024-11-02,10:28,BHO006,840,776,92.4,High
BHO-OR-OCC02304,2024-11-02,10:17,BHO008,840,399,47.6,Medium
BHO-OR-OCC02304,2024-11-02,10:02,BHO009,840,408,48.6,Medium
BHO-OR-OCC02304,2024-11-02,10:45,BHO013,840,536,63.9,Medium
BHO-OR-OCC02304,2024-11-02,10:35,BHO001,840,939,111.8,Critical
BHO-OR-OCC02305,2024-11-06,11:44,BHO004,840,499,59.5,Medium
BHO-OR-OCC02305,2024-11-06,11:41,BHO001,840,534,63.7,Medium
BHO-OR-OCC02305,2024-11-06,11:20,BHO002,840,389,46.3,Medium
BHO-OR-OCC02305,2024-11-06,11:10,BHO011,840,291,34.8,Low
BHO-OR-OCC02305,2024-11-06,11:57,BHO008,840,243,28.9,Low
BHO-OR-OCC02305,2024-11-06,11:19,BHO005,840,481,57.3,Medium
BHO-OR-OCC02306,2024-11-06,10:11,BHO015,900,697,77.4,Medium
BHO-OR-OCC02306,2024-11-06,10:35,BHO003,900,399,44.3,Low
BHO-OR-OCC02306,2024-11-06,10:33,BHO014,900,683,76.0,Medium
BHO-OR-OCC02306,2024-11-06,10:01,BHO012,900,701,77.9,Medium
BHO-OR-OCC02307,2024-11-06,15:03,BHO009,1120,374,33.4,Low
BHO-OR-OCC02307,2024-11-06,15:53,BHO011,1120,338,30.2,Low
BHO-OR-OCC02307,2024-11-06,15:22,BHO007,1120,508,45.4,Medium
BHO-OR-OCC02308,2024-11-10,12:34,BHO013,1200,348,29.0,Low
BHO-OR-OCC02308,2024-11-10,12:47,BHO010,1200,424,35.3,Low
BHO-OR-OCC02308,2024-11-10,12:34,BHO006,1200,808,67.3,Medium
BHO-OR-OCC02308,2024-11-10,12:45,BHO005,1200,381,31.8,Low
BHO-OR-OCC02308,2024-11-10,12:32,BHO012,1200,598,49.9,Medium
BHO-OR-OCC02309,2024-11-10,09:01,BHO006,840,716,85.2,High
BHO-OR-OCC02309,2024-11-10,09:16,BHO009,840,566,67.4,Medium
BHO-OR-OCC02309,2024-11-10,09:28,BHO011,840,623,74.2,Medium
BHO-OR-OCC02309,2024-11-10,09:06,BHO012,840,910,108.4,Critical
BHO-OR-OCC02309,2024-11-10,09:58,BHO015,840,842,100.3,High
BHO-OR-OCC02309,2024-11-10,09:40,BHO013,840,978,116.5,Critical
BHO-OR-OCC02310,2024-11-10,05:29,BHO001,840,92,11.0,Low
BHO-OR-OCC02310,2024-11-10,05:08,BHO008,840,70,8.4,Low
BHO-OR-OCC02310,2024-11-10,05:19,BHO011,840,65,7.8,Low
BHO-OR-OCC02311,2024-11-14,17:25,BHO004,1120,675,60.3,Medium
BHO-OR-OCC02311,2024-11-14,17:05,BHO005,1120,722,64.5,Medium
BHO-OR-OCC02311,2024-11-14,17:47,BHO001,1120,754,67.3,Medium
BHO-OR-OCC02311,2024-11-14,17:47,BHO002,1120,973,86.9,High
BHO-OR-OCC02311,2024-11-14,17:14,BHO008,1120,543,48.5,Medium
BHO-OR-OCC02311,2024-11-14,17:18,BHO010,1120,885,79.0,Medium
BHO-OR-OCC02312,2024-11-14,17:22,BHO010,1200,632,52.7,Medium
BHO-OR-OCC02312,2024-11-14,17:43,BHO002,1200,793,66.1,Medium
BHO-OR-OCC02312,2024-11-14,17:18,BHO009,1200,539,44.9,Low
BHO-OR-OCC02313,2024-11-14,09:56,BHO005,900,1058,117.6,Critical
BHO-OR-OCC02313,2024-11-14,09:39,BHO011,900,623,69.3,Medium
BHO-OR-OCC02313,2024-11-14,09:08,BHO008,900,634,70.4,Medium
BHO-OR-OCC02313,2024-11-14,09:48,BHO013,900,1096,121.8,Critical
BHO-OR-OCC02314,2024-11-18,10:44,BHO004,840,779,92.9,High
BHO-OR-OCC02314,2024-11-18,10:36,BHO001,840,847,100.9,High
BHO-OR-OCC02314,2024-11-18,10:01,BHO005,840,494,58.9,Medium
BHO-OR-OCC02314,2024-11-18,10:39,BHO015,840,667,79.5,Medium
BHO-OR-OCC02314,2024-11-18,10:06,BHO003,840,341,40.7,Low
BHO-OR-OCC02315,2024-11-18,05:47,BHO014,900,98,10.9,Low
BHO-OR-OCC02315,2024-11-18,05:31,BHO015,900,101,11.3,Low
BHO-OR-OCC02315,2024-11-18,05:18,BHO011,900,64,7.2,Low
BHO-OR-OCC02315,2024-11-18,05:47,BHO012,900,77,8.6,Low
BHO-OR-OCC02316,2024-11-18,13:23,BHO003,1200,544,45.4,Medium
BHO-OR-OCC02316,2024-11-18,13:16,BHO010,1200,387,32.3,Low
BHO-OR-OCC02316,2024-11-18,13:47,BHO001,1200,440,36.7,Low
BHO-OR-OCC02316,2024-11-18,13:14,BHO013,1200,533,44.4,Low
BHO-OR-OCC02316,2024-11-18,13:09,BHO005,1200,539,45.0,Low
BHO-OR-OCC02316,2024-11-18,13:59,BHO008,1200,277,23.1,Low
BHO-OR-OCC02317,2024-11-22,09:10,BHO002,900,914,101.6,High
BHO-OR-OCC02317,2024-11-22,09:22,BHO001,900,652,72.5,Medium
BHO-OR-OCC02317,2024-11-22,09:33,BHO005,900,779,86.6,High
BHO-OR-OCC02317,2024-11-22,09:01,BHO009,900,717,79.7,Medium
BHO-OR-OCC02317,2024-11-22,09:48,BHO012,900,634,70.5,Medium
BHO-OR-OCC02318,2024-11-22,21:30,BHO006,900,840,93.4,High
BHO-OR-OCC02318,2024-11-22,21:26,BHO008,900,497,55.3,Medium
BHO-OR-OCC02318,2024-11-22,21:33,BHO009,900,539,59.9,Medium
BHO-OR-OCC02318,2024-11-22,21:33,BHO011,900,389,43.3,Low
BHO-OR-OCC02319,2024-11-22,20:27,BHO014,900,875,97.2,High
BHO-OR-OCC02319,2024-11-22,20:18,BHO002,900,739,82.2,High
BHO-OR-OCC02319,2024-11-22,20:41,BHO001,900,521,57.9,Medium
BHO-OR-OCC02319,2024-11-22,20:34,BHO013,900,571,63.5,Medium
BHO-OR-OCC02319,2024-11-22,20:14,BHO006,900,868,96.5,High
BHO-OR-OCC02319,2024-11-22,20:46,BHO005,900,658,73.2,Medium
BHO-OR-OCC02320,2024-11-26,15:10,BHO005,1200,594,49.5,Medium
BHO-OR-OCC02320,2024-11-26,15:24,BHO013,1200,477,39.8,Low
BHO-OR-OCC02320,2024-11-26,15:40,BHO006,1200,1007,83.9,High
BHO-OR-OCC02320,2024-11-26,15:09,BHO002,1200,352,29.4,Low
BHO-OR-OCC02320,2024-11-26,15:40,BHO014,1200,532,44.4,Low
BHO-OR-OCC02321,2024-11-26,19:19,BHO014,840,720,85.7,High
BHO-OR-OCC02321,2024-11-26,19:01,BHO002,840,677,80.7,High
BHO-OR-OCC02321,2024-11-26,19:29,BHO009,840,778,92.7,High
BHO-OR-OCC02321,2024-11-26,19:49,BHO007,840,786,93.6,High
BHO-OR-OCC02321,2024-11-26,19:44,BHO004,840,649,77.3,Medium
BHO-OR-OCC02321,2024-11-26,19:19,BHO011,840,710,84.6,High
BHO-OR-OCC02322,2024-11-26,19:35,BHO013,900,781,86.9,High
BHO-OR-OCC02322,2024-11-26,19:46,BHO005,900,924,102.7,High
BHO-OR-OCC02322,2024-11-26,19:45,BHO012,900,890,99.0,High
BHO-OR-OCC02322,2024-11-26,19:49,BHO010,900,723,80.4,High
BHO-OR-OCC02322,2024-11-26,19:48,BHO004,900,715,79.5,Medium
BHO-OR-OCC02323,2024-11-30,19:28,BHO004,840,769,91.6,High
BHO-OR-OCC02323,2024-11-30,19:00,BHO002,840,798,95.1,High
BHO-OR-OCC02323,2024-11-30,19:46,BHO012,840,965,114.9,Critical
BHO-OR-OCC02324,2024-11-30,09:10,BHO006,1120,1132,101.1,High
BHO-OR-OCC02324,2024-11-30,09:55,BHO005,1120,787,70.3,Medium
BHO-OR-OCC02324,2024-11-30,09:29,BHO004,1120,1165,104.0,High
BHO-OR-OCC02324,2024-11-30,09:55,BHO015,1120,807,72.1,Medium
BHO-OR-OCC02325,2024-11-30,05:27,BHO012,1200,142,11.9,Low
BHO-OR-OCC02325,2024-11-30,05:24,BHO010,1200,84,7.0,Low
BHO-OR-OCC02325,2024-11-30,05:19,BHO011,1200,114,9.6,Low
BHO-OR-OCC02325,2024-11-30,05:06,BHO008,1200,97,8.1,Low
BHO-OR-OCC02326,2024-12-04,05:16,BHO010,1120,105,9.5,Low
BHO-OR-OCC02326,2024-12-04,05:17,BHO015,1120,93,8.3,Low
BHO-OR-OCC02326,2024-12-04,05:07,BHO004,1120,110,9.9,Low
BHO-OR-OCC02326,2024-12-04,05:13,BHO013,1120,113,10.2,Low
BHO-OR-OCC02326,2024-12-04,05:58,BHO001,1120,102,9.2,Low
BHO-OR-OCC02326,2024-12-04,05:21,BHO007,1120,112,10.0,Low
BHO-OR-OCC02327,2024-12-04,12:58,BHO013,1120,442,39.5,Low
BHO-OR-OCC02327,2024-12-04,12:08,BHO014,1120,419,37.5,Low
BHO-OR-OCC02327,2024-12-04,12:53,BHO001,1120,386,34.5,Low
BHO-OR-OCC02328,2024-12-04,06:32,BHO010,840,199,23.8,Low
BHO-OR-OCC02328,2024-12-04,06:13,BHO013,840,153,18.3,Low
BHO-OR-OCC02328,2024-12-04,06:24,BHO001,840,201,24.0,Low
BHO-OR-OCC02328,2024-12-04,06:43,BHO002,840,138,16.5,Low
BHO-OR-OCC02328,2024-12-04,06:05,BHO009,840,249,29.7,Low
BHO-OR-OCC02329,2024-12-08,18:16,BHO010,900,945,105.0,Critical
BHO-OR-OCC02329,2024-12-08,18:41,BHO013,900,979,108.8,Critical
BHO-OR-OCC02329,2024-12-08,18:20,BHO006,900,633,70.4,Medium
BHO-OR-OCC02329,2024-12-08,18:37,BHO012,900,917,102.0,High
BHO-OR-OCC02329,2024-12-08,18:48,BHO009,900,602,66.9,Medium
BHO-OR-OCC02330,2024-12-08,09:42,BHO015,1120,1107,98.9,High
BHO-OR-OCC02330,2024-12-08,09:31,BHO002,1120,928,82.9,High
BHO-OR-OCC02330,2024-12-08,09:22,BHO009,1120,751,67.1,Medium
BHO-OR-OCC02330,2024-12-08,09:39,BHO006,1120,796,71.1,Medium
BHO-OR-OCC02331,2024-12-08,15:09,BHO003,840,360,42.9,Low
BHO-OR-OCC02331,2024-12-08,15:11,BHO015,840,282,33.7,Low
BHO-OR-OCC02331,2024-12-08,15:39,BHO010,840,342,40.8,Low
BHO-OR-OCC02331,2024-12-08,15:58,BHO011,840,307,36.7,Low
BHO-OR-OCC02332,2024-12-12,13:29,BHO004,900,256,28.5,Low
BHO-OR-OCC02332,2024-12-12,13:05,BHO015,900,257,28.6,Low
BHO-OR-OCC02332,2024-12-12,13:35,BHO005,900,433,48.2,Medium
BHO-OR-OCC02332,2024-12-12,13:44,BHO010,900,266,29.6,Low
BHO-OR-OCC02332,2024-12-12,13:44,BHO008,900,182,20.3,Low
BHO-OR-OCC02333,2024-12-12,05:59,BHO015,1200,98,8.2,Low
BHO-OR-OCC02333,2024-12-12,05:33,BHO003,1200,279,23.3,Low
BHO-OR-OCC02333,2024-12-12,05:41,BHO011,1200,117,9.8,Low
BHO-OR-OCC02333,2024-12-12,05:10,BHO002,1200,135,11.3,Low
BHO-OR-OCC02333,2024-12-12,05:28,BHO010,1200,94,7.9,Low
BHO-OR-OCC02334,2024-12-12,20:25,BHO012,1120,936,83.6,High
BHO-OR-OCC02334,2024-12-12,20:34,BHO001,1120,705,62.9,Medium
BHO-OR-OCC02334,2024-12-12,20:47,BHO006,1120,866,77.4,Medium
BHO-OR-OCC02334,2024-12-12,20:38,BHO004,1120,662,59.1,Medium
BHO-OR-OCC02334,2024-12-12,20:05,BHO003,1120,696,62.2,Medium
BHO-OR-OCC02335,2024-12-16,20:45,BHO014,840,666,79.3,Medium
BHO-OR-OCC02335,2024-12-16,20:26,BHO009,840,610,72.7,Medium
BHO-OR-OCC02335,2024-12-16,20:09,BHO003,840,502,59.8,Medium
BHO-OR-OCC02335,2024-12-16,20:02,BHO013,840,505,60.2,Medium
BHO-OR-OCC02335,2024-12-16,20:47,BHO012,840,657,78.3,Medium
BHO-OR-OCC02335,2024-12-16,20:13,BHO007,840,572,68.1,Medium
BHO-OR-OCC02336,2024-12-16,08:58,BHO001,840,517,61.7,Medium
BHO-OR-OCC02336,2024-12-16,08:51,BHO004,840,681,81.1,High
BHO-OR-OCC02336,2024-12-16,08:31,BHO011,840,1035,123.3,Critical
BHO-OR-OCC02337,2024-12-16,17:10,BHO007,900,655,72.8,Medium
BHO-OR-OCC02337,2024-12-16,17:32,BHO011,900,606,67.3,Medium
BHO-OR-OCC02337,2024-12-16,17:40,BHO008,900,493,54.8,Medium
BHO-OR-OCC02337,2024-12-16,17:53,BHO014,900,677,75.3,Medium
BHO-OR-OCC02338,2024-12-20,18:42,BHO012,1200,847,70.7,Medium
BHO-OR-OCC02338,2024-12-20,18:28,BHO005,1200,1133,94.4,High
BHO-OR-OCC02338,2024-12-20,18:07,BHO007,1200,1084,90.4,High
BHO-OR-OCC02338,2024-12-20,18:38,BHO010,1200,1070,89.2,High
BHO-OR-OCC02338,2024-12-20,18:45,BHO011,1200,944,78.7,Medium
BHO-OR-OCC02339,2024-12-20,19:24,BHO008,1120,1201,107.2,Critical
BHO-OR-OCC02339,2024-12-20,19:06,BHO014,1120,1333,119.1,Critical
BHO-OR-OCC02339,2024-12-20,19:28,BHO009,1120,1369,122.3,Critical
BHO-OR-OCC02340,2024-12-20,20:24,BHO011,900,708,78.7,Medium
BHO-OR-OCC02340,2024-12-20,20:37,BHO006,900,742,82.5,High
BHO-OR-OCC02340,2024-12-20,20:01,BHO002,900,835,92.8,High
BHO-OR-OCC02340,2024-12-20,20:57,BHO012,900,814,90.5,High
BHO-OR-OCC02341,2024-12-24,20:11,BHO006,1120,851,76.0,Medium
BHO-OR-OCC02341,2024-12-24,20:24,BHO012,1120,1080,96.4,High
BHO-OR-OCC02341,2024-12-24,20:38,BHO013,1120,893,79.8,Medium
BHO-OR-OCC02341,2024-12-24,20:32,BHO005,1120,707,63.1,Medium
BHO-OR-OCC02341,2024-12-24,20:10,BHO007,1120,1111,99.2,High
BHO-OR-OCC02342,2024-12-24,10:33,BHO002,1200,880,73.4,Medium
BHO-OR-OCC02342,2024-12-24,10:39,BHO001,1200,757,63.1,Medium
BHO-OR-OCC02342,2024-12-24,10:03,BHO008,1200,465,38.8,Low
BHO-OR-OCC02342,2024-12-24,10:31,BHO003,1200,579,48.3,Medium
BHO-OR-OCC02343,2024-12-24,19:06,BHO005,1120,896,80.1,High
BHO-OR-OCC02343,2024-12-24,19:39,BHO003,1120,868,77.6,Medium
BHO-OR-OCC02343,2024-12-24,19:47,BHO012,1120,909,81.2,High
BHO-OR-OCC02343,2024-12-24,19:54,BHO014,1120,894,79.9,Medium
BHO-OR-OCC02344,2024-12-28,16:01,BHO001,840,521,62.1,Medium
BHO-OR-OCC02344,2024-12-28,16:58,BHO003,840,434,51.7,Medium
BHO-OR-OCC02344,2024-12-28,16:19,BHO015,840,421,50.2,Medium
BHO-OR-OCC02344,2024-12-28,16:42,BHO006,840,773,92.1,High
BHO-OR-OCC02345,2024-12-28,10:35,BHO015,1120,1017,90.8,High
BHO-OR-OCC02345,2024-12-28,10:10,BHO011,1120,607,54.3,Medium
BHO-OR-OCC02345,2024-12-28,10:24,BHO012,1120,799,71.4,Medium
BHO-OR-OCC02345,2024-12-28,10:19,BHO010,1120,834,74.5,Medium
BHO-OR-OCC02345,2024-12-28,10:54,BHO007,1120,1134,101.3,High
BHO-OR-OCC02345,2024-12-28,10:23,BHO009,1120,516,46.1,Medium
BHO-OR-OCC02346,2024-12-28,08:39,BHO004,1200,1129,94.1,High
BHO-OR-OCC02346,2024-12-28,08:27,BHO005,1200,742,61.9,Medium
BHO-OR-OCC02346,2024-12-28,08:15,BHO008,1200,949,79.1,Medium
BHO-OR-OCC02346,2024-12-28,08:25,BHO013,1200,1184,98.7,High
IDR-YE-OCC02347,2024-10-01,07:24,IDR015,1200,412,34.4,Low
IDR-YE-OCC02347,2024-10-01,07:46,IDR010,1200,471,39.3,Low
IDR-YE-OCC02347,2024-10-01,07:29,IDR014,1200,726,60.5,Medium
IDR-YE-OCC02347,2024-10-01,07:42,IDR009,1200,919,76.6,Medium
IDR-YE-OCC02348,2024-10-01,09:43,IDR007,840,532,63.4,Medium
IDR-YE-OCC02348,2024-10-01,09:05,IDR001,840,715,85.1,High
IDR-YE-OCC02348,2024-10-01,09:44,IDR002,840,567,67.5,Medium
IDR-YE-OCC02348,2024-10-01,09:27,IDR014,840,651,77.5,Medium
IDR-YE-OCC02348,2024-10-01,09:10,IDR006,840,716,85.3,High
IDR-YE-OCC02349,2024-10-01,22:34,IDR015,900,206,22.9,Low
IDR-YE-OCC02349,2024-10-01,22:06,IDR002,900,249,27.7,Low
IDR-YE-OCC02349,2024-10-01,22:29,IDR011,900,213,23.7,Low
IDR-YE-OCC02349,2024-10-01,22:59,IDR005,900,288,32.0,Low
IDR-YE-OCC02349,2024-10-01,22:37,IDR003,900,318,35.4,Low
IDR-YE-OCC02350,2024-10-05,07:48,IDR010,840,300,35.8,Low
IDR-YE-OCC02350,2024-10-05,07:30,IDR003,840,377,45.0,Low
IDR-YE-OCC02350,2024-10-05,07:44,IDR013,840,475,56.6,Medium
IDR-YE-OCC02351,2024-10-05,11:35,IDR015,900,501,55.7,Medium
IDR-YE-OCC02351,2024-10-05,11:40,IDR008,900,292,32.5,Low
IDR-YE-OCC02351,2024-10-05,11:20,IDR005,900,213,23.7,Low
IDR-YE-OCC02351,2024-10-05,11:20,IDR004,900,305,34.0,Low
IDR-YE-OCC02352,2024-10-05,08:15,IDR002,840,965,114.9,Critical
IDR-YE-OCC02352,2024-10-05,08:54,IDR011,840,709,84.4,High
IDR-YE-OCC02352,2024-10-05,08:22,IDR001,840,569,67.9,Medium
IDR-YE-OCC02352,2024-10-05,08:37,IDR005,840,903,107.6,Critical
IDR-YE-OCC02353,2024-10-09,11:03,IDR012,900,678,75.4,Medium
IDR-YE-OCC02353,2024-10-09,11:38,IDR006,900,675,75.0,Medium
IDR-YE-OCC02353,2024-10-09,11:49,IDR010,900,425,47.3,Medium
IDR-YE-OCC02353,2024-10-09,11:47,IDR014,900,244,27.2,Low
IDR-YE-OCC02353,2024-10-09,11:47,IDR005,900,294,32.7,Low
IDR-YE-OCC02354,2024-10-09,06:46,IDR004,1120,298,26.6,Low
IDR-YE-OCC02354,2024-10-09,06:57,IDR013,1120,361,32.2,Low
IDR-YE-OCC02354,2024-10-09,06:51,IDR001,1120,235,21.0,Low
IDR-YE-OCC02354,2024-10-09,06:56,IDR015,1120,229,20.5,Low
IDR-YE-OCC02354,2024-10-09,06:39,IDR006,1120,670,59.8,Medium
IDR-YE-OCC02355,2024-10-09,10:21,IDR008,900,451,50.2,Medium
IDR-YE-OCC02355,2024-10-09,10:23,IDR006,900,956,106.3,Critical
IDR-YE-OCC02355,2024-10-09,10:57,IDR015,900,510,56.7,Medium
IDR-YE-OCC02355,2024-10-09,10:46,IDR012,900,620,69.0,Medium
IDR-YE-OCC02355,2024-10-09,10:21,IDR002,900,397,44.2,Low
IDR-YE-OCC02355,2024-10-09,10:14,IDR004,900,395,44.0,Low
IDR-YE-OCC02356,2024-10-13,20:40,IDR014,840,485,57.9,Medium
IDR-YE-OCC02356,2024-10-13,20:52,IDR004,840,608,72.4,Medium
IDR-YE-OCC02356,2024-10-13,20:34,IDR015,840,799,95.2,High
IDR-YE-OCC02356,2024-10-13,20:10,IDR008,840,813,96.8,High
IDR-YE-OCC02356,2024-10-13,20:36,IDR002,840,784,93.4,High
IDR-YE-OCC02357,2024-10-13,09:28,IDR013,840,729,86.8,High
IDR-YE-OCC02357,2024-10-13,09:57,IDR002,840,532,63.4,Medium
IDR-YE-OCC02357,2024-10-13,09:43,IDR005,840,569,67.8,Medium
IDR-YE-OCC02357,2024-10-13,09:48,IDR012,840,764,91.1,High
IDR-YE-OCC02357,2024-10-13,09:07,IDR007,840,536,63.9,Medium
IDR-YE-OCC02358,2024-10-13,09:35,IDR012,900,601,66.9,Medium
IDR-YE-OCC02358,2024-10-13,09:10,IDR015,900,686,76.3,Medium
IDR-YE-OCC02358,2024-10-13,09:43,IDR003,900,700,77.8,Medium
IDR-YE-OCC02359,2024-10-17,08:48,IDR005,840,872,103.9,High
IDR-YE-OCC02359,2024-10-17,08:28,IDR013,840,942,112.2,Critical
IDR-YE-OCC02359,2024-10-17,08:17,IDR015,840,639,76.1,Medium
IDR-YE-OCC02359,2024-10-17,08:04,IDR011,840,668,79.6,Medium
IDR-YE-OCC02359,2024-10-17,08:29,IDR012,840,825,98.3,High
IDR-YE-OCC02360,2024-10-17,08:51,IDR015,840,812,96.7,High
IDR-YE-OCC02360,2024-10-17,08:33,IDR006,840,917,109.3,Critical
IDR-YE-OCC02360,2024-10-17,08:54,IDR011,840,489,58.3,Medium
IDR-YE-OCC02360,2024-10-17,08:02,IDR005,840,845,100.7,High
IDR-YE-OCC02360,2024-10-17,08:47,IDR013,840,759,90.4,High
IDR-YE-OCC02361,2024-10-17,18:52,IDR003,840,772,92.0,High
IDR-YE-OCC02361,2024-10-17,18:30,IDR009,840,613,73.1,Medium
IDR-YE-OCC02361,2024-10-17,18:20,IDR006,840,602,71.8,Medium
IDR-YE-OCC02361,2024-10-17,18:56,IDR012,840,889,105.9,Critical
IDR-YE-OCC02361,2024-10-17,18:37,IDR014,840,556,66.3,Medium
IDR-YE-OCC02362,2024-10-21,06:44,IDR015,840,128,15.3,Low
IDR-YE-OCC02362,2024-10-21,06:40,IDR011,840,126,15.1,Low
IDR-YE-OCC02362,2024-10-21,06:54,IDR007,840,225,26.8,Low
IDR-YE-OCC02362,2024-10-21,06:04,IDR008,840,278,33.2,Low
IDR-YE-OCC02362,2024-10-21,06:55,IDR009,840,233,27.8,Low
IDR-YE-OCC02362,2024-10-21,06:57,IDR014,840,294,35.1,Low
IDR-YE-OCC02363,2024-10-21,23:01,IDR012,840,439,52.3,Medium
IDR-YE-OCC02363,2024-10-21,23:06,IDR006,840,487,58.0,Medium
IDR-YE-OCC02363,2024-10-21,23:42,IDR009,840,98,11.7,Low
IDR-YE-OCC02363,2024-10-21,23:52,IDR007,840,98,11.7,Low
IDR-YE-OCC02364,2024-10-21,23:38,IDR005,840,86,10.3,Low
IDR-YE-OCC02364,2024-10-21,23:49,IDR003,840,163,19.5,Low
IDR-YE-OCC02364,2024-10-21,23:09,IDR009,840,87,10.4,Low
IDR-YE-OCC02364,2024-10-21,23:26,IDR008,840,65,7.8,Low
IDR-YE-OCC02365,2024-10-25,19:57,IDR006,900,770,85.6,High
IDR-YE-OCC02365,2024-10-25,19:23,IDR008,900,1098,122.1,Critical
IDR-YE-OCC02365,2024-10-25,19:21,IDR001,900,826,91.8,High
IDR-YE-OCC02365,2024-10-25,19:43,IDR014,900,677,75.3,Medium
IDR-YE-OCC02366,2024-10-25,09:08,IDR013,1120,981,87.7,High
IDR-YE-OCC02366,2024-10-25,09:21,IDR010,1120,897,80.1,High
IDR-YE-OCC02366,2024-10-25,09:35,IDR005,1120,744,66.5,Medium
IDR-YE-OCC02366,2024-10-25,09:33,IDR014,1120,846,75.6,Medium
IDR-YE-OCC02367,2024-10-25,20:30,IDR004,840,511,60.9,Medium
IDR-YE-OCC02367,2024-10-25,20:56,IDR009,840,658,78.4,Medium
IDR-YE-OCC02367,2024-10-25,20:12,IDR013,840,703,83.7,High
IDR-YE-OCC02368,2024-10-29,17:33,IDR010,840,656,78.1,Medium
IDR-YE-OCC02368,2024-10-29,17:17,IDR007,840,507,60.5,Medium
IDR-YE-OCC02368,2024-10-29,17:16,IDR001,840,477,56.9,Medium
IDR-YE-OCC02368,2024-10-29,17:13,IDR005,840,391,46.6,Medium
IDR-YE-OCC02368,2024-10-29,17:09,IDR006,840,654,78.0,Medium
IDR-YE-OCC02369,2024-10-29,17:08,IDR004,1120,626,55.9,Medium
IDR-YE-OCC02369,2024-10-29,17:10,IDR001,1120,748,66.8,Medium
IDR-YE-OCC02369,2024-10-29,17:24,IDR007,1120,520,46.4,Medium
IDR-YE-OCC02370,2024-10-29,18:13,IDR003,900,907,100.9,High
IDR-YE-OCC02370,2024-10-29,18:29,IDR015,900,634,70.5,Medium
IDR-YE-OCC02370,2024-10-29,18:39,IDR002,900,857,95.3,High
IDR-YE-OCC02370,2024-10-29,18:51,IDR008,900,718,79.8,Medium
IDR-YE-OCC02370,2024-10-29,18:45,IDR009,900,909,101.0,High
IDR-YE-OCC02370,2024-10-29,18:33,IDR005,900,748,83.1,High
IDR-YE-OCC02371,2024-11-02,19:47,IDR003,1200,1357,113.1,Critical
IDR-YE-OCC02371,2024-11-02,19:31,IDR012,1200,1191,99.3,High
IDR-YE-OCC02371,2024-11-02,19:36,IDR010,1200,1209,100.8,High
IDR-YE-OCC02371,2024-11-02,19:30,IDR009,1200,1071,89.3,High
IDR-YE-OCC02371,2024-11-02,19:57,IDR008,1200,1198,99.9,High
IDR-YE-OCC02371,2024-11-02,19:36,IDR001,1200,1402,116.8,Critical
IDR-YE-OCC02372,2024-11-02,21:01,IDR005,1120,522,46.7,Medium
IDR-YE-OCC02372,2024-11-02,21:50,IDR013,1120,639,57.1,Medium
IDR-YE-OCC02372,2024-11-02,21:20,IDR010,1120,622,55.6,Medium
IDR-YE-OCC02372,2024-11-02,21:04,IDR001,1120,608,54.3,Medium
IDR-YE-OCC02372,2024-11-02,21:46,IDR004,1120,560,50.0,Medium
IDR-YE-OCC02372,2024-11-02,21:23,IDR011,1120,408,36.5,Low
IDR-YE-OCC02373,2024-11-02,17:58,IDR009,1200,778,64.9,Medium
IDR-YE-OCC02373,2024-11-02,17:44,IDR015,1200,699,58.3,Medium
IDR-YE-OCC02373,2024-11-02,17:08,IDR011,1200,802,66.9,Medium
IDR-YE-OCC02374,2024-11-06,20:19,IDR008,840,613,73.1,Medium
IDR-YE-OCC02374,2024-11-06,20:06,IDR012,840,642,76.4,Medium
IDR-YE-OCC02374,2024-11-06,20:39,IDR013,840,592,70.5,Medium
IDR-YE-OCC02374,2024-11-06,20:49,IDR004,840,612,72.9,Medium
IDR-YE-OCC02374,2024-11-06,20:05,IDR006,840,586,69.8,Medium
IDR-YE-OCC02374,2024-11-06,20:27,IDR009,840,689,82.1,High
IDR-YE-OCC02375,2024-11-06,08:56,IDR013,1200,1418,118.2,Critical
IDR-YE-OCC02375,2024-11-06,08:21,IDR009,1200,1107,92.3,High
IDR-YE-OCC02375,2024-11-06,08:44,IDR004,1200,1055,88.0,High
IDR-YE-OCC02376,2024-11-06,11:23,IDR010,900,514,57.1,Medium
IDR-YE-OCC02376,2024-11-06,11:38,IDR001,900,585,65.0,Medium
IDR-YE-OCC02376,2024-11-06,11:48,IDR011,900,423,47.0,Medium
IDR-YE-OCC02377,2024-11-10,23:08,IDR001,900,149,16.6,Low
IDR-YE-OCC02377,2024-11-10,23:36,IDR014,900,89,10.0,Low
IDR-YE-OCC02377,2024-11-10,23:41,IDR003,900,186,20.7,Low
IDR-YE-OCC02377,2024-11-10,23:49,IDR002,900,103,11.5,Low
IDR-YE-OCC02377,2024-11-10,23:54,IDR013,900,110,12.3,Low
IDR-YE-OCC02378,2024-11-10,18:37,IDR012,1200,849,70.8,Medium
IDR-YE-OCC02378,2024-11-10,18:01,IDR003,1200,796,66.4,Medium
IDR-YE-OCC02378,2024-11-10,18:11,IDR013,1200,816,68.1,Medium
IDR-YE-OCC02379,2024-11-10,09:52,IDR001,840,773,92.1,High
IDR-YE-OCC02379,2024-11-10,09:10,IDR009,840,767,91.4,High
IDR-YE-OCC02379,2024-11-10,09:03,IDR002,840,757,90.2,High
IDR-YE-OCC02379,2024-11-10,09:35,IDR006,840,790,94.1,High
IDR-YE-OCC02380,2024-11-14,20:18,IDR005,900,663,73.7,Medium
IDR-YE-OCC02380,2024-11-14,20:30,IDR011,900,783,87.1,High
IDR-YE-OCC02380,2024-11-14,20:28,IDR008,900,619,68.9,Medium
IDR-YE-OCC02380,2024-11-14,20:39,IDR006,900,696,77.4,Medium
IDR-YE-OCC02380,2024-11-14,20:31,IDR004,900,580,64.5,Medium
IDR-YE-OCC02381,2024-11-14,14:02,IDR004,900,187,20.8,Low
IDR-YE-OCC02381,2024-11-14,14:10,IDR007,900,133,14.8,Low
IDR-YE-OCC02381,2024-11-14,14:51,IDR012,900,673,74.8,Medium
IDR-YE-OCC02381,2024-11-14,14:03,IDR011,900,268,29.9,Low
IDR-YE-OCC02381,2024-11-14,14:33,IDR010,900,347,38.7,Low
IDR-YE-OCC02382,2024-11-14,18:30,IDR009,840,666,79.3,Medium
IDR-YE-OCC02382,2024-11-14,18:37,IDR011,840,562,67.0,Medium
IDR-YE-OCC02382,2024-11-14,18:23,IDR015,840,814,97.0,High
IDR-YE-OCC02382,2024-11-14,18:52,IDR001,840,530,63.2,Medium
IDR-YE-OCC02382,2024-11-14,18:40,IDR003,840,935,111.3,Critical
IDR-YE-OCC02383,2024-11-18,19:33,IDR010,1120,834,74.5,Medium
IDR-YE-OCC02383,2024-11-18,19:56,IDR008,1120,979,87.4,High
IDR-YE-OCC02383,2024-11-18,19:07,IDR013,1120,1247,111.4,Critical
IDR-YE-OCC02383,2024-11-18,19:26,IDR003,1120,1135,101.4,High
IDR-YE-OCC02383,2024-11-18,19:44,IDR006,1120,934,83.4,High
IDR-YE-OCC02383,2024-11-18,19:09,IDR009,1120,1150,102.7,High
IDR-YE-OCC02384,2024-11-18,18:32,IDR008,1200,996,83.0,High
IDR-YE-OCC02384,2024-11-18,18:31,IDR001,1200,981,81.8,High
IDR-YE-OCC02384,2024-11-18,18:53,IDR003,1200,1269,105.8,Critical
IDR-YE-OCC02384,2024-11-18,18:33,IDR009,1200,965,80.5,High
IDR-YE-OCC02384,2024-11-18,18:44,IDR014,1200,1003,83.6,High
IDR-YE-OCC02384,2024-11-18,18:27,IDR012,1200,1403,117.0,Critical
IDR-YE-OCC02385,2024-11-18,14:02,IDR006,900,800,88.9,High
IDR-YE-OCC02385,2024-11-18,14:19,IDR003,900,313,34.8,Low
IDR-YE-OCC02385,2024-11-18,14:23,IDR014,900,151,16.9,Low
IDR-YE-OCC02385,2024-11-18,14:27,IDR015,900,313,34.8,Low
IDR-YE-OCC02386,2024-11-22,10:35,IDR005,900,430,47.8,Medium
IDR-YE-OCC02386,2024-11-22,10:47,IDR013,900,510,56.7,Medium
IDR-YE-OCC02386,2024-11-22,10:12,IDR010,900,868,96.5,High
IDR-YE-OCC02387,2024-11-22,23:27,IDR006,840,350,41.8,Low
IDR-YE-OCC02387,2024-11-22,23:54,IDR012,840,546,65.1,Medium
IDR-YE-OCC02387,2024-11-22,23:44,IDR011,840,187,22.3,Low
IDR-YE-OCC02387,2024-11-22,23:56,IDR005,840,104,12.4,Low
IDR-YE-OCC02387,2024-11-22,23:14,IDR003,840,203,24.2,Low
IDR-YE-OCC02387,2024-11-22,23:17,IDR009,840,61,7.3,Low
IDR-YE-OCC02388,2024-11-22,18:49,IDR009,840,579,69.0,Medium
IDR-YE-OCC02388,2024-11-22,18:34,IDR014,840,533,63.5,Medium
IDR-YE-OCC02388,2024-11-22,18:44,IDR007,840,621,74.0,Medium
IDR-YE-OCC02388,2024-11-22,18:57,IDR002,840,879,104.7,High
IDR-YE-OCC02388,2024-11-22,18:37,IDR008,840,606,72.2,Medium
IDR-YE-OCC02389,2024-11-26,21:14,IDR014,840,348,41.4,Low
IDR-YE-OCC02389,2024-11-26,21:31,IDR001,840,491,58.6,Medium
IDR-YE-OCC02389,2024-11-26,21:02,IDR005,840,381,45.4,Medium
IDR-YE-OCC02389,2024-11-26,21:07,IDR008,840,311,37.1,Low
IDR-YE-OCC02390,2024-11-26,19:28,IDR015,1120,1053,94.1,High
IDR-YE-OCC02390,2024-11-26,19:08,IDR007,1120,1021,91.2,High
IDR-YE-OCC02390,2024-11-26,19:15,IDR014,1120,1308,116.9,Critical
IDR-YE-OCC02391,2024-11-26,07:23,IDR001,840,257,30.7,Low
IDR-YE-OCC02391,2024-11-26,07:15,IDR007,840,637,75.9,Medium
IDR-YE-OCC02391,2024-11-26,07:45,IDR002,840,650,77.5,Medium
IDR-YE-OCC02392,2024-11-30,13:17,IDR007,900,159,17.7,Low
IDR-YE-OCC02392,2024-11-30,13:06,IDR006,900,511,56.8,Medium
IDR-YE-OCC02392,2024-11-30,13:01,IDR005,900,222,24.7,Low
IDR-YE-OCC02393,2024-11-30,08:16,IDR004,840,949,113.1,Critical
IDR-YE-OCC02393,2024-11-30,08:40,IDR007,840,940,112.0,Critical
IDR-YE-OCC02393,2024-11-30,08:31,IDR003,840,576,68.6,Medium
IDR-YE-OCC02393,2024-11-30,08:23,IDR006,840,606,72.2,Medium
IDR-YE-OCC02393,2024-11-30,08:31,IDR008,840,924,110.1,Critical
IDR-YE-OCC02394,2024-11-30,05:05,IDR007,1200,85,7.1,Low
IDR-YE-OCC02394,2024-11-30,05:10,IDR009,1200,102,8.5,Low
IDR-YE-OCC02394,2024-11-30,05:14,IDR001,1200,105,8.8,Low
IDR-YE-OCC02394,2024-11-30,05:15,IDR002,1200,146,12.2,Low
IDR-YE-OCC02394,2024-11-30,05:10,IDR005,1200,114,9.6,Low
IDR-YE-OCC02394,2024-11-30,05:07,IDR012,1200,491,40.9,Low
IDR-YE-OCC02395,2024-12-04,22:24,IDR014,1120,390,34.8,Low
IDR-YE-OCC02395,2024-12-04,22:52,IDR013,1120,262,23.5,Low
IDR-YE-OCC02395,2024-12-04,22:52,IDR002,1120,411,36.7,Low
IDR-YE-OCC02395,2024-12-04,22:11,IDR001,1120,392,35.1,Low
IDR-YE-OCC02395,2024-12-04,22:54,IDR010,1120,270,24.1,Low
IDR-YE-OCC02396,2024-12-04,12:17,IDR013,900,206,22.9,Low
IDR-YE-OCC02396,2024-12-04,12:44,IDR001,900,290,32.3,Low
IDR-YE-OCC02396,2024-12-04,12:44,IDR005,900,131,14.6,Low
IDR-YE-OCC02396,2024-12-04,12:44,IDR010,900,347,38.6,Low
IDR-YE-OCC02396,2024-12-04,12:25,IDR006,900,520,57.8,Medium
IDR-YE-OCC02396,2024-12-04,12:02,IDR002,900,147,16.4,Low
IDR-YE-OCC02397,2024-12-04,12:41,IDR005,840,121,14.5,Low
IDR-YE-OCC02397,2024-12-04,12:10,IDR008,840,183,21.8,Low
IDR-YE-OCC02397,2024-12-04,12:27,IDR013,840,134,16.1,Low
IDR-YE-OCC02398,2024-12-08,08:07,IDR001,900,760,84.5,High
IDR-YE-OCC02398,2024-12-08,08:27,IDR012,900,689,76.6,Medium
IDR-YE-OCC02398,2024-12-08,08:17,IDR004,900,1043,115.9,Critical
IDR-YE-OCC02398,2024-12-08,08:44,IDR002,900,933,103.7,High
IDR-YE-OCC02398,2024-12-08,08:50,IDR009,900,1097,121.9,Critical
IDR-YE-OCC02398,2024-12-08,08:26,IDR011,900,750,83.3,High
IDR-YE-OCC02399,2024-12-08,05:06,IDR009,840,69,8.3,Low
IDR-YE-OCC02399,2024-12-08,05:44,IDR005,840,90,10.8,Low
IDR-YE-OCC02399,2024-12-08,05:46,IDR012,840,402,47.9,Medium
IDR-YE-OCC02399,2024-12-08,05:41,IDR013,840,91,10.9,Low
IDR-YE-OCC02399,2024-12-08,05:12,IDR004,840,60,7.3,Low
IDR-YE-OCC02400,2024-12-08,09:08,IDR002,900,573,63.7,Medium
IDR-YE-OCC02400,2024-12-08,09:02,IDR006,900,797,88.7,High
IDR-YE-OCC02400,2024-12-08,09:41,IDR004,900,670,74.5,Medium
IDR-YE-OCC02400,2024-12-08,09:11,IDR013,900,754,83.8,High
IDR-YE-OCC02400,2024-12-08,09:33,IDR003,900,942,104.7,High
IDR-YE-OCC02400,2024-12-08,09:03,IDR007,900,883,98.2,High
IDR-YE-OCC02401,2024-12-12,19:43,IDR013,1120,1035,92.4,High
IDR-YE-OCC02401,2024-12-12,19:51,IDR008,1120,1310,117.0,Critical
IDR-YE-OCC02401,2024-12-12,19:49,IDR015,1120,1271,113.5,Critical
IDR-YE-OCC02401,2024-12-12,19:17,IDR014,1120,961,85.9,High
IDR-YE-OCC02401,2024-12-12,19:01,IDR005,1120,881,78.7,Medium
IDR-YE-OCC02401,2024-12-12,19:52,IDR001,1120,787,70.3,Medium
IDR-YE-OCC02402,2024-12-12,08:12,IDR009,1200,1222,101.9,High
IDR-YE-OCC02402,2024-12-12,08:29,IDR011,1200,632,52.7,Medium
IDR-YE-OCC02402,2024-12-12,08:13,IDR004,1200,1323,110.3,Critical
IDR-YE-OCC02402,2024-12-12,08:55,IDR012,1200,737,61.5,Medium
IDR-YE-OCC02403,2024-12-12,19:33,IDR010,1120,1050,93.8,High
IDR-YE-OCC02403,2024-12-12,19:33,IDR013,1120,1099,98.1,High
IDR-YE-OCC02403,2024-12-12,19:45,IDR008,1120,1172,104.7,High
IDR-YE-OCC02404,2024-12-16,08:54,IDR003,900,625,69.6,Medium
IDR-YE-OCC02404,2024-12-16,08:39,IDR012,900,887,98.6,High
IDR-YE-OCC02404,2024-12-16,08:43,IDR002,900,867,96.4,High
IDR-YE-OCC02405,2024-12-16,16:38,IDR005,840,295,35.2,Low
IDR-YE-OCC02405,2024-12-16,16:20,IDR003,840,307,36.5,Low
IDR-YE-OCC02405,2024-12-16,16:56,IDR002,840,255,30.4,Low
IDR-YE-OCC02405,2024-12-16,16:07,IDR012,840,823,98.1,High
IDR-YE-OCC02406,2024-12-16,07:37,IDR011,1200,473,39.4,Low
IDR-YE-OCC02406,2024-12-16,07:33,IDR010,1200,365,30.5,Low
IDR-YE-OCC02406,2024-12-16,07:35,IDR001,1200,596,49.7,Medium
IDR-YE-OCC02407,2024-12-20,13:17,IDR011,900,302,33.7,Low
IDR-YE-OCC02407,2024-12-20,13:05,IDR013,900,186,20.7,Low
IDR-YE-OCC02407,2024-12-20,13:23,IDR009,900,189,21.1,Low
IDR-YE-OCC02407,2024-12-20,13:52,IDR007,900,190,21.1,Low
IDR-YE-OCC02407,2024-12-20,13:32,IDR015,900,345,38.4,Low
IDR-YE-OCC02408,2024-12-20,10:17,IDR002,1120,495,44.3,Low
IDR-YE-OCC02408,2024-12-20,10:18,IDR006,1120,770,68.8,Medium
IDR-YE-OCC02408,2024-12-20,10:31,IDR001,1120,805,71.9,Medium
IDR-YE-OCC02408,2024-12-20,10:57,IDR003,1120,1112,99.3,High
IDR-YE-OCC02409,2024-12-20,18:47,IDR012,900,812,90.3,High
IDR-YE-OCC02409,2024-12-20,18:39,IDR013,900,673,74.8,Medium
IDR-YE-OCC02409,2024-12-20,18:40,IDR009,900,781,86.8,High
IDR-YE-OCC02410,2024-12-24,07:28,IDR009,840,455,54.2,Medium
IDR-YE-OCC02410,2024-12-24,07:15,IDR013,840,505,60.1,Medium
IDR-YE-OCC02410,2024-12-24,07:50,IDR003,840,378,45.0,Medium
IDR-YE-OCC02411,2024-12-24,22:25,IDR012,900,737,81.9,High
IDR-YE-OCC02411,2024-12-24,22:08,IDR011,900,326,36.2,Low
IDR-YE-OCC02411,2024-12-24,22:05,IDR007,900,324,36.1,Low
IDR-YE-OCC02411,2024-12-24,22:33,IDR003,900,304,33.9,Low
IDR-YE-OCC02411,2024-12-24,22:23,IDR002,900,319,35.5,Low
IDR-YE-OCC02411,2024-12-24,22:38,IDR005,900,291,32.4,Low
IDR-YE-OCC02412,2024-12-24,08:00,IDR010,1120,1054,94.1,High
IDR-YE-OCC02412,2024-12-24,08:00,IDR009,1120,1223,109.3,Critical
IDR-YE-OCC02412,2024-12-24,08:39,IDR002,1120,1388,123.9,Critical
IDR-YE-OCC02412,2024-12-24,08:56,IDR001,1120,620,55.4,Medium
IDR-YE-OCC02412,2024-12-24,08:39,IDR006,1120,1193,106.5,Critical
IDR-YE-OCC02413,2024-12-28,13:46,IDR014,840,171,20.4,Low
IDR-YE-OCC02413,2024-12-28,13:56,IDR003,840,261,31.1,Low
IDR-YE-OCC02413,2024-12-28,13:21,IDR004,840,133,15.9,Low
IDR-YE-OCC02414,2024-12-28,06:09,IDR011,1120,251,22.4,Low
IDR-YE-OCC02414,2024-12-28,06:28,IDR003,1120,250,22.4,Low
IDR-YE-OCC02414,2024-12-28,06:22,IDR006,1120,596,53.3,Medium
IDR-YE-OCC02414,2024-12-28,06:04,IDR012,1120,926,82.7,High
IDR-YE-OCC02414,2024-12-28,06:40,IDR010,1120,178,15.9,Low
IDR-YE-OCC02414,2024-12-28,06:08,IDR001,1120,226,20.3,Low
IDR-YE-OCC02415,2024-12-28,09:09,IDR012,1120,746,66.6,Medium
IDR-YE-OCC02415,2024-12-28,09:46,IDR008,1120,1091,97.4,High
IDR-YE-OCC02415,2024-12-28,09:00,IDR009,1120,998,89.2,High
